{"credit":"Made with Blockbench","texture_size":[32,32],"textures":{"0":"custom/aether/decoration/archeology/blueberry_basket","particle":"custom/aether/decoration/archeology/blueberry_basket"},"elements":[{"from":[2,0,2],"to":[14,8,14],"rotation":{"angle":0,"axis":"y","origin":[2,0,2]},"faces":{"north":{"uv":[0,6,6,10],"texture":"#0"},"east":{"uv":[0,6,6,10],"texture":"#0"},"south":{"uv":[0,6,6,10],"texture":"#0"},"west":{"uv":[0,6,6,10],"texture":"#0"},"up":{"uv":[0,0,6,6],"texture":"#0"},"down":{"uv":[0,10,6,16],"texture":"#0"}}},{"from":[0,6,7],"to":[2,15,9],"rotation":{"angle":0,"axis":"y","origin":[0,6,7]},"faces":{"north":{"uv":[13,1.5,14,6],"texture":"#0"},"east":{"uv":[13,1.5,13.5,6],"texture":"#0"},"south":{"uv":[14,1.5,13,6],"texture":"#0"},"west":{"uv":[13.5,1.5,14,6],"texture":"#0"},"up":{"uv":[13,1.5,13.5,2.5],"rotation":90,"texture":"#0"},"down":{"uv":[14,5.5,13,6],"texture":"#0"}}},{"from":[2,13,7],"to":[4,15,9],"rotation":{"angle":0,"axis":"y","origin":[2,6,7]},"faces":{"north":{"uv":[12,1.5,13,2.5],"texture":"#0"},"south":{"uv":[12,1.5,13,2.5],"texture":"#0"},"up":{"uv":[12,1.5,13,2],"texture":"#0"},"down":{"uv":[12,2,13,2.5],"texture":"#0"}}},{"from":[14,6,7],"to":[16,15,9],"rotation":{"angle":0,"axis":"y","origin":[16,6,7]},"faces":{"north":{"uv":[14,1.5,13,6],"texture":"#0"},"east":{"uv":[14,1.5,13.5,6],"texture":"#0"},"south":{"uv":[13,1.5,14,6],"texture":"#0"},"west":{"uv":[13.5,1.5,13,6],"texture":"#0"},"up":{"uv":[13,2.5,13.5,1.5],"rotation":90,"texture":"#0"},"down":{"uv":[13,5.5,14,6],"texture":"#0"}}},{"from":[12,13,7],"to":[14,15,9],"rotation":{"angle":0,"axis":"y","origin":[14,6,7]},"faces":{"north":{"uv":[13,1.5,12,2.5],"texture":"#0"},"south":{"uv":[13,1.5,12,2.5],"texture":"#0"},"up":{"uv":[13,1.5,12,2],"texture":"#0"},"down":{"uv":[13,2,12,2.5],"texture":"#0"}}},{"from":[4,13,7],"to":[12,18,9],"rotation":{"angle":0,"axis":"y","origin":[4,6,7]},"faces":{"north":{"uv":[8,0,12,2.5],"texture":"#0"},"east":{"uv":[8,0,8.5,2.5],"texture":"#0"},"south":{"uv":[8,0,12,2.5],"texture":"#0"},"west":{"uv":[11.5,0,12,2.5],"texture":"#0"},"up":{"uv":[8,0,12,0.5],"texture":"#0"},"down":{"uv":[8,2,12,2.5],"texture":"#0"}}},{"from":[10,7,3],"to":[13,10,6],"rotation":{"angle":0,"axis":"y","origin":[11.5,8.5,4.5]},"faces":{"north":{"uv":[10.5,7,12,8.5],"texture":"#0","tintindex":1},"east":{"uv":[9,7,10.5,8.5],"texture":"#0","tintindex":1},"south":{"uv":[12,7,10.5,8.5],"texture":"#0","tintindex":1},"west":{"uv":[10.5,7,12,8.5],"texture":"#0","tintindex":1},"up":{"uv":[9,5.5,10.5,7],"rotation":270,"texture":"#0","tintindex":1},"down":{"uv":[9,8,10.5,8.5],"rotation":270,"texture":"#0","tintindex":1}}},{"from":[7,8,4],"to":[10,11,7],"rotation":{"angle":-22.5,"axis":"x","origin":[8.5,8,5.5]},"faces":{"north":{"uv":[6,7,7.5,8.5],"texture":"#0","tintindex":1},"east":{"uv":[9,7,7.5,8.5],"texture":"#0","tintindex":1},"south":{"uv":[7.5,7,9,8.5],"texture":"#0","tintindex":1},"west":{"uv":[7.5,7,9,8.5],"texture":"#0","tintindex":1},"up":{"uv":[6,5.5,7.5,7],"rotation":180,"texture":"#0","tintindex":1},"down":{"uv":[6,8,7.5,8.5],"texture":"#0","tintindex":1}}},{"from":[3,7,3],"to":[6,10,6],"rotation":{"angle":22.5,"axis":"y","origin":[4.5,8.5,4.5]},"faces":{"north":{"uv":[6,7,7.5,8.5],"texture":"#0","tintindex":1},"east":{"uv":[9,7,7.5,8.5],"texture":"#0","tintindex":1},"south":{"uv":[7.5,7,9,8.5],"texture":"#0","tintindex":1},"west":{"uv":[7.5,7,9,8.5],"texture":"#0","tintindex":1},"up":{"uv":[6,5.5,7.5,7],"rotation":180,"texture":"#0","tintindex":1},"down":{"uv":[6,8,7.5,8.5],"texture":"#0","tintindex":1}}},{"from":[4,7,6],"to":[7,10,9],"rotation":{"angle":0,"axis":"y","origin":[5.5,8.5,7.5]},"faces":{"north":{"uv":[12,7,10.5,8.5],"texture":"#0","tintindex":1},"east":{"uv":[10.5,7,12,8.5],"texture":"#0","tintindex":1},"south":{"uv":[10.5,7,12,8.5],"texture":"#0","tintindex":1},"west":{"uv":[9,7,10.5,8.5],"texture":"#0","tintindex":1},"up":{"uv":[9,5.5,10.5,7],"rotation":90,"texture":"#0","tintindex":1},"down":{"uv":[9,8,10.5,8.5],"rotation":90,"texture":"#0","tintindex":1}}},{"from":[3,6,10],"to":[6,9,13],"rotation":{"angle":0,"axis":"y","origin":[4.5,7.5,11.5]},"faces":{"north":{"uv":[10.5,7,12,8.5],"texture":"#0","tintindex":1},"east":{"uv":[10.5,7,12,8.5],"texture":"#0","tintindex":1},"south":{"uv":[9,7,10.5,8.5],"texture":"#0","tintindex":1},"west":{"uv":[12,7,10.5,8.5],"texture":"#0","tintindex":1},"up":{"uv":[9,5.5,10.5,7],"texture":"#0","tintindex":1},"down":{"uv":[9,8,10.5,8.5],"rotation":180,"texture":"#0","tintindex":1}}},{"from":[6,7,9],"to":[9,10,12],"rotation":{"angle":-45,"axis":"y","origin":[7.5,8.5,10.5]},"faces":{"north":{"uv":[7.5,7,9,8.5],"texture":"#0","tintindex":1},"east":{"uv":[6,7,7.5,8.5],"texture":"#0","tintindex":1},"south":{"uv":[9,7,7.5,8.5],"texture":"#0","tintindex":1},"west":{"uv":[7.5,7,9,8.5],"texture":"#0","tintindex":1},"up":{"uv":[6,5.5,7.5,7],"rotation":270,"texture":"#0","tintindex":1},"down":{"uv":[6,8,7.5,8.5],"rotation":270,"texture":"#0","tintindex":1}}},{"from":[9,8,7],"to":[12,11,10],"rotation":{"angle":-22.5,"axis":"z","origin":[10.5,8.5,8.5]},"faces":{"north":{"uv":[6,7,7.5,8.5],"texture":"#0","tintindex":1},"east":{"uv":[9,7,7.5,8.5],"texture":"#0","tintindex":1},"south":{"uv":[7.5,7,9,8.5],"texture":"#0","tintindex":1},"west":{"uv":[7.5,7,9,8.5],"texture":"#0","tintindex":1},"up":{"uv":[6,5.5,7.5,7],"rotation":180,"texture":"#0","tintindex":1},"down":{"uv":[6,8,7.5,8.5],"texture":"#0","tintindex":1}}},{"from":[10,7,10],"to":[13,10,13],"rotation":{"angle":0,"axis":"y","origin":[11.5,8.5,11.5]},"faces":{"north":{"uv":[10.5,7,12,8.5],"texture":"#0","tintindex":1},"east":{"uv":[9,7,10.5,8.5],"texture":"#0","tintindex":1},"south":{"uv":[12,7,10.5,8.5],"texture":"#0","tintindex":1},"west":{"uv":[10.5,7,12,8.5],"texture":"#0","tintindex":1},"up":{"uv":[9,5.5,10.5,7],"rotation":270,"texture":"#0","tintindex":1},"down":{"uv":[9,8,10.5,8.5],"rotation":270,"texture":"#0","tintindex":1}}},{"from":[12,8,6.5],"to":[16,12,6.5],"rotation":{"angle":22.5,"axis":"y","origin":[12,8,6.5]},"faces":{"north":{"uv":[7.5,8.5,9.5,10.5],"texture":"#0"},"south":{"uv":[9.5,8.5,7.5,10.5],"texture":"#0"}}},{"from":[8.5,8,11.75],"to":[12.5,12,11.75],"rotation":{"angle":-45,"axis":"y","origin":[8.5,8,11.75]},"faces":{"north":{"uv":[7.5,8.5,9.5,10.5],"texture":"#0"},"south":{"uv":[9.5,8.5,7.5,10.5],"texture":"#0"}}},{"from":[4,8,3],"to":[7,11,3],"rotation":{"angle":-45,"axis":"y","origin":[7,8,3]},"faces":{"north":{"uv":[7.5,9,6,10.5],"texture":"#0"},"south":{"uv":[6,9,7.5,10.5],"texture":"#0"}}},{"from":[1,8,9],"to":[4,11,9],"rotation":{"angle":22.5,"axis":"y","origin":[4,8,9]},"faces":{"north":{"uv":[7.5,9,6,10.5],"texture":"#0"},"south":{"uv":[6,9,7.5,10.5],"texture":"#0"}}}],"display":{"thirdperson_righthand":{"rotation":[65,-81,0],"translation":[0,-3.5,-3],"scale":[0.55,0.55,0.55]},"thirdperson_lefthand":{"rotation":[65,-81,0],"translation":[0,-3.5,-3],"scale":[0.55,0.55,0.55]},"firstperson_righthand":{"rotation":[0,126,0],"translation":[10,-2.5,-13]},"firstperson_lefthand":{"rotation":[0,126,0],"translation":[10,-2.5,-13]},"ground":{"translation":[0,4.25,0],"scale":[0.4,0.4,0.4]},"gui":{"rotation":[30,-45,0],"translation":[0,0.25,0],"scale":[0.7,0.7,0.7]},"fixed":{"rotation":[90,0,0],"translation":[0,0,-16],"scale":[2,2,2]}}}