{"credit":"Made with Blockbench","texture_size":[64,64],"textures":{"0":"custom/aether/decoration/archeology/blueberry_planter","particle":"custom/aether/decoration/archeology/blueberry_planter"},"elements":[{"from":[1,-16,1],"to":[15,-12,15],"rotation":{"angle":0,"axis":"y","origin":[1,-16,1]},"faces":{"north":{"uv":[0.25,7,3.75,8],"texture":"#0"},"east":{"uv":[0.25,7,3.75,8],"texture":"#0"},"south":{"uv":[0.25,7,3.75,8],"texture":"#0"},"west":{"uv":[0.25,7,3.75,8],"texture":"#0"},"up":{"uv":[0.25,8,3.75,11.5],"texture":"#0"}}},{"name":"cube inverted","from":[15,-13,15],"to":[1,-16,1],"rotation":{"angle":0,"axis":"y","origin":[1,-12,1]},"faces":{"north":{"uv":[0.25,8,3.75,7.25],"texture":"#0"},"east":{"uv":[0.25,8,3.75,7.25],"texture":"#0"},"south":{"uv":[0.25,8,3.75,7.25],"texture":"#0"},"west":{"uv":[0.25,8,3.75,7.25],"texture":"#0"},"down":{"uv":[7.25,11.5,3.75,8],"texture":"#0"}}},{"from":[3,-12,3],"to":[13,-10,13],"rotation":{"angle":0,"axis":"y","origin":[3,-12,3]},"faces":{"north":{"uv":[0.75,6.5,3.25,7],"texture":"#0"},"east":{"uv":[0.75,6.5,3.25,7],"texture":"#0"},"south":{"uv":[0.75,6.5,3.25,7],"texture":"#0"},"west":{"uv":[0.75,6.5,3.25,7],"texture":"#0"}}},{"from":[1,-10,1],"to":[15,-2,15],"rotation":{"angle":0,"axis":"y","origin":[1,-10,1]},"faces":{"north":{"uv":[0.25,4.5,3.75,6.5],"texture":"#0"},"east":{"uv":[0.25,4.5,3.75,6.5],"texture":"#0"},"south":{"uv":[0.25,4.5,3.75,6.5],"texture":"#0"},"west":{"uv":[0.25,4.5,3.75,6.5],"texture":"#0"},"up":{"uv":[8,0,11.5,3.5],"texture":"#0"},"down":{"uv":[7.5,4,4,7.5],"texture":"#0"}}},{"from":[0,-2,0],"to":[16,0,16],"rotation":{"angle":0,"axis":"y","origin":[1,-2,1]},"faces":{"north":{"uv":[0,4,4,4.5],"texture":"#0"},"east":{"uv":[0,4,4,4.5],"texture":"#0"},"south":{"uv":[0,4,4,4.5],"texture":"#0"},"west":{"uv":[0,4,4,4.5],"texture":"#0"},"up":{"uv":[0,0,4,4],"texture":"#0"},"down":{"uv":[8,0,4,4],"texture":"#0"}}},{"from":[1,3,1],"to":[15,16,15],"rotation":{"angle":0,"axis":"y","origin":[1,4,1]},"faces":{"north":{"uv":[8,7,11.5,10.25],"texture":"#0"},"east":{"uv":[8,7,11.5,10.25],"texture":"#0"},"south":{"uv":[8,7,11.5,10.25],"texture":"#0"},"west":{"uv":[8,7,11.5,10.25],"texture":"#0"},"up":{"uv":[8,3.5,11.5,7],"texture":"#0"}}},{"name":"cube inverted","from":[15,16,15],"to":[1,3,1],"rotation":{"angle":0,"axis":"y","origin":[1,4,1]},"faces":{"north":{"uv":[8,10.25,11.5,7],"texture":"#0"},"east":{"uv":[8,10.25,11.5,7],"texture":"#0"},"south":{"uv":[8,10.25,11.5,7],"texture":"#0"},"west":{"uv":[8,10.25,11.5,7],"texture":"#0"},"down":{"uv":[11.5,3.5,8,7],"texture":"#0"}}},{"name":"cube inverted","from":[13,0,13],"to":[3,-2,3],"rotation":{"angle":0,"axis":"y","origin":[1,-2,1]},"faces":{"north":{"uv":[4,4.25,4.5,3.75],"texture":"#0"},"east":{"uv":[4,4.25,4.5,3.75],"texture":"#0"},"south":{"uv":[4,4.25,4.5,3.75],"texture":"#0"},"west":{"uv":[4,4.25,4.5,3.75],"texture":"#0"}}},{"from":[-5,0,8],"to":[21,19,8],"rotation":{"angle":45,"axis":"y","origin":[8,9,8]},"faces":{"north":{"uv":[14.5,10.25,8,15],"texture":"#0"},"south":{"uv":[14.5,10.25,8,15],"texture":"#0"}}},{"from":[-5,0,8],"to":[21,19,8],"rotation":{"angle":-45,"axis":"y","origin":[8,9,8]},"faces":{"north":{"uv":[14.5,10.25,8,15],"texture":"#0"},"south":{"uv":[14.5,10.25,8,15],"texture":"#0"}}},{"from":[-5,0,8],"to":[21,19,8],"rotation":{"angle":45,"axis":"y","origin":[8,9,8]},"faces":{"north":{"uv":[14.5,10.25,8,15],"texture":"#0"},"south":{"uv":[14.5,10.25,8,15],"texture":"#0"}}},{"from":[6,-2,6],"to":[10,4,10],"rotation":{"angle":0,"axis":"y","origin":[6,0,6]},"faces":{"north":{"uv":[11.5,1,12.5,2.5],"texture":"#0"},"east":{"uv":[12.5,1,11.5,2.5],"texture":"#0"},"south":{"uv":[11.5,1,12.5,2.5],"texture":"#0"},"west":{"uv":[12.5,1,11.5,2.5],"texture":"#0"},"up":{"uv":[11.5,0,12.5,1],"texture":"#0"}}},{"from":[11,10,0],"to":[14,13,3],"rotation":{"angle":-22.5,"axis":"y","origin":[12.5,11.5,1.5]},"faces":{"north":{"uv":[12.25,4.25,11.5,3.5],"texture":"#0","tintindex":1},"east":{"uv":[13,4.25,12.25,5],"rotation":90,"texture":"#0","tintindex":1},"south":{"uv":[12.25,5,11.5,4.75],"rotation":180,"texture":"#0","tintindex":1},"west":{"uv":[13,4.25,12.25,5],"rotation":270,"texture":"#0","tintindex":1},"up":{"uv":[12.25,4.25,11.5,5],"texture":"#0","tintindex":1},"down":{"uv":[13,4.25,12.25,5],"rotation":180,"texture":"#0","tintindex":1}}},{"from":[9,6,-1],"to":[12,9,2],"rotation":{"angle":-22.5,"axis":"x","origin":[10.5,7.5,0.5]},"faces":{"north":{"uv":[13.75,4.25,13,3.5],"texture":"#0","tintindex":1},"east":{"uv":[14.5,4.25,13.75,5],"rotation":90,"texture":"#0","tintindex":1},"south":{"uv":[13.75,5,13,4.75],"rotation":180,"texture":"#0","tintindex":1},"west":{"uv":[14.5,4.25,13.75,5],"rotation":270,"texture":"#0","tintindex":1},"up":{"uv":[13.75,4.25,13,5],"texture":"#0","tintindex":1},"down":{"uv":[14.5,4.25,13.75,5],"rotation":180,"texture":"#0","tintindex":1}}},{"from":[3,4,0],"to":[6,7,3],"rotation":{"angle":0,"axis":"z","origin":[4.5,5.5,1.5]},"faces":{"north":{"uv":[13,4.25,13.75,3.5],"texture":"#0","tintindex":1},"east":{"uv":[13.75,4.25,14.5,5],"rotation":90,"texture":"#0","tintindex":1},"south":{"uv":[13,5,13.75,4.75],"rotation":180,"texture":"#0","tintindex":1},"west":{"uv":[13.75,4.25,14.5,5],"rotation":270,"texture":"#0","tintindex":1},"up":{"uv":[13,4.25,13.75,5],"texture":"#0","tintindex":1},"down":{"uv":[13.75,4.25,14.5,5],"rotation":180,"texture":"#0","tintindex":1}}},{"from":[2,12,-1],"to":[5,15,2],"rotation":{"angle":22.5,"axis":"y","origin":[3.5,13.5,0.5]},"faces":{"north":{"uv":[11.5,4.25,12.25,3.5],"texture":"#0","tintindex":1},"east":{"uv":[12.25,4.25,13,5],"rotation":90,"texture":"#0","tintindex":1},"south":{"uv":[11.5,5,12.25,4.75],"rotation":180,"texture":"#0","tintindex":1},"west":{"uv":[12.25,4.25,13,5],"rotation":270,"texture":"#0","tintindex":1},"up":{"uv":[11.5,4.25,12.25,5],"texture":"#0","tintindex":1},"down":{"uv":[12.25,4.25,13,5],"rotation":180,"texture":"#0","tintindex":1}}},{"from":[2,10,13],"to":[5,13,16],"rotation":{"angle":-22.5,"axis":"y","origin":[3.5,11.5,14.5]},"faces":{"north":{"uv":[12.25,5,11.5,4.75],"rotation":180,"texture":"#0","tintindex":1},"east":{"uv":[13,4.25,12.25,5],"rotation":270,"texture":"#0","tintindex":1},"south":{"uv":[12.25,4.25,11.5,3.5],"texture":"#0","tintindex":1},"west":{"uv":[13,4.25,12.25,5],"rotation":90,"texture":"#0","tintindex":1},"up":{"uv":[11.5,5,12.25,4.25],"texture":"#0","tintindex":1},"down":{"uv":[12.25,5,13,4.25],"rotation":180,"texture":"#0","tintindex":1}}},{"from":[4,6,14],"to":[7,9,17],"rotation":{"angle":22.5,"axis":"x","origin":[5.5,7.5,15.5]},"faces":{"north":{"uv":[13.75,5,13,4.75],"rotation":180,"texture":"#0","tintindex":1},"east":{"uv":[14.5,4.25,13.75,5],"rotation":270,"texture":"#0","tintindex":1},"south":{"uv":[13.75,4.25,13,3.5],"texture":"#0","tintindex":1},"west":{"uv":[14.5,4.25,13.75,5],"rotation":90,"texture":"#0","tintindex":1},"up":{"uv":[13,5,13.75,4.25],"texture":"#0","tintindex":1},"down":{"uv":[13.75,5,14.5,4.25],"rotation":180,"texture":"#0","tintindex":1}}},{"from":[10,4,14],"to":[13,7,17],"rotation":{"angle":0,"axis":"z","origin":[11.5,5.5,15.5]},"faces":{"north":{"uv":[13,5,13.75,4.75],"rotation":180,"texture":"#0","tintindex":1},"east":{"uv":[13.75,4.25,14.5,5],"rotation":270,"texture":"#0","tintindex":1},"south":{"uv":[13,4.25,13.75,3.5],"texture":"#0","tintindex":1},"west":{"uv":[13.75,4.25,14.5,5],"rotation":90,"texture":"#0","tintindex":1},"up":{"uv":[13.75,5,13,4.25],"texture":"#0","tintindex":1},"down":{"uv":[14.5,5,13.75,4.25],"rotation":180,"texture":"#0","tintindex":1}}},{"from":[11,12,14],"to":[14,15,17],"rotation":{"angle":22.5,"axis":"y","origin":[12.5,13.5,15.5]},"faces":{"north":{"uv":[11.5,5,12.25,4.75],"rotation":180,"texture":"#0","tintindex":1},"east":{"uv":[12.25,4.25,13,5],"rotation":270,"texture":"#0","tintindex":1},"south":{"uv":[11.5,4.25,12.25,3.5],"texture":"#0","tintindex":1},"west":{"uv":[12.25,4.25,13,5],"rotation":90,"texture":"#0","tintindex":1},"up":{"uv":[12.25,5,11.5,4.25],"texture":"#0","tintindex":1},"down":{"uv":[13,5,12.25,4.25],"rotation":180,"texture":"#0","tintindex":1}}},{"from":[14,8,2],"to":[17,11,5],"rotation":{"angle":0,"axis":"z","origin":[15.5,9.5,3.5]},"faces":{"north":{"uv":[13.75,4.25,14.5,5],"rotation":270,"texture":"#0","tintindex":1},"east":{"uv":[13,4.25,13.75,3.5],"texture":"#0","tintindex":1},"south":{"uv":[13.75,4.25,14.5,5],"rotation":90,"texture":"#0","tintindex":1},"west":{"uv":[13,5,13.75,4.75],"rotation":180,"texture":"#0","tintindex":1},"up":{"uv":[13,4.25,13.75,5],"rotation":90,"texture":"#0","tintindex":1},"down":{"uv":[13.75,4.25,14.5,5],"rotation":90,"texture":"#0","tintindex":1}}},{"from":[14,10,11],"to":[17,13,14],"rotation":{"angle":-22.5,"axis":"y","origin":[15.5,11.5,12.5]},"faces":{"north":{"uv":[13,4.25,12.25,5],"rotation":270,"texture":"#0","tintindex":1},"east":{"uv":[12.25,4.25,11.5,3.5],"texture":"#0","tintindex":1},"south":{"uv":[13,4.25,12.25,5],"rotation":90,"texture":"#0","tintindex":1},"west":{"uv":[12.25,5,11.5,4.75],"rotation":180,"texture":"#0","tintindex":1},"up":{"uv":[12.25,4.25,11.5,5],"rotation":90,"texture":"#0","tintindex":1},"down":{"uv":[13,4.25,12.25,5],"rotation":90,"texture":"#0","tintindex":1}}},{"from":[14,12,6],"to":[17,15,9],"rotation":{"angle":0,"axis":"y","origin":[15.5,13.5,7.5]},"faces":{"north":{"uv":[13,4.25,12.25,5],"rotation":270,"texture":"#0","tintindex":1},"east":{"uv":[12.25,4.25,11.5,3.5],"texture":"#0","tintindex":1},"south":{"uv":[13,4.25,12.25,5],"rotation":90,"texture":"#0","tintindex":1},"west":{"uv":[12.25,5,11.5,4.75],"rotation":180,"texture":"#0","tintindex":1},"up":{"uv":[12.25,4.25,11.5,5],"rotation":90,"texture":"#0","tintindex":1},"down":{"uv":[13,4.25,12.25,5],"rotation":90,"texture":"#0","tintindex":1}}},{"from":[13,5,8],"to":[16,8,11],"rotation":{"angle":-22.5,"axis":"z","origin":[14.5,6.5,9.5]},"faces":{"north":{"uv":[14.5,4.25,13.75,5],"rotation":270,"texture":"#0","tintindex":1},"east":{"uv":[13.75,4.25,13,3.5],"texture":"#0","tintindex":1},"south":{"uv":[14.5,4.25,13.75,5],"rotation":90,"texture":"#0","tintindex":1},"west":{"uv":[13.75,5,13,4.75],"rotation":180,"texture":"#0","tintindex":1},"up":{"uv":[13.75,4.25,13,5],"rotation":90,"texture":"#0","tintindex":1},"down":{"uv":[14.5,4.25,13.75,5],"rotation":90,"texture":"#0","tintindex":1}}},{"from":[0,8,11],"to":[3,11,14],"rotation":{"angle":0,"axis":"z","origin":[1.5,9.5,12.5]},"faces":{"north":{"uv":[13.75,4.25,14.5,5],"rotation":90,"texture":"#0","tintindex":1},"east":{"uv":[13,5,13.75,4.75],"rotation":180,"texture":"#0","tintindex":1},"south":{"uv":[13.75,4.25,14.5,5],"rotation":270,"texture":"#0","tintindex":1},"west":{"uv":[13,4.25,13.75,3.5],"texture":"#0","tintindex":1},"up":{"uv":[13.75,5,13,4.25],"rotation":90,"texture":"#0","tintindex":1},"down":{"uv":[14.5,5,13.75,4.25],"rotation":90,"texture":"#0","tintindex":1}}},{"from":[0,10,2],"to":[3,13,5],"rotation":{"angle":-22.5,"axis":"y","origin":[1.5,11.5,3.5]},"faces":{"north":{"uv":[13,4.25,12.25,5],"rotation":90,"texture":"#0","tintindex":1},"east":{"uv":[12.25,5,11.5,4.75],"rotation":180,"texture":"#0","tintindex":1},"south":{"uv":[13,4.25,12.25,5],"rotation":270,"texture":"#0","tintindex":1},"west":{"uv":[12.25,4.25,11.5,3.5],"texture":"#0","tintindex":1},"up":{"uv":[11.5,5,12.25,4.25],"rotation":90,"texture":"#0","tintindex":1},"down":{"uv":[12.25,5,13,4.25],"rotation":90,"texture":"#0","tintindex":1}}},{"from":[-1,12,7],"to":[2,15,10],"rotation":{"angle":0,"axis":"y","origin":[0.5,13.5,8.5]},"faces":{"north":{"uv":[13,4.25,12.25,5],"rotation":90,"texture":"#0","tintindex":1},"east":{"uv":[12.25,5,11.5,4.75],"rotation":180,"texture":"#0","tintindex":1},"south":{"uv":[13,4.25,12.25,5],"rotation":270,"texture":"#0","tintindex":1},"west":{"uv":[12.25,4.25,11.5,3.5],"texture":"#0","tintindex":1},"up":{"uv":[11.5,5,12.25,4.25],"rotation":90,"texture":"#0","tintindex":1},"down":{"uv":[12.25,5,13,4.25],"rotation":90,"texture":"#0","tintindex":1}}},{"from":[-1,5,5],"to":[2,8,8],"rotation":{"angle":22.5,"axis":"z","origin":[0.5,6.5,6.5]},"faces":{"north":{"uv":[14.5,4.25,13.75,5],"rotation":90,"texture":"#0","tintindex":1},"east":{"uv":[13.75,5,13,4.75],"rotation":180,"texture":"#0","tintindex":1},"south":{"uv":[14.5,4.25,13.75,5],"rotation":270,"texture":"#0","tintindex":1},"west":{"uv":[13.75,4.25,13,3.5],"texture":"#0","tintindex":1},"up":{"uv":[13,5,13.75,4.25],"rotation":90,"texture":"#0","tintindex":1},"down":{"uv":[13.75,5,14.5,4.25],"rotation":90,"texture":"#0","tintindex":1}}},{"from":[6,14,10],"to":[9,17,13],"rotation":{"angle":0,"axis":"y","origin":[7.5,15.5,11.5]},"faces":{"north":{"uv":[12.25,5,13,4.25],"rotation":180,"texture":"#0","tintindex":1},"east":{"uv":[13,4.25,12.25,5],"texture":"#0","tintindex":1},"south":{"uv":[11.5,5,12.25,4.25],"rotation":180,"texture":"#0","tintindex":1},"west":{"uv":[13,4.25,12.25,5],"texture":"#0","tintindex":1},"up":{"uv":[12.25,4.25,11.5,3.5],"rotation":180,"texture":"#0","tintindex":1},"down":{"uv":[12.25,5,11.5,4.75],"rotation":180,"texture":"#0","tintindex":1}}},{"from":[11,15,8],"to":[14,18,11],"rotation":{"angle":-22.5,"axis":"z","origin":[12.5,16.5,9.5]},"faces":{"north":{"uv":[13,4.25,12.25,5],"texture":"#0","tintindex":1},"east":{"uv":[11.5,5,12.25,4.25],"rotation":180,"texture":"#0","tintindex":1},"south":{"uv":[13,4.25,12.25,5],"texture":"#0","tintindex":1},"west":{"uv":[12.25,5,13,4.25],"rotation":180,"texture":"#0","tintindex":1},"up":{"uv":[12.25,4.25,11.5,3.5],"rotation":90,"texture":"#0","tintindex":1},"down":{"uv":[12.25,5,11.5,4.75],"rotation":270,"texture":"#0","tintindex":1}}},{"from":[6,15,2],"to":[9,18,5],"rotation":{"angle":0,"axis":"y","origin":[7.5,16.5,3.5]},"faces":{"north":{"uv":[13,4.25,12.25,5],"texture":"#0","tintindex":1},"east":{"uv":[12.25,5,13,4.25],"rotation":180,"texture":"#0","tintindex":1},"south":{"uv":[13,4.25,12.25,5],"texture":"#0","tintindex":1},"west":{"uv":[11.5,5,12.25,4.25],"rotation":180,"texture":"#0","tintindex":1},"up":{"uv":[12.25,4.25,11.5,3.5],"rotation":270,"texture":"#0","tintindex":1},"down":{"uv":[12.25,5,11.5,4.75],"rotation":90,"texture":"#0","tintindex":1}}}],"display":{"thirdperson_righthand":{"rotation":[60,21,0],"translation":[0,2,3],"scale":[0.26,0.26,0.26]},"thirdperson_lefthand":{"rotation":[60,21,0],"translation":[0,2,3],"scale":[0.26,0.26,0.26]},"firstperson_righthand":{"rotation":[0,115,0],"translation":[19,4,-23]},"firstperson_lefthand":{"rotation":[0,115,0],"translation":[19,4,-23]},"ground":{"translation":[0,8,0],"scale":[0.3,0.3,0.3]},"gui":{"rotation":[30,135,0],"translation":[0,3,0],"scale":[0.4,0.4,0.4]},"fixed":{"rotation":[90,0,0],"translation":[0,0,16],"scale":[2,2,2]}},"groups":[0,1,2,3,4,5,6,7,8,9,10,11,{"name":"group","origin":[0.5,6.5,6.5],"color":0,"children":[12,13,14,15,16,17,18,19,20,21,22,23,24,25,26,27,28,29,30]}]}