{"credit":"Made with Blockbench","texture_size":[64,64],"textures":{"0":"custom/aether/decoration/archeology/divine_torch","1":"custom/aether/decoration/archeology/ambrosium_glow","particle":"custom/aether/decoration/archeology/divine_torch"},"elements":[{"from":[5,2,14],"to":[11,11,16],"rotation":{"angle":0,"axis":"y","origin":[7,2,14]},"faces":{"north":{"uv":[8.5,4,10,6.25],"texture":"#0"},"east":{"uv":[8,4,8.5,6.25],"texture":"#0"},"south":{"uv":[10,4,11.5,6.25],"texture":"#0"},"west":{"uv":[8.5,4,8,6.25],"texture":"#0"},"up":{"uv":[8,4,9.5,3.5],"texture":"#0"},"down":{"uv":[9.5,3.5,11,4],"texture":"#0"}}},{"from":[7,4,7],"to":[9,9,14],"rotation":{"angle":0,"axis":"y","origin":[7,4,12]},"faces":{"north":{"uv":[9.5,2.25,9.75,3.5],"texture":"#0"},"east":{"uv":[8,2.25,9.75,3.5],"texture":"#0"},"west":{"uv":[9.75,2.25,8,3.5],"texture":"#0"},"up":{"uv":[9.75,2.25,8,2.5],"rotation":90,"texture":"#0"},"down":{"uv":[8,3.25,9.75,3.5],"rotation":90,"texture":"#0"}}},{"from":[7,9,7],"to":[9,18,9],"rotation":{"angle":0,"axis":"y","origin":[7,9,12]},"faces":{"north":{"uv":[9.5,0,9.75,2.25],"texture":"#0"},"east":{"uv":[9.25,0,9.75,2.25],"texture":"#0"},"south":{"uv":[9.25,0,9.5,2.25],"texture":"#0"},"west":{"uv":[9.75,0,9.25,2.25],"texture":"#0"},"up":{"uv":[9.75,0.25,9.25,0],"rotation":90,"texture":"#0"}}},{"from":[7,15,2],"to":[9,18,7],"rotation":{"angle":0,"axis":"y","origin":[7,9,10]},"faces":{"east":{"uv":[9.75,0,11,0.75],"texture":"#0"},"west":{"uv":[11,0,9.75,0.75],"texture":"#0"},"up":{"uv":[11,0,9.75,0.25],"rotation":90,"texture":"#0"},"down":{"uv":[9.75,0.5,11,0.75],"rotation":90,"texture":"#0"}}},{"from":[7,13,-2],"to":[9,18,2],"rotation":{"angle":0,"axis":"y","origin":[7,9,5]},"faces":{"north":{"uv":[11.75,0,12,1.25],"texture":"#0"},"east":{"uv":[11,0,12,1.25],"texture":"#0"},"south":{"uv":[11,0,11.25,1.25],"texture":"#0"},"west":{"uv":[12,0,11,1.25],"texture":"#0"},"up":{"uv":[12,0,11,0.25],"rotation":90,"texture":"#0"},"down":{"uv":[11,1,12,1.25],"rotation":90,"texture":"#0"}}},{"from":[7,11,-1],"to":[9,13,1],"rotation":{"angle":0,"axis":"y","origin":[7,11,-1]},"faces":{"north":{"uv":[11,3.5,11.5,4],"texture":"#0"},"east":{"uv":[11.5,3.5,11,4],"texture":"#0"},"south":{"uv":[11,3.5,11.5,4],"texture":"#0"},"west":{"uv":[11.5,3.5,11,4],"texture":"#0"}}},{"from":[3,5,-5],"to":[13,11,5],"rotation":{"angle":0,"axis":"y","origin":[7,7,0]},"faces":{"north":{"uv":[12,2.5,14.5,4],"texture":"#0"},"east":{"uv":[12,2.5,14.5,4],"texture":"#0"},"south":{"uv":[12,2.5,14.5,4],"texture":"#0"},"west":{"uv":[12,2.5,14.5,4],"texture":"#0"},"up":{"uv":[12,0,14.5,2.5],"texture":"#0"}}},{"name":"cube inverted","from":[13,9,5],"to":[3,5,-5],"rotation":{"angle":0,"axis":"y","origin":[7,7,0]},"faces":{"north":{"uv":[4,12.25,6.5,11.25],"texture":"#0"},"east":{"uv":[4,12.25,6.5,11.25],"texture":"#0"},"south":{"uv":[4,12.25,6.5,11.25],"texture":"#0"},"west":{"uv":[4,12.25,6.5,11.25],"texture":"#0"},"down":{"uv":[14.5,4,12,6.5],"texture":"#0"}}},{"from":[2,-2,0],"to":[14,4,0],"rotation":{"angle":22.5,"axis":"y","origin":[8,1,0]},"faces":{"north":{"uv":[8,3,14,6],"texture":"#1"},"south":{"uv":[8,3,14,6],"texture":"#1"}}},{"from":[6,6,-2],"to":[10,9,2],"rotation":{"angle":0,"axis":"y","origin":[6,0,0]},"faces":{"north":{"uv":[4,6,5,6.75],"texture":"#0"},"east":{"uv":[5,6,6,6.75],"texture":"#0"},"south":{"uv":[4,6,5,6.75],"texture":"#0"},"west":{"uv":[5,6,6,6.75],"texture":"#0"}}},{"from":[6,0,-2],"to":[10,6,2],"rotation":{"angle":0,"axis":"y","origin":[6,0,0]},"faces":{"north":{"uv":[6,0,8,3],"texture":"#1"},"east":{"uv":[8,0,10,3],"texture":"#1"},"south":{"uv":[6,0,8,3],"texture":"#1"},"west":{"uv":[8,0,10,3],"texture":"#1"},"down":{"uv":[6,3,8,5],"texture":"#1"}}}],"display":{"gui":{"rotation":[32,135,0],"translation":[-1,-2,0],"scale":[0.7,0.7,0.7]},"fixed":{"rotation":[0,0,180],"translation":[0,4,-16],"scale":[2,2,2]}}}