{"credit":"Made with Blockbench","texture_size":[64,64],"textures":{"0":"custom/aether/decoration/archeology/divine_torch","1":"custom/aether/decoration/archeology/ambrosium_glow","particle":"custom/aether/decoration/archeology/divine_torch"},"elements":[{"from":[7,14,7],"to":[9,16,9],"rotation":{"angle":0,"axis":"y","origin":[7,14,7]},"faces":{"north":{"uv":[11,3.5,11.5,4],"texture":"#0"},"east":{"uv":[11.5,3.5,11,4],"texture":"#0"},"south":{"uv":[11,3.5,11.5,4],"texture":"#0"},"west":{"uv":[11.5,3.5,11,4],"texture":"#0"},"up":{"uv":[11,3.5,11.5,3.75],"texture":"#0"}}},{"from":[5,12,5],"to":[11,14,11],"rotation":{"angle":0,"axis":"y","origin":[7,12,7]},"faces":{"north":{"uv":[14.5,6,16,6.5],"texture":"#0"},"east":{"uv":[16,6,14.5,6.5],"texture":"#0"},"south":{"uv":[14.5,6,16,6.5],"texture":"#0"},"west":{"uv":[16,6,14.5,6.5],"texture":"#0"},"up":{"uv":[14.5,4.5,16,6],"texture":"#0"}}},{"from":[3,6,3],"to":[13,12,13],"rotation":{"angle":0,"axis":"y","origin":[7,8,8]},"faces":{"north":{"uv":[12,2.5,14.5,4],"texture":"#0"},"east":{"uv":[12,2.5,14.5,4],"texture":"#0"},"south":{"uv":[12,2.5,14.5,4],"texture":"#0"},"west":{"uv":[12,2.5,14.5,4],"texture":"#0"},"up":{"uv":[12,0,14.5,2.5],"texture":"#0"}}},{"name":"cube inverted","from":[13,10,13],"to":[3,6,3],"rotation":{"angle":0,"axis":"y","origin":[7,8,8]},"faces":{"north":{"uv":[4,12.25,6.5,11.25],"texture":"#0"},"east":{"uv":[4,12.25,6.5,11.25],"texture":"#0"},"south":{"uv":[4,12.25,6.5,11.25],"texture":"#0"},"west":{"uv":[4,12.25,6.5,11.25],"texture":"#0"},"down":{"uv":[14.5,4,12,6.5],"texture":"#0"}}},{"from":[6,7,6],"to":[10,10,10],"rotation":{"angle":0,"axis":"y","origin":[6,1,8]},"faces":{"north":{"uv":[4,6,5,6.75],"texture":"#0"},"east":{"uv":[5,6,6,6.75],"texture":"#0"},"south":{"uv":[4,6,5,6.75],"texture":"#0"},"west":{"uv":[5,6,6,6.75],"texture":"#0"}}},{"from":[6,1,6],"to":[10,7,10],"rotation":{"angle":0,"axis":"y","origin":[6,1,8]},"faces":{"north":{"uv":[6,0,8,3],"texture":"#1"},"east":{"uv":[8,0,10,3],"texture":"#1"},"south":{"uv":[6,0,8,3],"texture":"#1"},"west":{"uv":[8,0,10,3],"texture":"#1"},"down":{"uv":[6,3,8,5],"texture":"#1"}}},{"from":[2,-1,8],"to":[14,5,8],"rotation":{"angle":22.5,"axis":"y","origin":[8,2,8]},"faces":{"north":{"uv":[8,3,14,6],"texture":"#1"},"south":{"uv":[8,3,14,6],"texture":"#1"}}}],"display":{"gui":{"rotation":[32,135,0],"translation":[-1,0,0],"scale":[0.7,0.7,0.7]},"fixed":{"rotation":[90,0,0],"translation":[0,0,-16],"scale":[2,2,2]}}}