{"credit":"Made with Blockbench","texture_size":[64,64],"textures":{"1":"custom/aether/decoration/archeology/divine_brazier","2":"custom/aether/decoration/archeology/ambrosium_glow","particle":"custom/aether/decoration/archeology/ambrosium_glow"},"elements":[{"from":[2,-16,2],"to":[14,-14,14],"rotation":{"angle":0,"axis":"y","origin":[2,-16,2]},"faces":{"north":{"uv":[0,6,3,6.5],"texture":"#1"},"east":{"uv":[0,6,3,6.5],"texture":"#1"},"south":{"uv":[0,6,3,6.5],"texture":"#1"},"west":{"uv":[0,6,3,6.5],"texture":"#1"},"up":{"uv":[0,3,3,6],"texture":"#1"},"down":{"uv":[3,3,6,6],"texture":"#1"}}},{"from":[4,-8,4],"to":[12,-6,12],"rotation":{"angle":0,"axis":"y","origin":[4,-8,4]},"faces":{"north":{"uv":[0,8.5,2,9],"texture":"#1"},"east":{"uv":[0,8.5,2,9],"texture":"#1"},"south":{"uv":[0,8.5,2,9],"texture":"#1"},"west":{"uv":[0,8.5,2,9],"texture":"#1"},"up":{"uv":[0,6.5,2,8.5],"texture":"#1"},"down":{"uv":[2,6.5,4,8.5],"texture":"#1"}}},{"name":"cube inverted","from":[10,-6,10],"to":[6,-8,6],"rotation":{"angle":0,"axis":"y","origin":[4,-8,4]},"faces":{"north":{"uv":[2.25,7,2.75,6.5],"texture":"#1"},"east":{"uv":[2.25,7,2.75,6.5],"texture":"#1"},"south":{"uv":[2.25,7,2.75,6.5],"texture":"#1"},"west":{"uv":[2.25,7,2.75,6.5],"texture":"#1"}}},{"from":[2,0,2],"to":[14,8,14],"rotation":{"angle":0,"axis":"y","origin":[2,0,2]},"faces":{"north":{"uv":[0,1,3,3],"texture":"#1"},"east":{"uv":[0,1,3,3],"texture":"#1"},"south":{"uv":[0,1,3,3],"texture":"#1"},"west":{"uv":[0,1,3,3],"texture":"#1"},"down":{"uv":[6,0,9,3],"texture":"#1"}}},{"name":"cube inverted","from":[14,8,14],"to":[2,6,2],"rotation":{"angle":0,"axis":"y","origin":[2,0,2]},"faces":{"north":{"uv":[0,0.5,3,0],"texture":"#1"},"east":{"uv":[0,0.5,3,0],"texture":"#1"},"south":{"uv":[0,0.5,3,0],"texture":"#1"},"west":{"uv":[0,0.5,3,0],"texture":"#1"},"up":{"uv":[6,3,3,0],"rotation":180,"texture":"#1"}}},{"from":[4,-14,7],"to":[12,-2,9],"rotation":{"angle":0,"axis":"y","origin":[8,0,8]},"faces":{"north":{"uv":[10,3,12,6],"texture":"#1"},"east":{"uv":[10,3,10.25,6],"texture":"#1"},"south":{"uv":[10,3,12,6],"texture":"#1"},"west":{"uv":[11.75,3,12,6],"texture":"#1"}}},{"from":[0,-2,7],"to":[16,10,9],"rotation":{"angle":0,"axis":"y","origin":[8,0,8]},"faces":{"north":{"uv":[9,0,13,3],"texture":"#1"},"east":{"uv":[9,0,9.25,3],"texture":"#1"},"south":{"uv":[9,0,13,3],"texture":"#1"},"west":{"uv":[12.75,0,13,3],"texture":"#1"},"up":{"uv":[9,0,13,0.25],"texture":"#1"},"down":{"uv":[9,2.75,13,3],"texture":"#1"}}},{"from":[16,6,7],"to":[19,10,9],"rotation":{"angle":0,"axis":"y","origin":[8,0,8]},"faces":{"north":{"uv":[13.75,0,13,1],"texture":"#1"},"east":{"uv":[13.75,0,13.5,1],"texture":"#1"},"south":{"uv":[13,0,13.75,1],"texture":"#1"},"up":{"uv":[13,0.25,13.75,0],"texture":"#1"},"down":{"uv":[13,1,13.75,0.75],"texture":"#1"}}},{"from":[-3,6,7],"to":[0,10,9],"rotation":{"angle":0,"axis":"y","origin":[8,0,8]},"faces":{"north":{"uv":[13,0,13.75,1],"texture":"#1"},"south":{"uv":[13.75,0,13,1],"texture":"#1"},"west":{"uv":[13.5,0,13.75,1],"texture":"#1"},"up":{"uv":[13.75,0.25,13,0],"texture":"#1"},"down":{"uv":[13.75,1,13,0.75],"texture":"#1"}}},{"name":"cube inverted","from":[14,10,9],"to":[2,0,7],"rotation":{"angle":0,"axis":"y","origin":[8,0,8]},"faces":{"east":{"uv":[13.75,2.5,14.25,0],"texture":"#1"},"west":{"uv":[13.75,2.5,14.25,0],"texture":"#1"}}},{"name":"cube inverted","from":[10,0,9],"to":[6,-14,7],"rotation":{"angle":0,"axis":"y","origin":[8,0,8]},"faces":{"east":{"uv":[10.25,6,10.5,2.5],"texture":"#1"},"west":{"uv":[10.25,6,10.5,2.5],"texture":"#1"}}},{"from":[7,-14,4],"to":[9,-2,12],"rotation":{"angle":0,"axis":"y","origin":[8,0,8]},"faces":{"north":{"uv":[11.75,3,12,6],"texture":"#1"},"east":{"uv":[10,3,12,6],"texture":"#1"},"south":{"uv":[10,3,10.25,6],"texture":"#1"},"west":{"uv":[10,3,12,6],"texture":"#1"}}},{"from":[7,-2,0],"to":[9,10,16],"rotation":{"angle":0,"axis":"y","origin":[8,0,8]},"faces":{"north":{"uv":[12.75,0,13,3],"texture":"#1"},"east":{"uv":[9,0,13,3],"texture":"#1"},"south":{"uv":[9,0,9.25,3],"texture":"#1"},"west":{"uv":[9,0,13,3],"texture":"#1"},"up":{"uv":[9,0,13,0.25],"rotation":90,"texture":"#1"},"down":{"uv":[9,2.75,13,3],"rotation":270,"texture":"#1"}}},{"from":[7,6,16],"to":[9,10,19],"rotation":{"angle":0,"axis":"y","origin":[8,0,8]},"faces":{"east":{"uv":[13.75,0,13,1],"texture":"#1"},"south":{"uv":[13.75,0,13.5,1],"texture":"#1"},"west":{"uv":[13,0,13.75,1],"texture":"#1"},"up":{"uv":[13,0.25,13.75,0],"rotation":90,"texture":"#1"},"down":{"uv":[13,1,13.75,0.75],"rotation":270,"texture":"#1"}}},{"from":[7,6,-3],"to":[9,10,0],"rotation":{"angle":0,"axis":"y","origin":[8,0,8]},"faces":{"north":{"uv":[13.5,0,13.75,1],"texture":"#1"},"east":{"uv":[13,0,13.75,1],"texture":"#1"},"west":{"uv":[13.75,0,13,1],"texture":"#1"},"up":{"uv":[13.75,0.25,13,0],"rotation":90,"texture":"#1"},"down":{"uv":[13.75,1,13,0.75],"rotation":270,"texture":"#1"}}},{"name":"cube inverted","from":[9,10,14],"to":[7,0,2],"rotation":{"angle":0,"axis":"y","origin":[8,0,8]},"faces":{"north":{"uv":[13.75,2.5,14.25,0],"texture":"#1"},"south":{"uv":[13.75,2.5,14.25,0],"texture":"#1"}}},{"name":"cube inverted","from":[9,0,10],"to":[7,-14,6],"rotation":{"angle":0,"axis":"y","origin":[8,0,8]},"faces":{"north":{"uv":[10.25,6,10.5,2.5],"texture":"#1"},"south":{"uv":[10.25,6,10.5,2.5],"texture":"#1"}}},{"from":[4,6,5],"to":[8,13,9],"rotation":{"angle":0,"axis":"y","origin":[3,10,5]},"faces":{"north":{"uv":[0,8.5,2,12],"texture":"#2"},"east":{"uv":[2,8.5,4,12],"texture":"#2"},"south":{"uv":[0,8.5,2,12],"texture":"#2"},"west":{"uv":[2,8.5,4,12],"texture":"#2"},"up":{"uv":[0,6.5,2,8.5],"texture":"#2"}}},{"from":[3,13,7],"to":[9,22,7],"rotation":{"angle":22.5,"axis":"y","origin":[6,13,7]},"faces":{"north":{"uv":[4,6.5,7,11],"texture":"#2"},"south":{"uv":[4,6.5,7,11],"texture":"#2"}}},{"from":[8,6,7],"to":[12,10,11],"rotation":{"angle":0,"axis":"y","origin":[13,10,7]},"faces":{"north":{"uv":[2,14,0,16],"texture":"#2"},"east":{"uv":[4,14,2,16],"texture":"#2"},"south":{"uv":[2,14,0,16],"texture":"#2"},"west":{"uv":[4,14,2,16],"texture":"#2"},"up":{"uv":[2,12,0,14],"texture":"#2"}}},{"from":[8,10,9],"to":[14,17,9],"rotation":{"angle":-22.5,"axis":"y","origin":[11,10,9]},"faces":{"north":{"uv":[4,11,7,14.5],"texture":"#2"},"south":{"uv":[7,11,4,14.5],"texture":"#2"}}}],"display":{"thirdperson_righthand":{"rotation":[60,21,0],"translation":[0,2,3],"scale":[0.26,0.26,0.26]},"thirdperson_lefthand":{"rotation":[60,21,0],"translation":[0,2,3],"scale":[0.26,0.26,0.26]},"firstperson_righthand":{"rotation":[0,115,0],"translation":[17.25,4.5,-15.5],"scale":[0.7,0.7,0.7]},"firstperson_lefthand":{"rotation":[0,115,0],"translation":[17.25,4.5,-15.5],"scale":[0.7,0.7,0.7]},"ground":{"translation":[0,8,0],"scale":[0.3,0.3,0.3]},"gui":{"rotation":[30,135,0],"translation":[0,3,0],"scale":[0.4,0.4,0.4]},"fixed":{"rotation":[90,0,0],"translation":[0,0,16],"scale":[2,2,2]}}}