{"credit":"Made with Blockbench","texture_size":[64,64],"textures":{"0":"custom/aether/decoration/archeology/divine_torch","1":"custom/aether/decoration/archeology/ambrosium_glow","particle":"custom/aether/decoration/archeology/divine_torch"},"elements":[{"from":[4,-16,4],"to":[12,-14,12],"rotation":{"angle":0,"axis":"y","origin":[4,-16,4]},"faces":{"north":{"uv":[0,2,2,2.5],"texture":"#0"},"east":{"uv":[0,2,2,2.5],"texture":"#0"},"south":{"uv":[0,2,2,2.5],"texture":"#0"},"west":{"uv":[0,2,2,2.5],"texture":"#0"},"up":{"uv":[0,0,2,2],"texture":"#0"},"down":{"uv":[2,0,4,2],"texture":"#0"}}},{"from":[5.5,-14,7],"to":[10.5,-9,9],"rotation":{"angle":0,"axis":"y","origin":[8.5,-14,7]},"faces":{"north":{"uv":[6.75,2.5,8,3.75],"texture":"#0"},"east":{"uv":[6.75,2.5,7,3.75],"texture":"#0"},"south":{"uv":[8,2.5,6.75,3.75],"texture":"#0"},"west":{"uv":[7.75,2.5,8,3.75],"texture":"#0"},"up":{"uv":[8,2.5,6.75,2.75],"texture":"#0"},"down":{"uv":[0,0,1.25,0.5],"texture":"#0"}}},{"from":[5.5,-3,7],"to":[10.5,1,9],"rotation":{"angle":0,"axis":"y","origin":[8.5,-3,7]},"faces":{"north":{"uv":[6.75,0,8,1],"texture":"#0"},"east":{"uv":[6.75,0,7,1],"texture":"#0"},"south":{"uv":[8,0,6.75,1],"texture":"#0"},"west":{"uv":[7.75,0,8,1],"texture":"#0"},"up":{"uv":[6.75,0,8,0.5],"texture":"#0"},"down":{"uv":[8,0.75,6.75,1],"texture":"#0"}}},{"from":[5.5,-5,7],"to":[7.5,-3,9],"rotation":{"angle":0,"axis":"y","origin":[8.5,-5,7]},"faces":{"north":{"uv":[7.5,1,8,1.5],"texture":"#0"},"east":{"uv":[7.5,1,7.75,1.5],"texture":"#0"},"south":{"uv":[8,1,7.5,1.5],"texture":"#0"},"west":{"uv":[7.75,1,8,1.5],"texture":"#0"},"up":{"uv":[6.75,0,7.25,0.5],"texture":"#0"},"down":{"uv":[6.75,0,7.25,0.5],"texture":"#0"}}},{"from":[8.5,-9,7],"to":[10.5,-7,9],"rotation":{"angle":0,"axis":"y","origin":[11.5,-9,7]},"faces":{"north":{"uv":[6.75,2,7.25,2.5],"texture":"#0"},"east":{"uv":[6.75,2,7,2.5],"texture":"#0"},"south":{"uv":[7.25,2.25,6.75,2.75],"texture":"#0"},"west":{"uv":[7,2,7.25,2.5],"texture":"#0"},"up":{"uv":[6.75,0,7.25,0.5],"texture":"#0"},"down":{"uv":[6.75,0,7.25,0.5],"texture":"#0"}}},{"from":[5.5,-7,7],"to":[10.5,-5,9],"rotation":{"angle":0,"axis":"y","origin":[8.5,-7,7]},"faces":{"north":{"uv":[6.75,1.5,8,2],"texture":"#0"},"east":{"uv":[6.75,1.5,7,2],"texture":"#0"},"south":{"uv":[8,1.5,6.75,2],"texture":"#0"},"west":{"uv":[7.75,1.5,8,2],"texture":"#0"},"up":{"uv":[6.75,1.5,8,1.75],"texture":"#0"},"down":{"uv":[8,1.75,6.75,2],"texture":"#0"}}},{"from":[5,1,5],"to":[11,3,11],"rotation":{"angle":0,"axis":"y","origin":[5,1,5]},"faces":{"north":{"uv":[2,2,3.5,2.5],"texture":"#0"},"east":{"uv":[2,2,3.5,2.5],"texture":"#0"},"south":{"uv":[2,2,3.5,2.5],"texture":"#0"},"west":{"uv":[2,2,3.5,2.5],"texture":"#0"},"down":{"uv":[2,2.25,3.5,2.5],"texture":"#0"}}},{"from":[3,3,3],"to":[13,7,13],"rotation":{"angle":0,"axis":"y","origin":[5,3,5]},"faces":{"north":{"uv":[0,2.5,2.5,3.5],"texture":"#0"},"east":{"uv":[0,2.5,2.5,3.5],"texture":"#0"},"south":{"uv":[0,2.5,2.5,3.5],"texture":"#0"},"west":{"uv":[0,2.5,2.5,3.5],"texture":"#0"},"down":{"uv":[2.5,3.5,5,6],"texture":"#0"}}},{"name":"cube inverted","from":[13,7,13],"to":[3,3,3],"rotation":{"angle":0,"axis":"y","origin":[5,3,5]},"faces":{"north":{"uv":[0,12,2.5,11],"texture":"#0"},"east":{"uv":[0,12,2.5,11],"texture":"#0"},"south":{"uv":[0,12,2.5,11],"texture":"#0"},"west":{"uv":[0,12,2.5,11],"texture":"#0"},"up":{"uv":[2.5,3.5,0,6],"texture":"#0"}}},{"from":[6,3,6],"to":[10,7,10],"rotation":{"angle":0,"axis":"y","origin":[5,3,6]},"faces":{"north":{"uv":[2.5,2.5,3.5,3.5],"texture":"#0"},"east":{"uv":[2.5,2.5,3.5,3.5],"texture":"#0"},"south":{"uv":[2.5,2.5,3.5,3.5],"texture":"#0"},"west":{"uv":[2.5,2.5,3.5,3.5],"texture":"#0"},"up":{"uv":[0,0,1,1],"texture":"#0"},"down":{"uv":[0,0,1,1],"texture":"#0"}}},{"from":[6,7,6],"to":[10,10,10],"rotation":{"angle":0,"axis":"y","origin":[5,7,6]},"faces":{"north":{"uv":[0,4,2,5.5],"texture":"#1"},"east":{"uv":[2,4,4,5.5],"texture":"#1"},"south":{"uv":[0,4,2,5.5],"texture":"#1"},"west":{"uv":[2,4,4,5.5],"texture":"#1"},"up":{"uv":[0,2,2,4],"texture":"#1"}}},{"from":[5,10,8],"to":[11,18,8],"rotation":{"angle":22.5,"axis":"y","origin":[8,10,8]},"faces":{"north":{"uv":[2,0,5,4],"texture":"#1"},"south":{"uv":[2,0,5,4],"texture":"#1"}}}],"display":{"thirdperson_righthand":{"rotation":[41,27,0],"translation":[0,6,5.25],"scale":[0.48,0.48,0.48]},"thirdperson_lefthand":{"rotation":[41,27,0],"translation":[0,6,5.25],"scale":[0.48,0.48,0.48]},"firstperson_righthand":{"rotation":[-15,127,0],"translation":[16,12,-20]},"firstperson_lefthand":{"rotation":[-15,127,0],"translation":[16,12,-20]},"ground":{"translation":[0,7.25,0],"scale":[0.31,0.31,0.31]},"gui":{"rotation":[32,135,0],"translation":[0,3.75,0],"scale":[0.5,0.5,0.5]},"fixed":{"rotation":[-90,0,0],"translation":[0,0,-49],"scale":[2.07,2.07,2.07]}}}