{"credit":"Made with Blockbench","texture_size":[64,64],"textures":{"0":"custom/aether/decoration/archeology/divine_torch","1":"custom/aether/decoration/archeology/ambrosium_glow","particle":"custom/aether/decoration/archeology/divine_torch"},"elements":[{"from":[5,0,5],"to":[11,1,11],"rotation":{"angle":0,"axis":"y","origin":[5,0,5]},"faces":{"north":{"uv":[0,8.5,1.5,8.75],"texture":"#0"},"east":{"uv":[0,8.5,1.5,8.75],"texture":"#0"},"south":{"uv":[0,8.5,1.5,8.75],"texture":"#0"},"west":{"uv":[0,8.5,1.5,8.75],"texture":"#0"},"down":{"uv":[0,8.75,1.5,10.25],"texture":"#0"}}},{"from":[6,6,6],"to":[10,9,10],"rotation":{"angle":0,"axis":"y","origin":[5,6,6]},"faces":{"north":{"uv":[0,4,2,5.5],"texture":"#1"},"east":{"uv":[2,4,4,5.5],"texture":"#1"},"south":{"uv":[0,4,2,5.5],"texture":"#1"},"west":{"uv":[2,4,4,5.5],"texture":"#1"},"up":{"uv":[0,2,2,4],"texture":"#1"}}},{"from":[5,9,8],"to":[11,17,8],"rotation":{"angle":22.5,"axis":"y","origin":[8,9,8]},"faces":{"north":{"uv":[2,0,5,4],"texture":"#1"},"south":{"uv":[2,0,5,4],"texture":"#1"}}},{"from":[4,1,4],"to":[12,3,12],"rotation":{"angle":0,"axis":"y","origin":[4,1,4]},"faces":{"north":{"uv":[0,8,2,8.5],"texture":"#0"},"east":{"uv":[0,8,2,8.5],"texture":"#0"},"south":{"uv":[0,8,2,8.5],"texture":"#0"},"west":{"uv":[0,8,2,8.5],"texture":"#0"},"up":{"uv":[0,6,2,8],"texture":"#0"},"down":{"uv":[2,6,4,8],"texture":"#0"}}},{"from":[7,1,12],"to":[9,6,16],"rotation":{"angle":0,"axis":"y","origin":[7,1,12]},"faces":{"north":{"uv":[3.75,8,4,9.25],"texture":"#0"},"east":{"uv":[3,8,4,9.25],"texture":"#0"},"south":{"uv":[3,8,3.25,9.25],"texture":"#0"},"west":{"uv":[4,8,3,9.25],"texture":"#0"},"up":{"uv":[3,8,4,8.25],"rotation":90,"texture":"#0"},"down":{"uv":[3,9,4,9.25],"rotation":90,"texture":"#0"}}},{"from":[6,3,6],"to":[10,6,10],"rotation":{"angle":0,"axis":"y","origin":[7,3,8]},"faces":{"north":{"uv":[0,10.25,1,11],"texture":"#0"},"east":{"uv":[0,10.25,1,11],"texture":"#0"},"south":{"uv":[0,10.25,1,11],"texture":"#0"},"west":{"uv":[0,10.25,1,11],"texture":"#0"}}},{"from":[5,4,5],"to":[11,7,11],"rotation":{"angle":0,"axis":"y","origin":[7,4,8]},"faces":{"north":{"uv":[1.5,8.5,3,9.25],"texture":"#0"},"east":{"uv":[1.5,8.5,3,9.25],"texture":"#0"},"south":{"uv":[1.5,8.5,3,9.25],"texture":"#0"},"west":{"uv":[1.5,8.5,3,9.25],"texture":"#0"},"down":{"uv":[1.5,9.25,3,10.75],"texture":"#0"}}},{"name":"cube inverted","from":[11,7,11],"to":[5,4,5],"rotation":{"angle":0,"axis":"y","origin":[7,4,8]},"faces":{"north":{"uv":[2.5,12,4,11.25],"texture":"#0"},"east":{"uv":[2.5,12,4,11.25],"texture":"#0"},"south":{"uv":[2.5,12,4,11.25],"texture":"#0"},"west":{"uv":[2.5,12,4,11.25],"texture":"#0"},"up":{"uv":[4.5,9.25,3,10.75],"texture":"#0"}}}],"display":{"thirdperson_righthand":{"rotation":[66,0,0],"translation":[0,4,1.5],"scale":[0.6,0.6,0.6]},"thirdperson_lefthand":{"rotation":[66,0,0],"translation":[0,4,1.5],"scale":[0.6,0.6,0.6]},"firstperson_righthand":{"rotation":[-155.2,83,157],"translation":[5.5,4,-6.75]},"firstperson_lefthand":{"rotation":[-155.2,83,157],"translation":[5.5,4,-6.75]},"ground":{"translation":[0,6,0],"scale":[0.6,0.6,0.6]},"gui":{"rotation":[30,135,0],"scale":[0.9,0.9,0.9]},"fixed":{"rotation":[-90,0,0],"translation":[0,0,-16],"scale":[2,2,2]}}}