{"credit":"Made with Blockbench","texture_size":[128,128],"textures":{"0":"custom/aether/decoration/archeology/empyrean_banner","particle":"custom/aether/decoration/archeology/empyrean_banner"},"elements":[{"from":[-6.375,7.125,8],"to":[20.125,12.625,8],"rotation":{"angle":0,"axis":"z","origin":[17.5,6.625,8]},"faces":{"north":{"uv":[5.875,3.25,4.5,9.875],"rotation":270,"texture":"#0"},"south":{"uv":[4.5,3.25,5.875,9.875],"rotation":90,"texture":"#0"}}},{"from":[-6.375,0.625,8],"to":[20.125,6.125,8],"rotation":{"angle":0,"axis":"z","origin":[17.5,6.625,8]},"faces":{"north":{"uv":[4.5,3.25,5.875,9.875],"rotation":270,"texture":"#0"},"south":{"uv":[5.875,3.25,4.5,9.875],"rotation":90,"texture":"#0"}}},{"from":[-6.375,0.625,8],"to":[20.125,6.125,8],"rotation":{"angle":0,"axis":"z","origin":[17.5,6.625,8]},"faces":{"north":{"uv":[8.125,3.25,9.5,9.875],"rotation":270,"texture":"#0","tintindex":1},"south":{"uv":[9.5,3.25,8.125,9.875],"rotation":90,"texture":"#0","tintindex":1}}},{"from":[-6.375,7.125,8],"to":[20.125,12.625,8],"rotation":{"angle":0,"axis":"z","origin":[17.5,6.625,8]},"faces":{"north":{"uv":[9.5,3.25,8.125,9.875],"rotation":270,"texture":"#0","tintindex":1},"south":{"uv":[8.125,3.25,9.5,9.875],"rotation":90,"texture":"#0","tintindex":1}}}],"gui_light":"front","display":{"thirdperson_righthand":{"rotation":[100.81,-85,56.06],"translation":[0,2.25,-0.5],"scale":[0.31,0.31,0.31]},"thirdperson_lefthand":{"rotation":[110.19,75.17,-77.17],"translation":[0,2,-1],"scale":[0.31,0.31,0.31]},"firstperson_righthand":{"rotation":[-13.5,-64,0],"translation":[1,5,-2],"scale":[0.6,0.6,0.6]},"firstperson_lefthand":{"rotation":[149.42,76.99,-167.83],"translation":[3.25,4.5,-3.25],"scale":[0.6,0.6,0.6]},"ground":{"translation":[-2.75,5,0],"scale":[0.4,0.4,0.4]},"gui":{"rotation":[0,180,0],"translation":[-2.5,-1,0],"scale":[0.5,0.5,0.5]},"head":{"translation":[-38.75,-19.25,0],"scale":[3.2,3.2,3.2]},"fixed":{"rotation":[-90,0,0],"translation":[-28,0,-32],"scale":[4,4,4]}},"groups":[{"name":"banner","origin":[14,7.875,8],"color":0,"children":[0,1,2,3]}]}