{"credit":"Made with Blockbench","texture_size":[128,128],"textures":{"0":"custom/aether/decoration/archeology/empyrean_banner","particle":"custom/aether/decoration/archeology/empyrean_banner"},"elements":[{"from":[7,-15,7],"to":[9,23.5,9],"rotation":{"angle":0,"axis":"y","origin":[7.5,-15,8.5]},"faces":{"north":{"uv":[12,1.25,11.5,10.875],"texture":"#0"},"east":{"uv":[11.5,1.25,12,10.875],"texture":"#0"},"south":{"uv":[12,1.25,11.5,10.875],"texture":"#0"},"west":{"uv":[11.5,1.25,12,10.875],"texture":"#0"}}},{"from":[6.5,14,6.5],"to":[9.5,17,9.5],"rotation":{"angle":0,"axis":"y","origin":[7,14,9]},"faces":{"north":{"uv":[13.25,3.125,12.5,3.875],"texture":"#0"},"east":{"uv":[13.25,3.125,12.5,3.875],"texture":"#0"},"south":{"uv":[13.25,3.125,12.5,3.875],"texture":"#0"},"west":{"uv":[13.25,3.125,12.5,3.875],"texture":"#0"},"up":{"uv":[12.5,3.125,13.25,2.375],"texture":"#0"},"down":{"uv":[13.25,3.125,14,2.375],"texture":"#0"}}},{"from":[6.5,-9.5,6.5],"to":[9.5,-6.5,9.5],"rotation":{"angle":0,"axis":"y","origin":[7,-9.5,9]},"faces":{"north":{"uv":[13.25,3.125,12.5,3.875],"texture":"#0"},"east":{"uv":[13.25,3.125,12.5,3.875],"texture":"#0"},"south":{"uv":[13.25,3.125,12.5,3.875],"texture":"#0"},"west":{"uv":[13.25,3.125,12.5,3.875],"texture":"#0"},"up":{"uv":[12.5,3.125,13.25,2.375],"texture":"#0"},"down":{"uv":[13.25,3.125,14,2.375],"texture":"#0"}}},{"from":[6.5,-16,6.5],"to":[9.5,-15,9.5],"rotation":{"angle":0,"axis":"y","origin":[7,-16,9]},"faces":{"north":{"uv":[14,3.125,13.25,3.375],"texture":"#0"},"east":{"uv":[14,3.125,13.25,3.375],"texture":"#0"},"south":{"uv":[14,3.125,13.25,3.375],"texture":"#0"},"west":{"uv":[14,3.125,13.25,3.375],"texture":"#0"},"up":{"uv":[13.25,3.125,14,2.375],"texture":"#0"},"down":{"uv":[13.25,3.375,14,3.25],"texture":"#0"}}},{"from":[6.5,23.5,6.5],"to":[9.5,24.5,9.5],"rotation":{"angle":0,"axis":"y","origin":[7,23.5,9]},"faces":{"north":{"uv":[10.125,2,9.375,2.25],"texture":"#0"},"east":{"uv":[10.125,2,9.375,2.25],"texture":"#0"},"south":{"uv":[10.125,2,9.375,2.25],"texture":"#0"},"west":{"uv":[10.125,2,9.375,2.25],"texture":"#0"},"up":{"uv":[9.375,2,10.125,1.25],"texture":"#0"},"down":{"uv":[10.125,2,10.875,1.25],"texture":"#0"}}},{"from":[4.25,24,8],"to":[11.75,30.5,8],"rotation":{"angle":0,"axis":"y","origin":[8,27.25,8]},"faces":{"north":{"uv":[15.375,0,13.5,1.625],"texture":"#0"},"south":{"uv":[15.375,0,13.5,1.625],"texture":"#0"}}},{"from":[-3,18.5,7.25],"to":[7,20,8.75],"rotation":{"angle":0,"axis":"y","origin":[-2.5,18.5,8.25]},"faces":{"north":{"uv":[7,2.125,4.5,2.5],"texture":"#0"},"east":{"uv":[7,2,6.875,2.375],"texture":"#0"},"south":{"uv":[4.5,2.125,7,2.5],"texture":"#0"},"west":{"uv":[2.75,0.5,2.375,0.875],"texture":"#0"},"up":{"uv":[4.5,2.875,7,2.5],"texture":"#0"},"down":{"uv":[4.5,2.875,7,2.5],"texture":"#0"}}},{"from":[4.5,20,7.25],"to":[7,22,8.75],"rotation":{"angle":0,"axis":"y","origin":[5,20,8.25]},"faces":{"north":{"uv":[7,1.625,6.375,2.125],"texture":"#0"},"east":{"uv":[7,1.625,6.875,2.125],"texture":"#0"},"south":{"uv":[7.5,1.625,6.875,2.125],"texture":"#0"},"west":{"uv":[1.25,0.375,0.875,0.875],"texture":"#0"},"up":{"uv":[1.25,0.375,1.875,0],"texture":"#0"}}},{"from":[-0.125,18.375,7.125],"to":[5.625,20.125,8.875],"rotation":{"angle":0,"axis":"y","origin":[0.5,18.5,8.25]},"faces":{"north":{"uv":[5.875,2.875,4.5,3.25],"texture":"#0"},"south":{"uv":[4.5,2.875,5.875,3.25],"texture":"#0"},"up":{"uv":[4.5,3,5.875,2.875],"texture":"#0"},"down":{"uv":[4.5,3.25,5.875,3.125],"texture":"#0"}}},{"from":[0,-8.125,7.75],"to":[5.5,18.375,7.75],"rotation":{"angle":0,"axis":"y","origin":[0.5,-8.125,7.25]},"faces":{"north":{"uv":[5.875,3.25,4.5,9.875],"texture":"#0"},"south":{"uv":[4.5,3.25,5.875,9.875],"texture":"#0"}}},{"from":[9,18.5,7.25],"to":[19,20,8.75],"rotation":{"angle":0,"axis":"y","origin":[18.5,18.5,8.25]},"faces":{"north":{"uv":[4.5,2.125,7,2.5],"texture":"#0"},"east":{"uv":[2.375,0.5,2.75,0.875],"texture":"#0"},"south":{"uv":[7,2.125,4.5,2.5],"texture":"#0"},"west":{"uv":[6.875,2,7,2.375],"texture":"#0"},"up":{"uv":[7,2.875,4.5,2.5],"texture":"#0"},"down":{"uv":[7,2.875,4.5,2.5],"texture":"#0"}}},{"from":[9,20,7.25],"to":[11.5,22,8.75],"rotation":{"angle":0,"axis":"y","origin":[11,20,8.25]},"faces":{"north":{"uv":[6.375,1.625,7,2.125],"texture":"#0"},"east":{"uv":[0.875,0.375,1.25,0.875],"texture":"#0"},"south":{"uv":[7,1.625,6.375,2.125],"texture":"#0"},"west":{"uv":[6.875,1.625,7,2.125],"texture":"#0"},"up":{"uv":[1.875,0.375,1.25,0],"texture":"#0"}}},{"from":[10.375,18.375,7.125],"to":[16.125,20.125,8.875],"rotation":{"angle":0,"axis":"y","origin":[15.5,18.5,8.25]},"faces":{"north":{"uv":[4.5,2.875,5.875,3.25],"texture":"#0"},"south":{"uv":[5.875,2.875,4.5,3.25],"texture":"#0"},"up":{"uv":[5.875,3,4.5,2.875],"texture":"#0"},"down":{"uv":[5.875,3.25,4.5,3.125],"texture":"#0"}}},{"from":[10.5,-8.125,7.75],"to":[16,18.375,7.75],"rotation":{"angle":0,"axis":"y","origin":[15.5,-8.125,7.25]},"faces":{"north":{"uv":[4.5,3.25,5.875,9.875],"texture":"#0"},"south":{"uv":[5.875,3.25,4.5,9.875],"texture":"#0"}}},{"from":[-2.375,9.875,8],"to":[-0.875,18.375,8],"rotation":{"angle":22.5,"axis":"y","origin":[-1.625,14.125,8]},"faces":{"north":{"uv":[13.125,0,12.75,2.125],"texture":"#0","tintindex":1},"south":{"uv":[13.125,0,12.75,2.125],"texture":"#0","tintindex":1}}},{"from":[-2,18.375,7.125],"to":[-1.25,20.125,8.875],"rotation":{"angle":0,"axis":"y","origin":[-1.375,18.5,8.25]},"faces":{"north":{"uv":[13,0.25,12.875,0.625],"texture":"#0","tintindex":1},"south":{"uv":[13,0.25,12.875,0.625],"texture":"#0","tintindex":1},"up":{"uv":[12.875,0.375,13,0.25],"texture":"#0","tintindex":1},"down":{"uv":[12.875,0.625,13,0.5],"texture":"#0","tintindex":1}}},{"from":[-2.375,9.875,8],"to":[-0.875,18.375,8],"rotation":{"angle":22.5,"axis":"y","origin":[-1.625,14.125,8]},"faces":{"north":{"uv":[13.5,0,13.125,2.125],"texture":"#0"},"south":{"uv":[13.5,0,13.125,2.125],"texture":"#0"}}},{"name":"cube inverted","from":[-1.25,20.125,8.875],"to":[-2,18.375,7.125],"rotation":{"angle":0,"axis":"y","origin":[-1.375,18.5,8.25]},"faces":{"north":{"uv":[13,0.625,12.875,0.25],"texture":"#0","tintindex":1},"south":{"uv":[13,0.625,12.875,0.25],"texture":"#0","tintindex":1},"up":{"uv":[13,0.625,12.875,0.5],"texture":"#0","tintindex":1},"down":{"uv":[13,0.375,12.875,0.25],"texture":"#0","tintindex":1}}},{"from":[16.875,9.875,8],"to":[18.375,18.375,8],"rotation":{"angle":-22.5,"axis":"y","origin":[17.625,14.125,8]},"faces":{"north":{"uv":[12.75,0,13.125,2.125],"texture":"#0","tintindex":1},"south":{"uv":[12.75,0,13.125,2.125],"texture":"#0","tintindex":1}}},{"from":[17.25,18.375,7.125],"to":[18,20.125,8.875],"rotation":{"angle":0,"axis":"y","origin":[17.375,18.5,8.25]},"faces":{"north":{"uv":[12.875,0.25,13,0.625],"texture":"#0","tintindex":1},"south":{"uv":[12.875,0.25,13,0.625],"texture":"#0","tintindex":1},"up":{"uv":[13,0.375,12.875,0.25],"texture":"#0","tintindex":1},"down":{"uv":[13,0.625,12.875,0.5],"texture":"#0","tintindex":1}}},{"from":[16.875,9.875,8],"to":[18.375,18.375,8],"rotation":{"angle":-22.5,"axis":"y","origin":[17.625,14.125,8]},"faces":{"north":{"uv":[13.125,0,13.5,2.125],"texture":"#0"},"south":{"uv":[13.125,0,13.5,2.125],"texture":"#0"}}},{"name":"cube inverted","from":[18,20.125,8.875],"to":[17.25,18.375,7.125],"rotation":{"angle":0,"axis":"y","origin":[17.375,18.5,8.25]},"faces":{"north":{"uv":[12.875,0.625,13,0.25],"texture":"#0","tintindex":1},"south":{"uv":[12.875,0.625,13,0.25],"texture":"#0","tintindex":1},"up":{"uv":[12.875,0.625,13,0.5],"texture":"#0","tintindex":1},"down":{"uv":[12.875,0.375,13,0.25],"texture":"#0","tintindex":1}}},{"from":[-0.125,18.375,7.125],"to":[5.625,20.125,8.875],"rotation":{"angle":0,"axis":"y","origin":[0.5,18.5,8.25]},"faces":{"north":{"uv":[9.5,2.875,8.125,3.25],"texture":"#0","tintindex":1},"south":{"uv":[8.125,2.875,9.5,3.25],"texture":"#0","tintindex":1},"up":{"uv":[8.125,3,9.5,2.875],"texture":"#0","tintindex":1},"down":{"uv":[8.125,3.25,9.5,3.125],"texture":"#0","tintindex":1}}},{"from":[10.375,18.375,7.125],"to":[16.125,20.125,8.875],"rotation":{"angle":0,"axis":"y","origin":[15.5,18.5,8.25]},"faces":{"north":{"uv":[8.125,2.875,9.5,3.25],"texture":"#0","tintindex":1},"south":{"uv":[9.5,2.875,8.125,3.25],"texture":"#0","tintindex":1},"up":{"uv":[9.5,3,8.125,2.875],"texture":"#0","tintindex":1},"down":{"uv":[9.5,3.25,8.125,3.125],"texture":"#0","tintindex":1}}},{"from":[10.5,-8.125,7.75],"to":[16,18.375,7.75],"rotation":{"angle":0,"axis":"y","origin":[15.5,-8.125,7.25]},"faces":{"north":{"uv":[8.125,3.25,9.5,9.875],"texture":"#0","tintindex":1},"south":{"uv":[9.5,3.25,8.125,9.875],"texture":"#0","tintindex":1}}},{"from":[0,-8.125,7.75],"to":[5.5,18.375,7.75],"rotation":{"angle":0,"axis":"y","origin":[0.5,-8.125,7.25]},"faces":{"north":{"uv":[9.5,3.25,8.125,9.875],"texture":"#0","tintindex":1},"south":{"uv":[8.125,3.25,9.5,9.875],"texture":"#0","tintindex":1}}},{"from":[7,-15,7],"to":[9,23.5,9],"rotation":{"angle":0,"axis":"y","origin":[7.5,-15,8.5]},"faces":{"north":{"uv":[12.5,1.25,12,10.875],"texture":"#0","tintindex":1},"east":{"uv":[12,1.25,12.5,10.875],"texture":"#0","tintindex":1},"south":{"uv":[12.5,1.25,12,10.875],"texture":"#0","tintindex":1},"west":{"uv":[12,1.25,12.5,10.875],"texture":"#0","tintindex":1}}},{"name":"cube inverted","from":[16.125,20.125,8.875],"to":[10.375,18.375,7.125],"rotation":{"angle":0,"axis":"y","origin":[15.5,18.5,8.25]},"faces":{"north":{"uv":[9.5,3.25,8.125,2.875],"texture":"#0","tintindex":1},"south":{"uv":[8.125,3.25,9.5,2.875],"texture":"#0","tintindex":1},"up":{"uv":[8.125,3.25,9.5,3.125],"texture":"#0","tintindex":1},"down":{"uv":[8.125,3,9.5,2.875],"texture":"#0","tintindex":1}}},{"name":"cube inverted","from":[5.625,20.125,8.875],"to":[-0.125,18.375,7.125],"rotation":{"angle":0,"axis":"y","origin":[0.5,18.5,8.25]},"faces":{"north":{"uv":[8.125,3.25,9.5,2.875],"texture":"#0","tintindex":1},"south":{"uv":[9.5,3.25,8.125,2.875],"texture":"#0","tintindex":1},"up":{"uv":[9.5,3.25,8.125,3.125],"texture":"#0","tintindex":1},"down":{"uv":[9.5,3,8.125,2.875],"texture":"#0","tintindex":1}}},{"name":"cube inverted","from":[5.625,20.125,8.875],"to":[-0.125,18.375,7.125],"rotation":{"angle":0,"axis":"y","origin":[0.5,18.5,8.25]},"faces":{"north":{"uv":[4.5,3.25,5.875,2.875],"texture":"#0"},"south":{"uv":[5.875,3.25,4.5,2.875],"texture":"#0"},"up":{"uv":[5.875,3.25,4.5,3.125],"texture":"#0"},"down":{"uv":[5.875,3,4.5,2.875],"texture":"#0"}}},{"name":"cube inverted","from":[16.125,20.125,8.875],"to":[10.375,18.375,7.125],"rotation":{"angle":0,"axis":"y","origin":[15.5,18.5,8.25]},"faces":{"north":{"uv":[5.875,3.25,4.5,2.875],"texture":"#0"},"south":{"uv":[4.5,3.25,5.875,2.875],"texture":"#0"},"up":{"uv":[4.5,3.25,5.875,3.125],"texture":"#0"},"down":{"uv":[4.5,3,5.875,2.875],"texture":"#0"}}}],"gui_light":"front","display":{"thirdperson_righthand":{"rotation":[63,9,0],"translation":[0,0,-1],"scale":[0.31,0.31,0.31]},"thirdperson_lefthand":{"rotation":[63,9,0],"translation":[0,0,-1],"scale":[0.31,0.31,0.31]},"firstperson_righthand":{"rotation":[174.5,68,-180],"translation":[15.25,2,-18.5]},"firstperson_lefthand":{"rotation":[174.5,68,-180],"translation":[15.25,2,-18.5]},"ground":{"translation":[0,8,0],"scale":[0.4,0.4,0.4]},"gui":{"rotation":[0,180,0],"translation":[0,3.5,0],"scale":[0.5,0.5,0.5]},"fixed":{"rotation":[-90,0,0],"translation":[0,0,-32],"scale":[4,4,4]}},"groups":[{"name":"post","origin":[7,18.5,9],"color":0,"children":[0,1,2,3,4,5,6,7,8,9,10,11,12,13,{"name":"bone3","origin":[-1.875,18.5,8.75],"color":0,"children":[14,15,16,17]},{"name":"bone4","origin":[16.875,18.5,8.75],"color":0,"children":[18,19,20,21]},22,23,24,25,26,27,28,29,30]}]}