{"credit":"Made with Blockbench","texture_size":[128,128],"textures":{"0":"custom/aether/decoration/archeology/empyrean_banner","particle":"custom/aether/decoration/archeology/empyrean_banner"},"elements":[{"from":[-2.25,14,7.25],"to":[18.25,15.5,8.75],"rotation":{"angle":0,"axis":"y","origin":[17.25,14,8.25]},"faces":{"north":{"uv":[7.625,0.5,12.75,0.875],"texture":"#0"},"east":{"uv":[7.25,0.875,7.625,1.25],"texture":"#0"},"south":{"uv":[7.625,0.5,12.75,0.875],"texture":"#0"},"west":{"uv":[7.25,0.875,7.625,1.25],"texture":"#0"},"up":{"uv":[12.75,1.25,7.625,0.875],"texture":"#0"},"down":{"uv":[12.75,1.25,7.625,0.875],"texture":"#0"}}},{"from":[5.75,15.5,7.25],"to":[10.25,17.5,8.75],"rotation":{"angle":0,"axis":"y","origin":[9.75,15.5,8.25]},"faces":{"north":{"uv":[6.375,1.625,7.5,2.125],"texture":"#0"},"east":{"uv":[0.875,0.375,1.25,0.875],"texture":"#0"},"south":{"uv":[6.375,1.625,7.5,2.125],"texture":"#0"},"west":{"uv":[0.875,0.375,1.25,0.875],"texture":"#0"},"up":{"uv":[2.375,0.375,1.25,0],"texture":"#0"}}},{"from":[-2.25,15.5,7.25],"to":[-0.25,17.5,8.75],"rotation":{"angle":0,"axis":"y","origin":[1.75,15.5,8.25]},"faces":{"north":{"uv":[12.25,0,12.75,0.5],"texture":"#0"},"east":{"uv":[6.375,0.375,6.75,0.875],"texture":"#0"},"south":{"uv":[12.75,0,12.25,0.5],"texture":"#0"},"west":{"uv":[7.25,0.375,7.625,0.875],"texture":"#0"},"up":{"uv":[2.375,0.375,1.875,0],"texture":"#0"}}},{"from":[16.25,15.5,7.25],"to":[18.25,17.5,8.75],"rotation":{"angle":0,"axis":"y","origin":[14.25,15.5,8.25]},"faces":{"north":{"uv":[12.75,0,12.25,0.5],"texture":"#0"},"east":{"uv":[7.625,0.375,7.25,0.875],"texture":"#0"},"south":{"uv":[12.25,0,12.75,0.5],"texture":"#0"},"west":{"uv":[6.75,0.375,6.375,0.875],"texture":"#0"},"up":{"uv":[1.875,0.375,2.375,0],"texture":"#0"}}},{"from":[1.125,13.875,7.125],"to":[14.875,15.625,8.875],"rotation":{"angle":0,"axis":"y","origin":[14.25,14,8.25]},"faces":{"north":{"uv":[4.5,2.875,7.875,3.25],"texture":"#0"},"south":{"uv":[4.5,2.875,7.875,3.25],"texture":"#0"},"up":{"uv":[7.875,3,4.5,2.875],"texture":"#0"},"down":{"uv":[7.875,3.25,4.5,3.125],"texture":"#0"}}},{"from":[1.25,-12.625,8],"to":[14.75,13.875,8],"rotation":{"angle":0,"axis":"y","origin":[14.25,-12.625,7.5]},"faces":{"north":{"uv":[4.5,3.25,7.875,9.875],"texture":"#0"},"south":{"uv":[4.5,3.25,7.875,9.875],"texture":"#0"}}},{"from":[1.25,-12.625,8],"to":[14.75,13.875,8],"rotation":{"angle":0,"axis":"y","origin":[14.25,-12.625,7.5]},"faces":{"north":{"uv":[8.125,3.25,11.5,9.875],"texture":"#0","tintindex":1},"south":{"uv":[8.125,3.25,11.5,9.875],"texture":"#0","tintindex":1}}},{"from":[1.125,13.875,7.125],"to":[14.875,15.625,8.875],"rotation":{"angle":0,"axis":"y","origin":[14.25,14,8.25]},"faces":{"north":{"uv":[8.125,2.875,11.5,3.25],"texture":"#0","tintindex":1},"south":{"uv":[8.125,2.875,11.5,3.25],"texture":"#0","tintindex":1},"up":{"uv":[11.5,3,8.125,2.875],"texture":"#0","tintindex":1},"down":{"uv":[11.5,3.25,8.125,3.125],"texture":"#0","tintindex":1}}},{"name":"cube inverted","from":[14.875,15.625,8.875],"to":[1.125,13.875,7.125],"rotation":{"angle":0,"axis":"y","origin":[14.25,14,8.25]},"faces":{"north":{"uv":[4.5,3.25,7.875,2.875],"texture":"#0"},"south":{"uv":[4.5,3.25,7.875,2.875],"texture":"#0"},"up":{"uv":[4.5,3.25,7.875,3.125],"texture":"#0"},"down":{"uv":[4.5,3,7.875,2.875],"texture":"#0"}}},{"name":"cube inverted","from":[14.875,15.625,8.875],"to":[1.125,13.875,7.125],"rotation":{"angle":0,"axis":"y","origin":[14.25,14,8.25]},"faces":{"north":{"uv":[8.125,3.25,11.5,2.875],"texture":"#0","tintindex":1},"south":{"uv":[8.125,3.25,11.5,2.875],"texture":"#0","tintindex":1},"up":{"uv":[8.125,3.25,11.5,3.125],"texture":"#0","tintindex":1},"down":{"uv":[8.125,3,11.5,2.875],"texture":"#0","tintindex":1}}},{"from":[15.25,5.375,8],"to":[16.75,13.875,8],"rotation":{"angle":-22.5,"axis":"y","origin":[16,9.625,8]},"faces":{"north":{"uv":[12.75,0,13.125,2.125],"texture":"#0","tintindex":1},"south":{"uv":[12.75,0,13.125,2.125],"texture":"#0","tintindex":1}}},{"from":[15.625,13.875,7.125],"to":[16.375,15.625,8.875],"rotation":{"angle":0,"axis":"y","origin":[15.75,14,8.25]},"faces":{"north":{"uv":[12.875,0.25,13,0.625],"texture":"#0","tintindex":1},"south":{"uv":[12.875,0.25,13,0.625],"texture":"#0","tintindex":1},"up":{"uv":[13,0.375,12.875,0.25],"texture":"#0","tintindex":1},"down":{"uv":[13,0.625,12.875,0.5],"texture":"#0","tintindex":1}}},{"from":[15.25,5.375,8],"to":[16.75,13.875,8],"rotation":{"angle":-22.5,"axis":"y","origin":[16,9.625,8]},"faces":{"north":{"uv":[13.125,0,13.5,2.125],"texture":"#0"},"south":{"uv":[13.125,0,13.5,2.125],"texture":"#0"}}},{"from":[-0.75,5.375,8],"to":[0.75,13.875,8],"rotation":{"angle":22.5,"axis":"y","origin":[0,9.625,8]},"faces":{"north":{"uv":[13.125,0,12.75,2.125],"texture":"#0","tintindex":1},"south":{"uv":[13.125,0,12.75,2.125],"texture":"#0","tintindex":1}}},{"from":[-0.375,13.875,7.125],"to":[0.375,15.625,8.875],"rotation":{"angle":0,"axis":"y","origin":[0.25,14,8.25]},"faces":{"north":{"uv":[13,0.25,12.875,0.625],"texture":"#0","tintindex":1},"south":{"uv":[13,0.25,12.875,0.625],"texture":"#0","tintindex":1},"up":{"uv":[12.875,0.375,13,0.25],"texture":"#0","tintindex":1},"down":{"uv":[12.875,0.625,13,0.5],"texture":"#0","tintindex":1}}},{"from":[-0.75,5.375,8],"to":[0.75,13.875,8],"rotation":{"angle":22.5,"axis":"y","origin":[0,9.625,8]},"faces":{"north":{"uv":[13.5,0,13.125,2.125],"texture":"#0"},"south":{"uv":[13.5,0,13.125,2.125],"texture":"#0"}}}],"gui_light":"front","display":{"thirdperson_righthand":{"rotation":[63,9,0],"translation":[0,0,-1],"scale":[0.31,0.31,0.31]},"thirdperson_lefthand":{"rotation":[63,9,0],"translation":[0,0,-1],"scale":[0.31,0.31,0.31]},"firstperson_righthand":{"rotation":[174.5,68,-180],"translation":[15.25,2,-18.5]},"firstperson_lefthand":{"rotation":[174.5,68,-180],"translation":[15.25,2,-18.5]},"ground":{"translation":[0,8,0],"scale":[0.4,0.4,0.4]},"gui":{"rotation":[0,180,0],"translation":[0,2.75,0],"scale":[0.5,0.5,0.5]},"fixed":{"rotation":[90,0,0],"translation":[0,0,-38],"scale":[4,4,4]}},"groups":[{"name":"ceiling","origin":[8,14,8.25],"color":0,"children":[0,1,2,3,4,5,6,7,8,9,{"name":"bone5","origin":[15.75,14,8.25],"color":0,"children":[10,11,12]},{"name":"bone6","origin":[0.25,14,8.25],"color":0,"children":[13,14,15]}]}]}