{"credit":"Made with Blockbench","texture_size":[128,128],"textures":{"0":"custom/aether/decoration/archeology/empyrean_banner","particle":"custom/aether/decoration/archeology/empyrean_banner"},"elements":[{"from":[7,0,7],"to":[9,16,9],"rotation":{"angle":0,"axis":"y","origin":[7.5,0,7.5]},"faces":{"north":{"uv":[12.5,3.875,13,7.875],"texture":"#0"},"east":{"uv":[12.5,3.875,13,7.875],"texture":"#0"},"south":{"uv":[12.5,3.875,13,7.875],"texture":"#0"},"west":{"uv":[12.5,3.875,13,7.875],"texture":"#0"}}},{"from":[6.875,1.875,6.875],"to":[9.125,14.125,9.125],"rotation":{"angle":0,"axis":"y","origin":[7.5,2,7.5]},"faces":{"north":{"uv":[13.5,4.375,14,7.375],"texture":"#0"},"east":{"uv":[13.5,4.375,14,7.375],"texture":"#0"},"south":{"uv":[13.5,4.375,14,7.375],"texture":"#0"},"west":{"uv":[13.5,4.375,14,7.375],"texture":"#0"}}},{"from":[4.25,16.5,8],"to":[11.75,23,8],"rotation":{"angle":0,"axis":"y","origin":[8,19.75,8]},"faces":{"north":{"uv":[15.375,0,13.5,1.625],"texture":"#0"},"south":{"uv":[15.375,0,13.5,1.625],"texture":"#0"}}},{"from":[6.5,16,6.5],"to":[9.5,17,9.5],"rotation":{"angle":0,"axis":"y","origin":[7,16,9]},"faces":{"north":{"uv":[10.125,2,9.375,2.25],"texture":"#0"},"east":{"uv":[10.125,2,9.375,2.25],"texture":"#0"},"south":{"uv":[10.125,2,9.375,2.25],"texture":"#0"},"west":{"uv":[10.125,2,9.375,2.25],"texture":"#0"},"up":{"uv":[9.375,2,10.125,1.25],"texture":"#0"},"down":{"uv":[10.125,2,10.875,1.25],"texture":"#0"}}},{"name":"cube inverted","from":[9.125,14.125,9.125],"to":[6.875,1.875,6.875],"rotation":{"angle":0,"axis":"y","origin":[7.5,2,7.5]},"faces":{"north":{"uv":[13.5,7.375,14,4.375],"texture":"#0"},"east":{"uv":[13.5,7.375,14,4.375],"texture":"#0"},"south":{"uv":[13.5,7.375,14,4.375],"texture":"#0"},"west":{"uv":[13.5,7.375,14,4.375],"texture":"#0"}}},{"from":[6.875,1.875,6.875],"to":[9.125,14.125,9.125],"rotation":{"angle":0,"axis":"y","origin":[7.5,2,7.5]},"faces":{"north":{"uv":[14,4.375,14.5,7.375],"texture":"#0","tintindex":1},"east":{"uv":[14,4.375,14.5,7.375],"texture":"#0","tintindex":1},"south":{"uv":[14,4.375,14.5,7.375],"texture":"#0","tintindex":1},"west":{"uv":[14,4.375,14.5,7.375],"texture":"#0","tintindex":1}}},{"name":"cube inverted","from":[9.125,14.125,9.125],"to":[6.875,1.875,6.875],"rotation":{"angle":0,"axis":"y","origin":[7.5,2,7.5]},"faces":{"north":{"uv":[14,7.375,14.5,4.375],"texture":"#0","tintindex":1},"east":{"uv":[14,7.375,14.5,4.375],"texture":"#0","tintindex":1},"south":{"uv":[14,7.375,14.5,4.375],"texture":"#0","tintindex":1},"west":{"uv":[14,7.375,14.5,4.375],"texture":"#0","tintindex":1}}},{"from":[7,0,7],"to":[9,16,9],"rotation":{"angle":0,"axis":"y","origin":[7.5,0,7.5]},"faces":{"north":{"uv":[13,3.875,13.5,7.875],"texture":"#0","tintindex":1},"east":{"uv":[13,3.875,13.5,7.875],"texture":"#0","tintindex":1},"south":{"uv":[13,3.875,13.5,7.875],"texture":"#0","tintindex":1},"west":{"uv":[13,3.875,13.5,7.875],"texture":"#0","tintindex":1},"down":{"uv":[13,7.75,13.5,7.875],"texture":"#0","tintindex":1}}}],"gui_light":"front","display":{"thirdperson_righthand":{"rotation":[90,0,0],"translation":[-4,-2,4],"scale":[2,2,2]},"thirdperson_lefthand":{"rotation":[90,0,0],"translation":[-8,-2,4],"scale":[2,2,2]},"firstperson_righthand":{"rotation":[-13.5,-64,0],"translation":[3.25,5,0],"scale":[0.6,0.6,0.6]},"firstperson_lefthand":{"rotation":[-13.5,-64,0],"translation":[3.25,5,0],"scale":[0.6,0.6,0.6]},"ground":{"translation":[0,5,0],"scale":[0.4,0.4,0.4]},"gui":{"rotation":[0,180,0],"translation":[-2.5,-1,0],"scale":[0.5,0.5,0.5]},"fixed":{"rotation":[-90,0,0],"translation":[-4.25,0,-32],"scale":[4,4,4]}},"groups":[{"name":"post","origin":[7,16,9],"color":0,"children":[0,1,2,3,4,5,6,7]}]}