{"credit":"Made with Blockbench","texture_size":[128,128],"textures":{"0":"custom/aether/decoration/archeology/empyrean_banner","particle":"custom/aether/decoration/archeology/empyrean_banner"},"elements":[{"from":[13.25,14,7.5],"to":[15.25,16,9],"rotation":{"angle":0,"axis":"y","origin":[14.75,14,8]},"faces":{"north":{"uv":[7.25,0.375,6.75,0.875],"texture":"#0"},"east":{"uv":[7.625,0.375,7.25,0.875],"texture":"#0"},"south":{"uv":[7.25,0.375,6.75,0.875],"texture":"#0"},"west":{"uv":[6.75,0.375,6.375,0.875],"texture":"#0"},"up":{"uv":[1.875,0,2.375,0.375],"texture":"#0"}}},{"from":[5.75,14,7.5],"to":[10.25,16,9],"rotation":{"angle":0,"axis":"y","origin":[6.25,14,8]},"faces":{"north":{"uv":[1.25,0.375,2.375,0.875],"texture":"#0"},"east":{"uv":[0.875,0.375,1.25,0.875],"texture":"#0"},"south":{"uv":[1.25,0.375,2.375,0.875],"texture":"#0"},"west":{"uv":[0.875,0.375,1.25,0.875],"texture":"#0"},"up":{"uv":[1.25,0,2.375,0.375],"texture":"#0"}}},{"from":[0.75,14,7.5],"to":[2.75,16,9],"rotation":{"angle":0,"axis":"y","origin":[1.25,14,8]},"faces":{"north":{"uv":[6.75,0.375,7.25,0.875],"texture":"#0"},"east":{"uv":[6.375,0.375,6.75,0.875],"texture":"#0"},"south":{"uv":[6.75,0.375,7.25,0.875],"texture":"#0"},"west":{"uv":[7.25,0.375,7.625,0.875],"texture":"#0"},"up":{"uv":[2.375,0,1.875,0.375],"texture":"#0"}}},{"from":[0.75,12.5,7.5],"to":[15.25,14,9],"rotation":{"angle":0,"axis":"y","origin":[1.25,12.5,8]},"faces":{"north":{"uv":[3.625,0.875,7.25,1.25],"texture":"#0"},"east":{"uv":[7.25,0.875,7.625,1.25],"texture":"#0"},"south":{"uv":[3.625,0.875,7.25,1.25],"texture":"#0"},"west":{"uv":[7.25,0.875,7.625,1.25],"texture":"#0"},"up":{"uv":[3.625,1.25,7.25,1.625],"texture":"#0"},"down":{"uv":[3.625,1.25,7.25,1.625],"texture":"#0"}}},{"from":[3.625,12.375,7.375],"to":[12.375,14.125,9.125],"rotation":{"angle":0,"axis":"y","origin":[4.25,12.5,8]},"faces":{"north":{"uv":[0,1.625,2.125,2],"texture":"#0"},"south":{"uv":[0,1.625,2.125,2],"texture":"#0"},"up":{"uv":[0,1.625,2.125,1.75],"texture":"#0"},"down":{"uv":[0,1.875,2.125,2],"texture":"#0"}}},{"name":"cube inverted","from":[12.375,14.125,9.125],"to":[3.625,12.375,7.375],"rotation":{"angle":0,"axis":"y","origin":[4.25,12.5,8]},"faces":{"north":{"uv":[0,2,2.125,1.625],"texture":"#0"},"south":{"uv":[0,2,2.125,1.625],"texture":"#0"},"up":{"uv":[2.125,1.875,0,2],"texture":"#0"},"down":{"uv":[2.125,1.625,0,1.75],"texture":"#0"}}},{"from":[3.75,-10.125,8.25],"to":[12.25,12.375,8.25],"rotation":{"angle":0,"axis":"y","origin":[4.25,-10.125,8.625]},"faces":{"north":{"uv":[0,2,2.125,7.625],"texture":"#0"},"south":{"uv":[0,2,2.125,7.625],"texture":"#0"}}},{"from":[3.75,-10.125,8.25],"to":[12.25,12.375,8.25],"rotation":{"angle":0,"axis":"y","origin":[4.25,-10.125,9.125]},"faces":{"north":{"uv":[2.375,2,4.5,7.625],"texture":"#0","tintindex":1},"south":{"uv":[2.375,2,4.5,7.625],"texture":"#0","tintindex":1}}},{"from":[3.625,12.375,7.375],"to":[12.375,14.125,9.125],"rotation":{"angle":0,"axis":"y","origin":[4.25,12.5,8]},"faces":{"north":{"uv":[2.375,1.625,4.5,2],"texture":"#0","tintindex":1},"south":{"uv":[2.375,1.625,4.5,2],"texture":"#0","tintindex":1},"up":{"uv":[2.375,1.625,4.5,1.75],"texture":"#0","tintindex":1},"down":{"uv":[2.375,1.875,4.5,2],"texture":"#0","tintindex":1}}},{"name":"cube inverted","from":[12.375,14.125,9.125],"to":[3.625,12.375,7.375],"rotation":{"angle":0,"axis":"y","origin":[4.25,12.5,8]},"faces":{"north":{"uv":[2.375,2,4.5,1.625],"texture":"#0","tintindex":1},"south":{"uv":[2.375,2,4.5,1.625],"texture":"#0","tintindex":1},"up":{"uv":[4.5,1.875,2.375,2],"texture":"#0","tintindex":1},"down":{"uv":[4.5,1.625,2.375,1.75],"texture":"#0","tintindex":1}}}],"gui_light":"front","display":{"thirdperson_righthand":{"rotation":[58.95,8.73,-0.43],"translation":[0,-1.75,-2.75],"scale":[0.5,0.5,0.5]},"thirdperson_lefthand":{"rotation":[58.95,8.73,-0.43],"translation":[0,-1.75,-2.75],"scale":[0.5,0.5,0.5]},"firstperson_righthand":{"rotation":[-176,55,-180],"translation":[25,-6.25,-25.75],"scale":[1.6,1.6,1.6]},"firstperson_lefthand":{"rotation":[-176,55,-180],"translation":[25,-6.25,-25.75],"scale":[1.6,1.6,1.6]},"ground":{"translation":[0,8,0],"scale":[0.4,0.4,0.4]},"gui":{"translation":[0,3,0],"scale":[0.6,0.6,0.6]},"fixed":{"rotation":[90,0,0],"translation":[0,0,-32],"scale":[4,4,4]}},"groups":[{"name":"bone","origin":[1.25,0,8],"color":0,"children":[0,1,2,3]},4,5,6,7,8,9]}