{"credit":"Made with Blockbench","texture_size":[128,128],"textures":{"0":"custom/aether/decoration/archeology/empyrean_banner","particle":"custom/aether/decoration/archeology/empyrean_banner"},"elements":[{"from":[-12.625,8.375,8],"to":[13.875,13.875,8],"rotation":{"angle":0,"axis":"z","origin":[11.25,7.875,8]},"faces":{"north":{"uv":[5.875,3.25,4.5,9.875],"rotation":270,"texture":"#0"},"south":{"uv":[4.5,3.25,5.875,9.875],"rotation":90,"texture":"#0"}}},{"from":[-12.625,1.875,8],"to":[13.875,7.375,8],"rotation":{"angle":0,"axis":"z","origin":[11.25,7.875,8]},"faces":{"north":{"uv":[4.5,3.25,5.875,9.875],"rotation":270,"texture":"#0"},"south":{"uv":[5.875,3.25,4.5,9.875],"rotation":90,"texture":"#0"}}},{"from":[-12.625,1.875,8],"to":[13.875,7.375,8],"rotation":{"angle":0,"axis":"z","origin":[11.25,7.875,8]},"faces":{"north":{"uv":[8.125,3.25,9.5,9.875],"rotation":270,"texture":"#0","tintindex":1},"south":{"uv":[9.5,3.25,8.125,9.875],"rotation":90,"texture":"#0","tintindex":1}}},{"from":[-12.625,8.375,8],"to":[13.875,13.875,8],"rotation":{"angle":0,"axis":"z","origin":[11.25,7.875,8]},"faces":{"north":{"uv":[9.5,3.25,8.125,9.875],"rotation":270,"texture":"#0","tintindex":1},"south":{"uv":[8.125,3.25,9.5,9.875],"rotation":90,"texture":"#0","tintindex":1}}},{"from":[14,0,7],"to":[16,16,9],"rotation":{"angle":0,"axis":"y","origin":[14.5,0,7.5]},"faces":{"north":{"uv":[12.5,3.875,13,7.875],"texture":"#0"},"east":{"uv":[12.5,3.875,13,7.875],"texture":"#0"},"south":{"uv":[12.5,3.875,13,7.875],"texture":"#0"},"west":{"uv":[12.5,3.875,13,7.875],"texture":"#0"}}},{"from":[13.875,1.875,6.875],"to":[16.125,14.125,9.125],"rotation":{"angle":0,"axis":"y","origin":[14.5,2,7.5]},"faces":{"north":{"uv":[13.5,4.375,14,7.375],"texture":"#0"},"east":{"uv":[13.5,4.375,14,7.375],"texture":"#0"},"south":{"uv":[13.5,4.375,14,7.375],"texture":"#0"},"west":{"uv":[13.5,4.375,14,7.375],"texture":"#0"}}},{"from":[11.25,16.5,8],"to":[18.75,23,8],"rotation":{"angle":0,"axis":"y","origin":[15,19.75,8]},"faces":{"north":{"uv":[15.375,0,13.5,1.625],"texture":"#0"},"south":{"uv":[15.375,0,13.5,1.625],"texture":"#0"}}},{"from":[13.5,16,6.5],"to":[16.5,17,9.5],"rotation":{"angle":0,"axis":"y","origin":[14,16,9]},"faces":{"north":{"uv":[10.125,2,9.375,2.25],"texture":"#0"},"east":{"uv":[10.125,2,9.375,2.25],"texture":"#0"},"south":{"uv":[10.125,2,9.375,2.25],"texture":"#0"},"west":{"uv":[10.125,2,9.375,2.25],"texture":"#0"},"up":{"uv":[9.375,2,10.125,1.25],"texture":"#0"},"down":{"uv":[10.125,2,10.875,1.25],"texture":"#0"}}},{"name":"cube inverted","from":[16.125,14.125,9.125],"to":[13.875,1.875,6.875],"rotation":{"angle":0,"axis":"y","origin":[14.5,2,7.5]},"faces":{"north":{"uv":[13.5,7.375,14,4.375],"texture":"#0"},"east":{"uv":[13.5,7.375,14,4.375],"texture":"#0"},"south":{"uv":[13.5,7.375,14,4.375],"texture":"#0"},"west":{"uv":[13.5,7.375,14,4.375],"texture":"#0"}}},{"from":[13.875,1.875,6.875],"to":[16.125,14.125,9.125],"rotation":{"angle":0,"axis":"y","origin":[14.5,2,7.5]},"faces":{"north":{"uv":[14,4.375,14.5,7.375],"texture":"#0","tintindex":1},"east":{"uv":[14,4.375,14.5,7.375],"texture":"#0","tintindex":1},"south":{"uv":[14,4.375,14.5,7.375],"texture":"#0","tintindex":1},"west":{"uv":[14,4.375,14.5,7.375],"texture":"#0","tintindex":1}}},{"name":"cube inverted","from":[16.125,14.125,9.125],"to":[13.875,1.875,6.875],"rotation":{"angle":0,"axis":"y","origin":[14.5,2,7.5]},"faces":{"north":{"uv":[14,7.375,14.5,4.375],"texture":"#0","tintindex":1},"east":{"uv":[14,7.375,14.5,4.375],"texture":"#0","tintindex":1},"south":{"uv":[14,7.375,14.5,4.375],"texture":"#0","tintindex":1},"west":{"uv":[14,7.375,14.5,4.375],"texture":"#0","tintindex":1}}},{"from":[14,0,7],"to":[16,16,9],"rotation":{"angle":0,"axis":"y","origin":[14.5,0,7.5]},"faces":{"north":{"uv":[13,3.875,13.5,7.875],"texture":"#0","tintindex":1},"east":{"uv":[13,3.875,13.5,7.875],"texture":"#0","tintindex":1},"south":{"uv":[13,3.875,13.5,7.875],"texture":"#0","tintindex":1},"west":{"uv":[13,3.875,13.5,7.875],"texture":"#0","tintindex":1},"down":{"uv":[13,7.75,13.5,7.875],"texture":"#0","tintindex":1}}}],"gui_light":"front","display":{"thirdperson_righthand":{"rotation":[100.81,-85,56.06],"translation":[0,2.25,-0.5],"scale":[0.31,0.31,0.31]},"thirdperson_lefthand":{"rotation":[110.19,75.17,-77.17],"translation":[0,2,-1],"scale":[0.31,0.31,0.31]},"firstperson_righthand":{"rotation":[-13.5,-64,0],"translation":[1,5,-2],"scale":[0.6,0.6,0.6]},"firstperson_lefthand":{"rotation":[149.42,76.99,-167.83],"translation":[3.25,4.5,-3.25],"scale":[0.6,0.6,0.6]},"ground":{"translation":[-2.75,5,0],"scale":[0.4,0.4,0.4]},"gui":{"rotation":[0,180,0],"translation":[-2.5,-1,0],"scale":[0.5,0.5,0.5]},"fixed":{"rotation":[-90,0,0],"translation":[-28,0,-32],"scale":[4,4,4]}},"groups":[{"name":"banner","origin":[14,7.875,8],"color":0,"children":[0,1,2,3]},{"name":"post","origin":[7,16,9],"color":0,"children":[4,5,6,7,8,9,10,11]}]}