{"credit":"Made with Blockbench","texture_size":[64,64],"textures":{"0":"custom/aether/decoration/archeology/empyrean_envoy_sculpture","particle":"custom/aether/decoration/archeology/empyrean_envoy_sculpture"},"elements":[{"from":[3,16,3],"to":[13,28,13],"rotation":{"angle":0,"axis":"y","origin":[3,16,3]},"faces":{"north":{"uv":[0,1,2.5,4],"texture":"#0"},"east":{"uv":[5.5,1,3,4],"texture":"#0"},"south":{"uv":[6.25,1,8.75,4],"texture":"#0"},"west":{"uv":[3,1,5.5,4],"texture":"#0"},"up":{"uv":[6.75,4.25,4.25,6.75],"rotation":90,"texture":"#0"},"down":{"uv":[0,0,2.5,2.5],"texture":"#0"}}},{"from":[7,19,3],"to":[9,23,5],"rotation":{"angle":22.5,"axis":"x","origin":[8,23,3]},"faces":{"north":{"uv":[3.75,0,4.25,1],"texture":"#0"},"east":{"uv":[4.75,0,4.25,1],"texture":"#0"},"south":{"uv":[3.75,0,4.25,1],"texture":"#0"},"west":{"uv":[4.25,0,4.75,1],"texture":"#0"},"up":{"uv":[3.75,0,4.25,0.25],"texture":"#0"},"down":{"uv":[4.75,0.75,4.25,1],"rotation":90,"texture":"#0"}}},{"from":[3,19,13],"to":[13,23,16],"rotation":{"angle":0,"axis":"y","origin":[3,19,13]},"faces":{"north":{"uv":[0,0,2.5,1],"texture":"#0"},"east":{"uv":[6.25,2.25,5.5,3.25],"texture":"#0"},"south":{"uv":[6.25,2.25,8.75,3.25],"texture":"#0"},"west":{"uv":[5.5,2.25,6.25,3.25],"texture":"#0"},"up":{"uv":[4.25,4.25,3.5,6.75],"rotation":90,"texture":"#0"},"down":{"uv":[11,6.75,10.25,4.25],"rotation":90,"texture":"#0"}}},{"from":[3,25,1],"to":[13,31,6],"rotation":{"angle":0,"axis":"y","origin":[3,27,1]},"faces":{"north":{"uv":[0,0.25,2.5,1.75],"texture":"#0"},"east":{"uv":[3.75,0.25,2.5,1.75],"texture":"#0"},"south":{"uv":[6.25,0.25,8.75,1.75],"texture":"#0"},"west":{"uv":[2.5,0.25,3.75,1.75],"texture":"#0"},"up":{"uv":[6,4.25,7.25,6.75],"rotation":90,"texture":"#0"},"down":{"uv":[8.5,4.25,7.25,6.75],"rotation":90,"texture":"#0"}}},{"from":[6,31,1],"to":[10,32,6],"rotation":{"angle":0,"axis":"y","origin":[3,28,1]},"faces":{"north":{"uv":[0.75,0,1.75,0.25],"texture":"#0"},"east":{"uv":[2.5,0,3.75,0.25],"texture":"#0"},"south":{"uv":[7,0,8,0.25],"texture":"#0"},"west":{"uv":[2.5,0,3.75,0.25],"texture":"#0"},"up":{"uv":[6,5,7.25,6],"rotation":90,"texture":"#0"}}},{"from":[1,-8,3],"to":[15,16,13],"rotation":{"angle":0,"axis":"y","origin":[1,-8,7]},"faces":{"north":{"uv":[2.5,6.75,6,12.75],"texture":"#0"},"east":{"uv":[0,6.75,2.5,12.75],"texture":"#0"},"south":{"uv":[8.5,6.75,12,12.75],"texture":"#0"},"west":{"uv":[6,6.75,8.5,12.75],"texture":"#0"},"up":{"uv":[0,4.25,3.5,6.75],"texture":"#0"}}},{"from":[-2,0,6],"to":[1,12,10],"rotation":{"angle":0,"axis":"y","origin":[-1,10,8]},"faces":{"north":{"uv":[0,12.75,0.75,15.75],"texture":"#0"},"south":{"uv":[0.75,12.75,0,15.75],"texture":"#0"},"west":{"uv":[1.75,12.75,0.75,15.75],"texture":"#0"},"up":{"uv":[2.5,12.75,1.75,13.75],"texture":"#0"},"down":{"uv":[2.5,13.75,1.75,14.75],"texture":"#0"}}},{"from":[15,0,6],"to":[18,12,10],"rotation":{"angle":0,"axis":"y","origin":[17,10,8]},"faces":{"north":{"uv":[0.75,12.75,0,15.75],"texture":"#0"},"east":{"uv":[0.75,12.75,1.75,15.75],"texture":"#0"},"south":{"uv":[0,12.75,0.75,15.75],"texture":"#0"},"up":{"uv":[1.75,12.75,2.5,13.75],"texture":"#0"},"down":{"uv":[1.75,13.75,2.5,14.75],"texture":"#0"}}},{"from":[0,-16,1],"to":[16,-8,15],"rotation":{"angle":0,"axis":"y","origin":[16,-16,0]},"faces":{"north":{"uv":[12,4,16,6],"texture":"#0"},"east":{"uv":[12,6,15.5,8],"texture":"#0"},"south":{"uv":[12,4,16,6],"texture":"#0"},"west":{"uv":[12,6,15.5,8],"texture":"#0"},"up":{"uv":[12,0.5,16,4],"texture":"#0"},"down":{"uv":[12,8,16,11.5],"texture":"#0"}}}],"display":{"thirdperson_righthand":{"rotation":[51,42,0],"translation":[0,1.75,0.75],"scale":[0.2,0.2,0.2]},"thirdperson_lefthand":{"rotation":[51,42,0],"translation":[0,1.75,0.75],"scale":[0.2,0.2,0.2]},"firstperson_righthand":{"rotation":[-176.25,59.75,-180],"translation":[20,-0.25,-20.25],"scale":[0.7,0.7,0.7]},"firstperson_lefthand":{"rotation":[-176.25,59.75,-180],"translation":[20,-0.25,-20.25],"scale":[0.7,0.7,0.7]},"ground":{"translation":[0,7.75,0],"scale":[0.3,0.3,0.3]},"gui":{"rotation":[30,135,0],"translation":[0,0.75,0],"scale":[0.33,0.33,0.33]},"fixed":{"rotation":[90,0,0],"translation":[0,0,16],"scale":[2,2,2]}},"groups":[{"name":"group","origin":[3,27,1],"color":0,"children":[0,1,2,3,4]},5,6,7,8]}