{"credit":"Made with Blockbench","texture_size":[128,128],"textures":{"0":"custom/aether/decoration/archeology/empyrean_banner","particle":"custom/aether/decoration/archeology/empyrean_banner"},"elements":[{"from":[-1.75,16,7.25],"to":[17.75,17.5,8.75],"rotation":{"angle":0,"axis":"y","origin":[-1.25,16,8.25]},"faces":{"north":{"uv":[9.375,2.125,4.5,2.5],"texture":"#0"},"east":{"uv":[2.75,0.5,2.375,0.875],"texture":"#0"},"south":{"uv":[9.375,2.125,4.5,2.5],"texture":"#0"},"west":{"uv":[2.75,0.5,2.375,0.875],"texture":"#0"},"up":{"uv":[4.5,2.875,9.375,2.5],"texture":"#0"},"down":{"uv":[4.5,2.875,9.375,2.5],"texture":"#0"}}},{"from":[5.75,17.5,7.25],"to":[10.25,19.5,8.75],"rotation":{"angle":0,"axis":"y","origin":[6.25,17.5,8.25]},"faces":{"north":{"uv":[7.5,1.625,6.375,2.125],"texture":"#0"},"east":{"uv":[1.25,0.375,0.875,0.875],"texture":"#0"},"south":{"uv":[7.5,1.625,6.375,2.125],"texture":"#0"},"west":{"uv":[1.25,0.375,0.875,0.875],"texture":"#0"},"up":{"uv":[1.25,0.375,2.375,0],"texture":"#0"}}},{"from":[1.125,15.875,7.125],"to":[14.875,17.625,8.875],"rotation":{"angle":0,"axis":"y","origin":[1.75,16,8.25]},"faces":{"north":{"uv":[7.875,2.875,4.5,3.25],"texture":"#0"},"south":{"uv":[7.875,2.875,4.5,3.25],"texture":"#0"},"up":{"uv":[4.5,3,7.875,2.875],"texture":"#0"},"down":{"uv":[4.5,3.25,7.875,3.125],"texture":"#0"}}},{"from":[1.25,-10.625,7.5],"to":[14.75,15.875,7.5],"rotation":{"angle":0,"axis":"y","origin":[1.75,-10.625,7]},"faces":{"north":{"uv":[7.875,3.25,4.5,9.875],"texture":"#0"},"south":{"uv":[7.875,3.25,4.5,9.875],"texture":"#0"}}},{"from":[1.125,15.875,7.125],"to":[14.875,17.625,8.875],"rotation":{"angle":0,"axis":"y","origin":[1.75,16,8.25]},"faces":{"north":{"uv":[11.5,2.875,8.125,3.25],"texture":"#0","tintindex":1},"south":{"uv":[11.5,2.875,8.125,3.25],"texture":"#0","tintindex":1},"up":{"uv":[8.125,3,11.5,2.875],"texture":"#0","tintindex":1},"down":{"uv":[8.125,3.25,11.5,3.125],"texture":"#0","tintindex":1}}},{"from":[1.25,-10.625,7.5],"to":[14.75,15.875,7.5],"rotation":{"angle":0,"axis":"y","origin":[1.75,-10.625,7]},"faces":{"north":{"uv":[11.5,3.25,8.125,9.875],"texture":"#0","tintindex":1},"south":{"uv":[11.5,3.25,8.125,9.875],"texture":"#0","tintindex":1}}},{"name":"cube inverted","from":[14.875,17.625,8.875],"to":[1.125,15.875,7.125],"rotation":{"angle":0,"axis":"y","origin":[1.75,16,8.25]},"faces":{"north":{"uv":[7.875,3.25,4.5,2.875],"texture":"#0"},"south":{"uv":[7.875,3.25,4.5,2.875],"texture":"#0"},"up":{"uv":[7.875,3.25,4.5,3.125],"texture":"#0"},"down":{"uv":[7.875,3,4.5,2.875],"texture":"#0"}}},{"name":"cube inverted","from":[14.875,17.625,8.875],"to":[1.125,15.875,7.125],"rotation":{"angle":0,"axis":"y","origin":[1.75,16,8.25]},"faces":{"north":{"uv":[11.5,3.25,8.125,2.875],"texture":"#0","tintindex":1},"south":{"uv":[11.5,3.25,8.125,2.875],"texture":"#0","tintindex":1},"up":{"uv":[11.5,3.25,8.125,3.125],"texture":"#0","tintindex":1},"down":{"uv":[11.5,3,8.125,2.875],"texture":"#0","tintindex":1}}},{"from":[-1.25,7.375,8],"to":[0.25,15.875,8],"rotation":{"angle":22.5,"axis":"y","origin":[-0.5,11.625,8]},"faces":{"north":{"uv":[13.125,0,12.75,2.125],"texture":"#0","tintindex":1},"south":{"uv":[13.125,0,12.75,2.125],"texture":"#0","tintindex":1}}},{"from":[-0.875,15.875,7.125],"to":[-0.125,17.625,8.875],"rotation":{"angle":0,"axis":"y","origin":[-0.25,16,8.25]},"faces":{"north":{"uv":[13,0.25,12.875,0.625],"texture":"#0","tintindex":1},"south":{"uv":[13,0.25,12.875,0.625],"texture":"#0","tintindex":1},"up":{"uv":[12.875,0.375,13,0.25],"texture":"#0","tintindex":1},"down":{"uv":[12.875,0.625,13,0.5],"texture":"#0","tintindex":1}}},{"from":[-1.25,7.375,8],"to":[0.25,15.875,8],"rotation":{"angle":22.5,"axis":"y","origin":[-0.5,11.625,8]},"faces":{"north":{"uv":[13.5,0,13.125,2.125],"texture":"#0"},"south":{"uv":[13.5,0,13.125,2.125],"texture":"#0"}}},{"name":"cube inverted","from":[-0.125,17.625,8.875],"to":[-0.875,15.875,7.125],"rotation":{"angle":0,"axis":"y","origin":[-0.25,16,8.25]},"faces":{"north":{"uv":[13,0.625,12.875,0.25],"texture":"#0","tintindex":1},"south":{"uv":[13,0.625,12.875,0.25],"texture":"#0","tintindex":1},"up":{"uv":[13,0.625,12.875,0.5],"texture":"#0","tintindex":1},"down":{"uv":[13,0.375,12.875,0.25],"texture":"#0","tintindex":1}}},{"from":[15.75,7.375,8],"to":[17.25,15.875,8],"rotation":{"angle":-22.5,"axis":"y","origin":[16.5,11.625,8]},"faces":{"north":{"uv":[12.75,0,13.125,2.125],"texture":"#0","tintindex":1},"south":{"uv":[12.75,0,13.125,2.125],"texture":"#0","tintindex":1}}},{"from":[16.125,15.875,7.125],"to":[16.875,17.625,8.875],"rotation":{"angle":0,"axis":"y","origin":[16.25,16,8.25]},"faces":{"north":{"uv":[12.875,0.25,13,0.625],"texture":"#0","tintindex":1},"south":{"uv":[12.875,0.25,13,0.625],"texture":"#0","tintindex":1},"up":{"uv":[13,0.375,12.875,0.25],"texture":"#0","tintindex":1},"down":{"uv":[13,0.625,12.875,0.5],"texture":"#0","tintindex":1}}},{"from":[15.75,7.375,8],"to":[17.25,15.875,8],"rotation":{"angle":-22.5,"axis":"y","origin":[16.5,11.625,8]},"faces":{"north":{"uv":[13.125,0,13.5,2.125],"texture":"#0"},"south":{"uv":[13.125,0,13.5,2.125],"texture":"#0"}}},{"name":"cube inverted","from":[16.875,17.625,8.875],"to":[16.125,15.875,7.125],"rotation":{"angle":0,"axis":"y","origin":[16.25,16,8.25]},"faces":{"north":{"uv":[12.875,0.625,13,0.25],"texture":"#0","tintindex":1},"south":{"uv":[12.875,0.625,13,0.25],"texture":"#0","tintindex":1},"up":{"uv":[12.875,0.625,13,0.5],"texture":"#0","tintindex":1},"down":{"uv":[12.875,0.375,13,0.25],"texture":"#0","tintindex":1}}}],"gui_light":"front","display":{"thirdperson_righthand":{"rotation":[63,9,0],"translation":[0,0,-1],"scale":[0.31,0.31,0.31]},"thirdperson_lefthand":{"rotation":[63,9,0],"translation":[0,0,-1],"scale":[0.31,0.31,0.31]},"firstperson_righthand":{"rotation":[174.5,68,-180],"translation":[15.25,2,-18.5]},"firstperson_lefthand":{"rotation":[174.5,68,-180],"translation":[15.25,2,-18.5]},"ground":{"translation":[0,8,0],"scale":[0.4,0.4,0.4]},"gui":{"rotation":[0,180,0],"translation":[0,2,0],"scale":[0.5,0.5,0.5]},"fixed":{"translation":[0,8,-4],"scale":[4,4,4]}},"groups":[{"name":"wall","origin":[8,0,8.25],"color":0,"children":[0,1,2,3,4,5,6,7,{"name":"bone","origin":[-0.25,0,8.25],"color":0,"children":[8,9,10,11]},{"name":"bone2","origin":[16.25,0,8.25],"color":0,"children":[12,13,14,15]}]}]}