{"credit":"Made with Blockbench","ambientocclusion":false,"texture_size":[64,64],"textures":{"0":"custom/aether/decoration/archeology/ethereal_pottery","particle":"custom/aether/decoration/archeology/ethereal_pottery"},"elements":[{"from":[1,0,1],"to":[15,10,15],"rotation":{"angle":0,"axis":"y","origin":[1,0,1]},"faces":{"north":{"uv":[7,11,10.5,13.5],"texture":"#0","tintindex":1},"east":{"uv":[7,11,10.5,13.5],"texture":"#0","tintindex":1},"south":{"uv":[7,11,10.5,13.5],"texture":"#0","tintindex":1},"west":{"uv":[7,11,10.5,13.5],"texture":"#0","tintindex":1},"up":{"uv":[7,7.5,10.5,11],"texture":"#0","tintindex":1}}},{"from":[1,0,1],"to":[15,10,15],"rotation":{"angle":0,"axis":"y","origin":[1,0,1]},"faces":{"north":{"uv":[10.5,11,14,13.5],"texture":"#0","tintindex":1},"east":{"uv":[10.5,11,14,13.5],"texture":"#0","tintindex":1},"south":{"uv":[10.5,11,14,13.5],"texture":"#0","tintindex":1},"west":{"uv":[10.5,11,14,13.5],"texture":"#0","tintindex":1},"down":{"uv":[10.5,7.5,14,11],"texture":"#0","tintindex":1}}},{"from":[6,10,6],"to":[10,14,10],"rotation":{"angle":0,"axis":"y","origin":[6,10,6]},"faces":{"north":{"uv":[6,7,7,8],"texture":"#0","tintindex":1},"east":{"uv":[6,7,7,8],"texture":"#0","tintindex":1},"south":{"uv":[6,7,7,8],"texture":"#0","tintindex":1},"west":{"uv":[6,7,7,8],"texture":"#0","tintindex":1}}},{"from":[6,10,6],"to":[10,14,10],"rotation":{"angle":0,"axis":"y","origin":[6,10,6]},"faces":{"north":{"uv":[6,7.75,7,8.75],"texture":"#0","tintindex":1},"east":{"uv":[6,7.75,7,8.75],"texture":"#0","tintindex":1},"south":{"uv":[6,7.75,7,8.75],"texture":"#0","tintindex":1},"west":{"uv":[6,7.75,7,8.75],"texture":"#0","tintindex":1}}},{"from":[5,14,5],"to":[11,16,11],"rotation":{"angle":0,"axis":"y","origin":[6,14,6]},"faces":{"north":{"uv":[7,7,8.5,7.5],"texture":"#0","tintindex":1},"east":{"uv":[7,7,8.5,7.5],"texture":"#0","tintindex":1},"south":{"uv":[7,7,8.5,7.5],"texture":"#0","tintindex":1},"west":{"uv":[7,7,8.5,7.5],"texture":"#0","tintindex":1},"up":{"uv":[7,5.5,8.5,7],"texture":"#0","tintindex":1},"down":{"uv":[8.5,5.5,10,7],"texture":"#0","tintindex":1}}},{"from":[11,13,7],"to":[13,16,9],"rotation":{"angle":0,"axis":"y","origin":[15,13,7]},"faces":{"north":{"uv":[6.5,5.5,7,6.25],"texture":"#0","tintindex":1},"east":{"uv":[6.75,5.5,6.5,6.25],"texture":"#0","tintindex":1},"south":{"uv":[7,5.5,6.5,6.25],"texture":"#0","tintindex":1},"west":{"uv":[7,5.5,6.5,6.25],"texture":"#0","tintindex":1},"up":{"uv":[7,5.5,6.5,5.75],"texture":"#0","tintindex":1}}},{"from":[11,10,7],"to":[15,13,9],"rotation":{"angle":0,"axis":"y","origin":[15,10,7]},"faces":{"north":{"uv":[6,6.25,7,7],"texture":"#0","tintindex":1},"east":{"uv":[6.25,6.25,6,7],"texture":"#0","tintindex":1},"south":{"uv":[7,6.25,6,7],"texture":"#0","tintindex":1},"west":{"uv":[7,6.25,6.75,7],"texture":"#0","tintindex":1},"up":{"uv":[7,6.25,6,6.5],"texture":"#0","tintindex":1},"down":{"uv":[7,6.25,6,6.75],"texture":"#0","tintindex":1}}},{"from":[3,13,7],"to":[5,16,9],"rotation":{"angle":0,"axis":"y","origin":[1,13,7]},"faces":{"north":{"uv":[7,5.5,6.5,6.25],"texture":"#0","tintindex":1},"east":{"uv":[6.5,5.5,7,6.25],"texture":"#0","tintindex":1},"south":{"uv":[6.5,5.5,7,6.25],"texture":"#0","tintindex":1},"west":{"uv":[6.5,5.5,6.75,6.25],"texture":"#0","tintindex":1},"up":{"uv":[6.5,5.5,7,5.75],"texture":"#0","tintindex":1}}},{"from":[1,10,7],"to":[5,13,9],"rotation":{"angle":0,"axis":"y","origin":[1,10,7]},"faces":{"north":{"uv":[7,6.25,6,7],"texture":"#0","tintindex":1},"east":{"uv":[6.75,6.25,7,7],"texture":"#0","tintindex":1},"south":{"uv":[6,6.25,7,7],"texture":"#0","tintindex":1},"west":{"uv":[6,6.25,6.25,7],"texture":"#0","tintindex":1},"up":{"uv":[6,6.25,7,6.5],"texture":"#0","tintindex":1},"down":{"uv":[6,6.25,7,6.75],"texture":"#0","tintindex":1}}}],"display":{"thirdperson_righthand":{"rotation":[44.25,-40,0],"translation":[0,1.75,0],"scale":[0.3,0.3,0.3]},"thirdperson_lefthand":{"rotation":[44.25,-40,0],"translation":[0,1.75,0],"scale":[0.3,0.3,0.3]},"firstperson_righthand":{"rotation":[5,115,0],"translation":[8,1,-8],"scale":[0.7,0.7,0.7]},"firstperson_lefthand":{"rotation":[5,115,0],"translation":[8,1,-8],"scale":[0.7,0.7,0.7]},"ground":{"translation":[0,6,0],"scale":[0.4,0.4,0.4]},"gui":{"rotation":[30,135,0],"translation":[0,1,0],"scale":[0.6,0.6,0.6]},"fixed":{"rotation":[90,0,0],"translation":[0,0,-16],"scale":[2,2,2]}}}