{"credit":"Made with Blockbench","ambientocclusion":false,"texture_size":[64,64],"textures":{"0":"custom/aether/decoration/archeology/ethereal_pottery","particle":"custom/aether/decoration/archeology/ethereal_pottery"},"elements":[{"from":[2,0,2],"to":[14,3,14],"rotation":{"angle":0,"axis":"y","origin":[2,0,2]},"faces":{"north":{"uv":[3,8.5,6,9.25],"texture":"#0","tintindex":1},"east":{"uv":[3,8.5,6,9.25],"texture":"#0","tintindex":1},"south":{"uv":[3,8.5,6,9.25],"texture":"#0","tintindex":1},"west":{"uv":[3,8.5,6,9.25],"texture":"#0","tintindex":1},"down":{"uv":[3,5.5,6,8.5],"texture":"#0","tintindex":1}}},{"from":[2,0,2],"to":[14,3,14],"rotation":{"angle":0,"axis":"y","origin":[2,0,2]},"faces":{"north":{"uv":[0,8.5,3,9.25],"texture":"#0","tintindex":1},"east":{"uv":[0,8.5,3,9.25],"texture":"#0","tintindex":1},"south":{"uv":[0,8.5,3,9.25],"texture":"#0","tintindex":1},"west":{"uv":[0,8.5,3,9.25],"texture":"#0","tintindex":1},"up":{"uv":[0,5.5,3,8.5],"texture":"#0","tintindex":1}}},{"from":[5,3,5],"to":[11,6,11],"rotation":{"angle":0,"axis":"y","origin":[5,3,5]},"faces":{"north":{"uv":[0,9.25,1.5,10],"texture":"#0","tintindex":1},"east":{"uv":[0,9.25,1.5,10],"texture":"#0","tintindex":1},"south":{"uv":[0,9.25,1.5,10],"texture":"#0","tintindex":1},"west":{"uv":[0,9.25,1.5,10],"texture":"#0","tintindex":1}}},{"from":[0,6,0],"to":[16,12,16],"rotation":{"angle":0,"axis":"y","origin":[0,6,0]},"faces":{"north":{"uv":[0,4,4,5.5],"texture":"#0","tintindex":1},"east":{"uv":[0,4,4,5.5],"texture":"#0","tintindex":1},"south":{"uv":[0,4,4,5.5],"texture":"#0","tintindex":1},"west":{"uv":[0,4,4,5.5],"texture":"#0","tintindex":1},"down":{"uv":[7,0,11,4],"texture":"#0","tintindex":1}}},{"from":[0,6,0],"to":[16,12,16],"rotation":{"angle":0,"axis":"y","origin":[0,6,0]},"faces":{"north":{"uv":[4,4,8,5.5],"texture":"#0","tintindex":1},"east":{"uv":[4,4,8,5.5],"texture":"#0","tintindex":1},"south":{"uv":[4,4,8,5.5],"texture":"#0","tintindex":1},"west":{"uv":[4,4,8,5.5],"texture":"#0","tintindex":1},"up":{"uv":[0,0,4,4],"texture":"#0","tintindex":1},"down":{"uv":[11,0,15,4],"texture":"#0","tintindex":1}}},{"name":"cube inverted","from":[14,12,14],"to":[2,8,2],"rotation":{"angle":0,"axis":"y","origin":[0,6,0]},"faces":{"north":{"uv":[4,1,7,0],"texture":"#0","tintindex":1},"east":{"uv":[4,1,7,0],"texture":"#0","tintindex":1},"south":{"uv":[4,1,7,0],"texture":"#0","tintindex":1},"west":{"uv":[4,1,7,0],"texture":"#0","tintindex":1},"up":{"uv":[7,1,4,4],"texture":"#0","tintindex":1}}},{"from":[18,9,6],"to":[23,12,10],"rotation":{"angle":0,"axis":"y","origin":[18,9,7]},"faces":{"north":{"uv":[0.5,11,1.75,11.75],"texture":"#0","tintindex":1},"east":{"uv":[2.75,11,1.75,11.75],"texture":"#0","tintindex":1},"south":{"uv":[1.75,11,0.5,11.75],"texture":"#0","tintindex":1},"west":{"uv":[2.75,10.25,1.75,11],"texture":"#0","tintindex":1},"up":{"uv":[1.75,10,0.5,11],"texture":"#0","tintindex":1}}},{"from":[16,6,6],"to":[23,9,10],"rotation":{"angle":0,"axis":"y","origin":[18,6,7]},"faces":{"north":{"uv":[1.75,11.75,0,12.5],"texture":"#0","tintindex":1},"east":{"uv":[1.75,11.75,2.75,12.5],"texture":"#0","tintindex":1},"south":{"uv":[0,11.75,1.75,12.5],"texture":"#0","tintindex":1},"up":{"uv":[1.75,13.5,0,14.5],"texture":"#0","tintindex":1},"down":{"uv":[1.75,12.5,0,13.5],"texture":"#0","tintindex":1}}},{"from":[-7,6,6],"to":[0,9,10],"rotation":{"angle":0,"axis":"y","origin":[-2,6,7]},"faces":{"north":{"uv":[0,11.75,1.75,12.5],"texture":"#0","tintindex":1},"south":{"uv":[1.75,11.75,0,12.5],"texture":"#0","tintindex":1},"west":{"uv":[2.75,11.75,1.75,12.5],"texture":"#0","tintindex":1},"up":{"uv":[0,13.5,1.75,14.5],"texture":"#0","tintindex":1},"down":{"uv":[0,12.5,1.75,13.5],"texture":"#0","tintindex":1}}},{"from":[-7,9,6],"to":[-2,12,10],"rotation":{"angle":0,"axis":"y","origin":[-2,9,7]},"faces":{"north":{"uv":[1.75,11,0.5,11.75],"texture":"#0","tintindex":1},"east":{"uv":[1.75,10.25,2.75,11],"texture":"#0","tintindex":1},"south":{"uv":[0.5,11,1.75,11.75],"texture":"#0","tintindex":1},"west":{"uv":[1.75,11,2.75,11.75],"texture":"#0","tintindex":1},"up":{"uv":[0.5,10,1.75,11],"texture":"#0","tintindex":1}}}],"display":{"thirdperson_righthand":{"rotation":[44.25,-40,0],"translation":[0,1.75,0],"scale":[0.3,0.3,0.3]},"thirdperson_lefthand":{"rotation":[44.25,-40,0],"translation":[0,1.75,0],"scale":[0.3,0.3,0.3]},"firstperson_righthand":{"rotation":[1.71,-62.54,3.23],"translation":[6,1,-8.5],"scale":[0.7,0.7,0.7]},"firstperson_lefthand":{"rotation":[1.71,-62.54,3.23],"translation":[6,1,-8.5],"scale":[0.7,0.7,0.7]},"ground":{"translation":[0,6,0],"scale":[0.4,0.4,0.4]},"gui":{"rotation":[30,135,0],"scale":[0.6,0.6,0.6]},"fixed":{"rotation":[-90,0,0],"translation":[0,0,-16],"scale":[2,2,2]}}}