{"credit":"Made with Blockbench","ambientocclusion":false,"texture_size":[64,64],"textures":{"0":"custom/aether/decoration/archeology/ethereal_krater","particle":"custom/aether/decoration/archeology/ethereal_krater"},"elements":[{"from":[1,-16,1],"to":[15,-13,15],"rotation":{"angle":0,"axis":"y","origin":[1,-16,1]},"faces":{"north":{"uv":[8,9.5,11.5,10.25],"texture":"#0","tintindex":1},"east":{"uv":[8,9.5,11.5,10.25],"texture":"#0","tintindex":1},"south":{"uv":[8,9.5,11.5,10.25],"texture":"#0","tintindex":1},"west":{"uv":[8,9.5,11.5,10.25],"texture":"#0","tintindex":1},"up":{"uv":[8,6,11.5,9.5],"texture":"#0","tintindex":1},"down":{"uv":[11.5,6,15,9.5],"texture":"#0","tintindex":1}}},{"from":[3,-13,3],"to":[13,-10,13],"rotation":{"angle":0,"axis":"y","origin":[3,-13,3]},"faces":{"north":{"uv":[4,4,6.5,4.75],"texture":"#0","tintindex":1},"east":{"uv":[4,4,6.5,4.75],"texture":"#0","tintindex":1},"south":{"uv":[4,4,6.5,4.75],"texture":"#0","tintindex":1},"west":{"uv":[4,4,6.5,4.75],"texture":"#0","tintindex":1}}},{"from":[2,8,2],"to":[14,13,14],"rotation":{"angle":0,"axis":"y","origin":[3,8,3]},"faces":{"north":{"uv":[0,4.75,3,6],"texture":"#0","tintindex":1},"east":{"uv":[0,4.75,3,6],"texture":"#0","tintindex":1},"south":{"uv":[0,4.75,3,6],"texture":"#0","tintindex":1},"west":{"uv":[0,4.75,3,6],"texture":"#0","tintindex":1}}},{"from":[2,8,2],"to":[14,13,14],"rotation":{"angle":0,"axis":"y","origin":[3,8,3]},"faces":{"north":{"uv":[3,4.75,6,6],"texture":"#0","tintindex":1},"east":{"uv":[3,4.75,6,6],"texture":"#0","tintindex":1},"south":{"uv":[3,4.75,6,6],"texture":"#0","tintindex":1},"west":{"uv":[3,4.75,6,6],"texture":"#0","tintindex":1}}},{"from":[0,13,0],"to":[16,16,16],"rotation":{"angle":0,"axis":"y","origin":[3,11,3]},"faces":{"north":{"uv":[0,4,4,4.75],"texture":"#0","tintindex":1},"east":{"uv":[0,4,4,4.75],"texture":"#0","tintindex":1},"south":{"uv":[0,4,4,4.75],"texture":"#0","tintindex":1},"west":{"uv":[0,4,4,4.75],"texture":"#0","tintindex":1},"up":{"uv":[0,0,4,4],"texture":"#0","tintindex":1},"down":{"uv":[4,0,8,4],"texture":"#0","tintindex":1}}},{"from":[0,-10,0],"to":[16,8,16],"rotation":{"angle":0,"axis":"y","origin":[0,-10,0]},"faces":{"north":{"uv":[0,10,4,14.5],"texture":"#0","tintindex":1},"east":{"uv":[0,10,4,14.5],"texture":"#0","tintindex":1},"south":{"uv":[0,10,4,14.5],"texture":"#0","tintindex":1},"west":{"uv":[0,10,4,14.5],"texture":"#0","tintindex":1},"down":{"uv":[4,6,8,10],"texture":"#0","tintindex":1}}},{"from":[0,-10,0],"to":[16,8,16],"rotation":{"angle":0,"axis":"y","origin":[0,-10,0]},"faces":{"north":{"uv":[4,10,8,14.5],"texture":"#0","tintindex":1},"east":{"uv":[4,10,8,14.5],"texture":"#0","tintindex":1},"south":{"uv":[4,10,8,14.5],"texture":"#0","tintindex":1},"west":{"uv":[4,10,8,14.5],"texture":"#0","tintindex":1},"up":{"uv":[0,6,4,10],"texture":"#0","tintindex":1}}},{"from":[16,5,6],"to":[22,8,10],"rotation":{"angle":0,"axis":"y","origin":[16,5,6]},"faces":{"north":{"uv":[9,3.5,10.5,4.25],"texture":"#0","tintindex":1},"east":{"uv":[8,3.5,9,4.25],"texture":"#0","tintindex":1},"south":{"uv":[10.5,3.5,9,4.25],"texture":"#0","tintindex":1},"west":{"uv":[10.5,3.5,11.5,4.25],"texture":"#0","tintindex":1},"up":{"uv":[10.5,5.25,9,4.25],"texture":"#0","tintindex":1},"down":{"uv":[11,0,9.5,1],"texture":"#0","tintindex":1}}},{"from":[19,8,6],"to":[22,13,10],"rotation":{"angle":0,"axis":"y","origin":[16,8,6]},"faces":{"north":{"uv":[9,2.25,9.75,3.5],"texture":"#0","tintindex":1},"east":{"uv":[8,2.25,9,3.5],"texture":"#0","tintindex":1},"south":{"uv":[9.75,2.25,9,3.5],"texture":"#0","tintindex":1},"west":{"uv":[10.5,2.25,11.5,3.5],"texture":"#0","tintindex":1}}},{"from":[16,13,6],"to":[22,18,10],"rotation":{"angle":0,"axis":"y","origin":[16,13,6]},"faces":{"north":{"uv":[9,1,10.5,2.25],"texture":"#0","tintindex":1},"east":{"uv":[8,1,9,2.25],"texture":"#0","tintindex":1},"south":{"uv":[10.5,1,9,2.25],"texture":"#0","tintindex":1},"west":{"uv":[10.5,1,11.5,2.25],"texture":"#0","tintindex":1},"up":{"uv":[9.5,0,8,1],"texture":"#0","tintindex":1},"down":{"uv":[10.5,2.25,9,3.25],"texture":"#0","tintindex":1}}},{"from":[-6,13,6],"to":[0,18,10],"rotation":{"angle":0,"axis":"y","origin":[0,13,6]},"faces":{"north":{"uv":[10.5,1,9,2.25],"texture":"#0","tintindex":1},"east":{"uv":[11.5,1,10.5,2.25],"texture":"#0","tintindex":1},"south":{"uv":[9,1,10.5,2.25],"texture":"#0","tintindex":1},"west":{"uv":[9,1,8,2.25],"texture":"#0","tintindex":1},"up":{"uv":[8,0,9.5,1],"texture":"#0","tintindex":1},"down":{"uv":[9,2.25,10.5,3.25],"texture":"#0","tintindex":1}}},{"from":[-6,5,6],"to":[0,8,10],"rotation":{"angle":0,"axis":"y","origin":[0,5,6]},"faces":{"north":{"uv":[10.5,3.5,9,4.25],"texture":"#0","tintindex":1},"east":{"uv":[11.5,3.5,10.5,4.25],"texture":"#0","tintindex":1},"south":{"uv":[9,3.5,10.5,4.25],"texture":"#0","tintindex":1},"west":{"uv":[9,3.5,8,4.25],"texture":"#0","tintindex":1},"up":{"uv":[9,5.25,10.5,4.25],"texture":"#0","tintindex":1},"down":{"uv":[9.5,0,11,1],"texture":"#0","tintindex":1}}},{"from":[-6,8,6],"to":[-3,13,10],"rotation":{"angle":0,"axis":"y","origin":[0,8,6]},"faces":{"north":{"uv":[9.75,2.25,9,3.5],"texture":"#0","tintindex":1},"east":{"uv":[11.5,2.25,10.5,3.5],"texture":"#0","tintindex":1},"south":{"uv":[9,2.25,9.75,3.5],"texture":"#0","tintindex":1},"west":{"uv":[9,2.25,8,3.5],"texture":"#0","tintindex":1}}}],"display":{"thirdperson_righthand":{"rotation":[-125,-45,-180],"translation":[0,3,2],"scale":[0.3,0.3,0.3]},"thirdperson_lefthand":{"rotation":[-125,-45,-180],"translation":[0,3,2],"scale":[0.3,0.3,0.3]},"firstperson_righthand":{"rotation":[5,119,0],"translation":[7,6,-8],"scale":[0.5,0.5,0.5]},"firstperson_lefthand":{"rotation":[5,119,0],"translation":[7,6,-8],"scale":[0.5,0.5,0.5]},"ground":{"translation":[0,8,0],"scale":[0.3,0.3,0.3]},"gui":{"rotation":[30,135,0],"translation":[0,2,0],"scale":[0.35,0.35,0.35]},"fixed":{"rotation":[90,0,0],"translation":[0,0,16],"scale":[2,2,2]}}}