{"credit":"Made with Blockbench","ambientocclusion":false,"texture_size":[64,64],"textures":{"0":"custom/aether/decoration/archeology/ethereal_amphora","particle":"custom/aether/decoration/archeology/ethereal_amphora"},"elements":[{"from":[3,0,3],"to":[13,3,13],"rotation":{"angle":0,"axis":"y","origin":[3,0,3]},"faces":{"north":{"uv":[0,14,2.5,14.75],"texture":"#0","tintindex":1},"east":{"uv":[0,14,2.5,14.75],"texture":"#0","tintindex":1},"south":{"uv":[0,14,2.5,14.75],"texture":"#0","tintindex":1},"west":{"uv":[0,14,2.5,14.75],"texture":"#0","tintindex":1},"up":{"uv":[0,11.5,2.5,14],"texture":"#0","tintindex":1},"down":{"uv":[2.5,11.5,5,14],"texture":"#0","tintindex":1}}},{"from":[5,3,5],"to":[11,5,11],"rotation":{"angle":0,"axis":"y","origin":[5,3,5]},"faces":{"north":{"uv":[2.5,14,4,14.5],"texture":"#0","tintindex":1},"east":{"uv":[2.5,14,4,14.5],"texture":"#0","tintindex":1},"south":{"uv":[2.5,14,4,14.5],"texture":"#0","tintindex":1},"west":{"uv":[2.5,14,4,14.5],"texture":"#0","tintindex":1}}},{"from":[2,5,2],"to":[14,19,14],"rotation":{"angle":0,"axis":"y","origin":[2,5,2]},"faces":{"north":{"uv":[0,8,3,11.5],"texture":"#0","tintindex":1},"east":{"uv":[0,8,3,11.5],"texture":"#0","tintindex":1},"south":{"uv":[0,8,3,11.5],"texture":"#0","tintindex":1},"west":{"uv":[0,8,3,11.5],"texture":"#0","tintindex":1},"down":{"uv":[3,5,6,8],"texture":"#0","tintindex":1}}},{"from":[2,5,2],"to":[14,19,14],"rotation":{"angle":0,"axis":"y","origin":[2,5,2]},"faces":{"north":{"uv":[3,8,6,11.5],"texture":"#0","tintindex":1},"east":{"uv":[3,8,6,11.5],"texture":"#0","tintindex":1},"south":{"uv":[3,8,6,11.5],"texture":"#0","tintindex":1},"west":{"uv":[3,8,6,11.5],"texture":"#0","tintindex":1},"up":{"uv":[0,5,3,8],"texture":"#0","tintindex":1}}},{"from":[6,19,6],"to":[10,30,10],"rotation":{"angle":0,"axis":"y","origin":[6,19,6]},"faces":{"north":{"uv":[1,2,2,4.75],"texture":"#0","tintindex":1},"east":{"uv":[1,2,2,4.75],"texture":"#0","tintindex":1},"south":{"uv":[1,2,2,4.75],"texture":"#0","tintindex":1},"west":{"uv":[1,2,2,4.75],"texture":"#0","tintindex":1}}},{"from":[6,19,6],"to":[10,30,10],"rotation":{"angle":0,"axis":"y","origin":[6,19,6]},"faces":{"north":{"uv":[0,2,1,4.75],"texture":"#0","tintindex":1},"east":{"uv":[0,2,1,4.75],"texture":"#0","tintindex":1},"south":{"uv":[0,2,1,4.75],"texture":"#0","tintindex":1},"west":{"uv":[0,2,1,4.75],"texture":"#0","tintindex":1}}},{"from":[5,30,5],"to":[11,32,11],"rotation":{"angle":0,"axis":"y","origin":[5,30,5]},"faces":{"north":{"uv":[0,1.5,1.5,2],"texture":"#0","tintindex":1},"east":{"uv":[0,1.5,1.5,2],"texture":"#0","tintindex":1},"south":{"uv":[0,1.5,1.5,2],"texture":"#0","tintindex":1},"west":{"uv":[0,1.5,1.5,2],"texture":"#0","tintindex":1},"up":{"uv":[0,0,1.5,1.5],"texture":"#0","tintindex":1},"down":{"uv":[1.5,0,3,1.5],"texture":"#0","tintindex":1}}},{"from":[14,19,7],"to":[17,23,9],"rotation":{"angle":0,"axis":"y","origin":[20,25,5]},"faces":{"north":{"uv":[2,3.25,2.75,4.25],"texture":"#0","tintindex":1},"east":{"uv":[2.25,3.25,2,4.25],"texture":"#0","tintindex":1},"south":{"uv":[2.75,3.25,2,4.25],"texture":"#0","tintindex":1},"up":{"uv":[2.75,3.25,2,3.5],"texture":"#0","tintindex":1},"down":{"uv":[2.75,4,2,4.25],"texture":"#0","tintindex":1}}},{"from":[12,19,7],"to":[14,27,9],"rotation":{"angle":0,"axis":"y","origin":[18,25,5]},"faces":{"north":{"uv":[2.75,2.25,3.25,4.25],"texture":"#0","tintindex":1},"east":{"uv":[3,2.25,2.75,4.25],"texture":"#0","tintindex":1},"south":{"uv":[3.25,2.25,2.75,4.25],"texture":"#0","tintindex":1},"west":{"uv":[3.25,2.25,3,4.25],"texture":"#0","tintindex":1}}},{"from":[10,27,7],"to":[14,30,9],"rotation":{"angle":0,"axis":"y","origin":[16,28,5]},"faces":{"north":{"uv":[2.75,1.5,3.75,2.25],"texture":"#0","tintindex":1},"east":{"uv":[3,1.5,2.75,2.25],"texture":"#0","tintindex":1},"south":{"uv":[3.75,1.5,2.75,2.25],"texture":"#0","tintindex":1},"west":{"uv":[3.25,1.5,2.75,2.25],"texture":"#0","tintindex":1},"up":{"uv":[3.75,1.5,2.75,1.75],"texture":"#0","tintindex":1},"down":{"uv":[3.75,2,2.75,2.25],"texture":"#0","tintindex":1}}},{"from":[2,27,7],"to":[6,30,9],"rotation":{"angle":0,"axis":"y","origin":[0,28,5]},"faces":{"north":{"uv":[3.75,1.5,2.75,2.25],"texture":"#0","tintindex":1},"east":{"uv":[2.75,1.5,3.25,2.25],"texture":"#0","tintindex":1},"south":{"uv":[2.75,1.5,3.75,2.25],"texture":"#0","tintindex":1},"west":{"uv":[2.75,1.5,3,2.25],"texture":"#0","tintindex":1},"up":{"uv":[2.75,1.5,3.75,1.75],"texture":"#0","tintindex":1},"down":{"uv":[2.75,2,3.75,2.25],"texture":"#0","tintindex":1}}},{"from":[-1,19,7],"to":[2,23,9],"rotation":{"angle":0,"axis":"y","origin":[-4,25,5]},"faces":{"north":{"uv":[2.75,3.25,2,4.25],"texture":"#0","tintindex":1},"south":{"uv":[2,3.25,2.75,4.25],"texture":"#0","tintindex":1},"west":{"uv":[2,3.25,2.25,4.25],"texture":"#0","tintindex":1},"up":{"uv":[2,3.25,2.75,3.5],"texture":"#0","tintindex":1},"down":{"uv":[2,4,2.75,4.25],"texture":"#0","tintindex":1}}},{"from":[2,19,7],"to":[4,27,9],"rotation":{"angle":0,"axis":"y","origin":[-2,25,5]},"faces":{"north":{"uv":[3.25,2.25,2.75,4.25],"texture":"#0","tintindex":1},"east":{"uv":[3,2.25,3.25,4.25],"texture":"#0","tintindex":1},"south":{"uv":[2.75,2.25,3.25,4.25],"texture":"#0","tintindex":1},"west":{"uv":[2.75,2.25,3,4.25],"texture":"#0","tintindex":1}}}],"display":{"thirdperson_righthand":{"rotation":[44.25,-40,0],"translation":[0,1.75,0],"scale":[0.3,0.3,0.3]},"thirdperson_lefthand":{"rotation":[44.25,-40,0],"translation":[0,1.75,0],"scale":[0.3,0.3,0.3]},"firstperson_righthand":{"rotation":[5,115,0],"translation":[8,-2,-8],"scale":[0.7,0.7,0.7]},"firstperson_lefthand":{"rotation":[5,115,0],"translation":[8,-2,-8],"scale":[0.7,0.7,0.7]},"ground":{"translation":[0,6,0],"scale":[0.4,0.4,0.4]},"gui":{"rotation":[30,135,0],"translation":[0,-3,0],"scale":[0.45,0.45,0.45]},"fixed":{"rotation":[90,0,0],"translation":[0,0,-16],"scale":[2,2,2]}}}