{"credit":"Made with Blockbench","ambientocclusion":false,"texture_size":[64,64],"textures":{"0":"custom/aether/decoration/archeology/ethereal_pottery","particle":"custom/aether/decoration/archeology/ethereal_pottery"},"elements":[{"from":[6,0,6],"to":[10,3,10],"rotation":{"angle":0,"axis":"y","origin":[8,0,6]},"faces":{"north":{"uv":[4.25,15.25,5.25,16],"texture":"#0","tintindex":1},"east":{"uv":[4.25,15.25,5.25,16],"texture":"#0","tintindex":1},"south":{"uv":[4.25,15.25,5.25,16],"texture":"#0","tintindex":1},"west":{"uv":[4.25,15.25,5.25,16],"texture":"#0","tintindex":1}}},{"from":[6,0,6],"to":[10,3,10],"rotation":{"angle":0,"axis":"y","origin":[8,0,6]},"faces":{"north":{"uv":[3,15.25,4,16],"texture":"#0","tintindex":1},"east":{"uv":[3,15.25,4,16],"texture":"#0","tintindex":1},"south":{"uv":[3,15.25,4,16],"texture":"#0","tintindex":1},"west":{"uv":[3,15.25,4,16],"texture":"#0","tintindex":1},"down":{"uv":[4.25,9.25,5.25,10.25],"texture":"#0","tintindex":1}}},{"from":[5,3,5],"to":[11,15,11],"rotation":{"angle":0,"axis":"y","origin":[8,3,6]},"faces":{"north":{"uv":[2.75,12.25,4.25,15.25],"texture":"#0","tintindex":1},"east":{"uv":[2.75,12.25,4.25,15.25],"texture":"#0","tintindex":1},"south":{"uv":[2.75,12.25,4.25,15.25],"texture":"#0","tintindex":1},"west":{"uv":[2.75,12.25,4.25,15.25],"texture":"#0","tintindex":1},"up":{"uv":[2.75,10.75,4.25,12.25],"texture":"#0","tintindex":1},"down":{"uv":[4.25,10.75,5.75,12.25],"texture":"#0","tintindex":1}}},{"from":[5,3,5],"to":[11,15,11],"rotation":{"angle":0,"axis":"y","origin":[8,3,6]},"faces":{"north":{"uv":[4.25,12.25,5.75,15.25],"texture":"#0","tintindex":1},"east":{"uv":[4.25,12.25,5.75,15.25],"texture":"#0","tintindex":1},"south":{"uv":[4.25,12.25,5.75,15.25],"texture":"#0","tintindex":1},"west":{"uv":[4.25,12.25,5.75,15.25],"texture":"#0","tintindex":1}}},{"from":[7,15,7],"to":[9,21,9],"rotation":{"angle":0,"axis":"y","origin":[8,9,6]},"faces":{"north":{"uv":[3.75,9.25,4.25,10.75],"texture":"#0","tintindex":1},"east":{"uv":[3.75,9.25,4.25,10.75],"texture":"#0","tintindex":1},"south":{"uv":[3.75,9.25,4.25,10.75],"texture":"#0","tintindex":1},"west":{"uv":[3.75,9.25,4.25,10.75],"texture":"#0","tintindex":1},"up":{"uv":[3.75,9.25,4.25,9.75],"texture":"#0","tintindex":1},"down":{"uv":[3.75,9.25,4.25,9.75],"texture":"#0","tintindex":1}}},{"from":[3,13,7],"to":[7,21,9],"rotation":{"angle":0,"axis":"y","origin":[6,9,6]},"faces":{"north":{"uv":[5.75,10.75,6.75,12.75],"texture":"#0","tintindex":1},"south":{"uv":[6.75,10.75,5.75,12.75],"texture":"#0","tintindex":1},"west":{"uv":[6.75,10.75,6.5,12.75],"texture":"#0","tintindex":1},"up":{"uv":[5.75,10.75,6.75,11],"texture":"#0","tintindex":1},"down":{"uv":[6.75,12.5,5.75,12.75],"texture":"#0","tintindex":1}}},{"name":"cube inverted","from":[7,19,9],"to":[5,15,7],"rotation":{"angle":0,"axis":"y","origin":[6,9,6]},"faces":{"east":{"uv":[6.5,12.25,6.25,11.25],"texture":"#0","tintindex":1},"down":{"uv":[6.25,11.25,5.75,11],"texture":"#0","tintindex":1}}},{"from":[6,21,6],"to":[10,23,10],"rotation":{"angle":0,"axis":"y","origin":[8,11,6]},"faces":{"north":{"uv":[2.75,10.25,3.75,10.75],"texture":"#0","tintindex":1},"east":{"uv":[2.75,10.25,3.75,10.75],"texture":"#0","tintindex":1},"south":{"uv":[2.75,10.25,3.75,10.75],"texture":"#0","tintindex":1},"west":{"uv":[2.75,10.25,3.75,10.75],"texture":"#0","tintindex":1},"up":{"uv":[2.75,9.25,3.75,10.25],"texture":"#0","tintindex":1},"down":{"uv":[3,9.5,3.5,10],"texture":"#0","tintindex":1}}}],"display":{"thirdperson_righthand":{"rotation":[30,45,0],"scale":[0.6,0.6,0.6]},"thirdperson_lefthand":{"rotation":[30,45,0],"scale":[0.6,0.6,0.6]},"firstperson_righthand":{"rotation":[5,118,0],"translation":[7,-0.75,-6.75]},"firstperson_lefthand":{"rotation":[5,118,0],"translation":[7,-0.75,-6.75]},"ground":{"translation":[0,4,0],"scale":[0.4,0.4,0.4]},"gui":{"rotation":[30,135,0],"translation":[0,-2,0],"scale":[0.7,0.7,0.7]},"fixed":{"rotation":[-90,0,0],"translation":[0,0,-16],"scale":[2,2,2]}}}