{"credit":"Made with Blockbench","texture_size":[64,64],"textures":{"0":"custom/aether/decoration/archeology/exquisite_rug","particle":"custom/aether/decoration/archeology/exquisite_rug"},"elements":[{"from":[-8,-16,8],"to":[24,32,8],"faces":{"north":{"uv":[0,0,8,12],"texture":"#0"},"south":{"uv":[8,0,0,12],"texture":"#0"}}},{"from":[-8,-16,8],"to":[24,32,8],"faces":{"north":{"uv":[8,0,16,12],"texture":"#0","tintindex":1},"south":{"uv":[16,0,8,12],"texture":"#0","tintindex":1}}}],"gui_light":"front","display":{"thirdperson_righthand":{"rotation":[57,-5,0],"translation":[0,0,-0.75],"scale":[0.2,0.2,0.2]},"thirdperson_lefthand":{"rotation":[57,-5,0],"translation":[0,0,-0.75],"scale":[0.2,0.2,0.2]},"firstperson_righthand":{"rotation":[0,-39,0],"translation":[18.5,-7,-18],"scale":[0.6,0.6,0.6]},"firstperson_lefthand":{"rotation":[0,-39,0],"translation":[18.5,-7,-18],"scale":[0.6,0.6,0.6]},"ground":{"translation":[0,8,0],"scale":[0.28,0.28,0.28]},"gui":{"rotation":[0,180,0],"scale":[0.3,0.3,0.3]},"fixed":{"translation":[-16,0,-1],"scale":[2,2,2]}}}