{"credit":"Made with Blockbench","texture_size":[64,64],"textures":{"0":"custom/aether/decoration/archeology/glistening_harp","particle":"custom/aether/decoration/archeology/glistening_harp"},"elements":[{"from":[2,0,4],"to":[14,2,12],"rotation":{"angle":0,"axis":"y","origin":[2,0,4]},"faces":{"north":{"uv":[6,2,9,2.5],"texture":"#0"},"east":{"uv":[9,2,11,2.5],"texture":"#0"},"south":{"uv":[6,2,9,2.5],"texture":"#0"},"west":{"uv":[11,2,9,2.5],"texture":"#0"},"up":{"uv":[6,0,9,2],"texture":"#0"},"down":{"uv":[9,0,12,2],"texture":"#0"}}},{"from":[4,2,6],"to":[12,9,10],"rotation":{"angle":0,"axis":"y","origin":[4,2,6]},"faces":{"north":{"uv":[1,7,3,8.75],"texture":"#0"},"east":{"uv":[3,7,4,8.75],"texture":"#0"},"south":{"uv":[1,7,3,8.75],"texture":"#0"},"west":{"uv":[0,7,1,8.75],"texture":"#0"}}},{"from":[1,9,6],"to":[15,11,10],"rotation":{"angle":0,"axis":"y","origin":[1,9,6]},"faces":{"north":{"uv":[1.25,5.5,4.75,6],"texture":"#0"},"east":{"uv":[0,5.5,1,6],"texture":"#0"},"south":{"uv":[4.75,5.5,1.25,6],"texture":"#0"},"west":{"uv":[0,5.5,1,6],"texture":"#0"},"up":{"uv":[4.75,4.5,1.25,5.5],"texture":"#0"},"down":{"uv":[4.75,6,1.25,7],"texture":"#0"}}},{"from":[1,11,6],"to":[3,20,10],"rotation":{"angle":0,"axis":"y","origin":[1,11,8]},"faces":{"north":{"uv":[1.75,3.25,1.25,5.5],"texture":"#0"},"east":{"uv":[5,3.25,6,5.5],"texture":"#0"},"south":{"uv":[1.25,3.25,1.75,5.5],"texture":"#0"},"west":{"uv":[0,3.25,1,5.5],"texture":"#0"},"up":{"uv":[1.25,2,1.75,3],"texture":"#0"},"down":{"uv":[0,0,0.5,1],"texture":"#0"}}},{"from":[3,18,6],"to":[5,25,10],"rotation":{"angle":0,"axis":"y","origin":[3,18,8]},"faces":{"north":{"uv":[2.25,2,1.75,3.75],"texture":"#0"},"east":{"uv":[5,2,6,3.75],"texture":"#0"},"south":{"uv":[1.75,2,2.25,3.75],"texture":"#0"},"west":{"uv":[0,2,1,3.75],"texture":"#0"},"up":{"uv":[0,0,0.5,1],"texture":"#0"},"down":{"uv":[9.5,2.5,10,3.5],"texture":"#0"}}},{"from":[0,25,6],"to":[5,30,10],"rotation":{"angle":0,"axis":"y","origin":[3,25,6]},"faces":{"north":{"uv":[2.25,0.75,1,2],"texture":"#0"},"east":{"uv":[5,0.75,6,2],"texture":"#0"},"south":{"uv":[1,0.75,2.25,2],"texture":"#0"},"west":{"uv":[0,0.75,1,2],"texture":"#0"},"up":{"uv":[7.5,2.5,8.75,3.5],"texture":"#0"},"down":{"uv":[8.75,2.5,10,3.5],"texture":"#0"}}},{"from":[11,25,6],"to":[16,30,10],"rotation":{"angle":0,"axis":"y","origin":[13,25,6]},"faces":{"north":{"uv":[1,0.75,2.25,2],"texture":"#0"},"east":{"uv":[1,0.75,0,2],"texture":"#0"},"south":{"uv":[2.25,0.75,1,2],"texture":"#0"},"west":{"uv":[6,0.75,5,2],"texture":"#0"},"up":{"uv":[8.75,2.5,7.5,3.5],"texture":"#0"},"down":{"uv":[10,2.5,8.75,3.5],"texture":"#0"}}},{"from":[11,18,6],"to":[13,25,10],"rotation":{"angle":0,"axis":"y","origin":[13,18,8]},"faces":{"north":{"uv":[1.75,2,2.25,3.75],"texture":"#0"},"east":{"uv":[1,2,0,3.75],"texture":"#0"},"south":{"uv":[2.25,2,1.75,3.75],"texture":"#0"},"west":{"uv":[6,2,5,3.75],"texture":"#0"},"up":{"uv":[0.5,0,0,1],"texture":"#0"},"down":{"uv":[10,2.5,9.5,3.5],"texture":"#0"}}},{"from":[13,11,6],"to":[15,20,10],"rotation":{"angle":0,"axis":"y","origin":[15,11,8]},"faces":{"north":{"uv":[1.25,3.25,1.75,5.5],"texture":"#0"},"east":{"uv":[1,3.25,0,5.5],"texture":"#0"},"south":{"uv":[1.75,3.25,1.25,5.5],"texture":"#0"},"west":{"uv":[6,3.25,5,5.5],"texture":"#0"},"up":{"uv":[1.75,2,1.25,3],"texture":"#0"},"down":{"uv":[0.5,0,0,1],"texture":"#0"}}},{"from":[5,25,7],"to":[11,29,9],"rotation":{"angle":0,"axis":"y","origin":[5,25,7]},"faces":{"north":{"uv":[6,2.5,7.5,3.5],"texture":"#0","tintindex":1},"south":{"uv":[6,2.5,7.5,3.5],"texture":"#0","tintindex":1},"up":{"uv":[6,2.5,7.5,2.75],"texture":"#0","tintindex":1},"down":{"uv":[6,3.25,7.5,3.5],"texture":"#0","tintindex":1}}},{"from":[5.5,13,8],"to":[10.5,25,8],"rotation":{"angle":0,"axis":"y","origin":[4.5,25,7]},"faces":{"north":{"uv":[6,3.5,7.25,6.5],"texture":"#0"},"south":{"uv":[6,3.5,7.25,6.5],"texture":"#0"}}},{"from":[5,11,7],"to":[11,13,9],"rotation":{"angle":0,"axis":"y","origin":[5,11,7]},"faces":{"north":{"uv":[6,6.5,7.5,7],"texture":"#0","tintindex":1},"east":{"uv":[6,6.5,6.25,7],"texture":"#0","tintindex":1},"south":{"uv":[6,6.5,7.5,7],"texture":"#0","tintindex":1},"west":{"uv":[6,6.5,6.25,7],"texture":"#0","tintindex":1},"up":{"uv":[6,6.5,7.5,6.75],"texture":"#0","tintindex":1}}},{"name":"cube inverted","from":[9,8,10],"to":[7,6,6],"rotation":{"angle":0,"axis":"y","origin":[7,6,6]},"faces":{"east":{"uv":[1.75,7.25,2.25,7],"texture":"#0"},"west":{"uv":[1.75,7.25,2.25,7],"texture":"#0"},"up":{"uv":[2.25,7.75,1.75,8],"texture":"#0"},"down":{"uv":[2.25,7,1.75,7.25],"texture":"#0"}}}],"display":{"thirdperson_righthand":{"rotation":[60,21,0],"translation":[0,1,0],"scale":[0.3,0.3,0.3]},"thirdperson_lefthand":{"rotation":[60,21,0],"translation":[0,1,0],"scale":[0.3,0.3,0.3]},"firstperson_righthand":{"rotation":[0,115,0],"translation":[14,-5.25,-18]},"firstperson_lefthand":{"rotation":[0,115,0],"translation":[14,-5.25,-18]},"ground":{"translation":[0,8,0],"scale":[0.3,0.3,0.3]},"gui":{"rotation":[30,135,0],"translation":[0,-3,0],"scale":[0.45,0.45,0.45]},"fixed":{"rotation":[90,0,0],"translation":[0,0,-16],"scale":[2,2,2]}}}