{"credit":"Made with Blockbench","texture_size":[32,32],"textures":{"0":"custom/aether/decoration/archeology/glistening_lamp","particle":"custom/aether/decoration/archeology/glistening_lamp"},"elements":[{"from":[5,0,4],"to":[11,2,12],"rotation":{"angle":0,"axis":"y","origin":[5,0,4]},"faces":{"north":{"uv":[4,11.5,7,12.5],"texture":"#0"},"east":{"uv":[0,11.5,4,12.5],"texture":"#0"},"south":{"uv":[7,11.5,10,12.5],"texture":"#0"},"west":{"uv":[4,11.5,0,12.5],"texture":"#0"},"up":{"uv":[4,8.5,0,11.5],"rotation":90,"texture":"#0"},"down":{"uv":[4,8.5,8,11.5],"rotation":90,"texture":"#0"}}},{"from":[6.5,2,8],"to":[9.5,5,11],"rotation":{"angle":0,"axis":"y","origin":[5.5,2,9]},"faces":{"north":{"uv":[14.5,0,16,1.5],"texture":"#0","tintindex":1},"east":{"uv":[14.5,0,15,1.5],"texture":"#0","tintindex":1},"south":{"uv":[14.5,0,15,1.5],"texture":"#0","tintindex":1},"west":{"uv":[14.5,0,15,1.5],"texture":"#0","tintindex":1}}},{"from":[5,5,4],"to":[11,9,12],"rotation":{"angle":0,"axis":"y","origin":[5,5,4]},"faces":{"north":{"uv":[4,3,7,5],"texture":"#0"},"east":{"uv":[0,3,4,5],"texture":"#0"},"south":{"uv":[7,3,10,5],"texture":"#0"},"west":{"uv":[4,3,0,5],"texture":"#0"},"up":{"uv":[4,0,0,3],"rotation":90,"texture":"#0"},"down":{"uv":[4,0,8,3],"rotation":90,"texture":"#0"}}},{"from":[6,7,0],"to":[10,9,4],"rotation":{"angle":0,"axis":"y","origin":[6.5,5,-4]},"faces":{"north":{"uv":[12.5,2,14.5,3],"texture":"#0"},"east":{"uv":[10.5,2,12.5,3],"texture":"#0"},"west":{"uv":[12.5,2,10.5,3],"texture":"#0"},"up":{"uv":[10.5,0,12.5,2],"rotation":270,"texture":"#0"},"down":{"uv":[12.5,0,14.5,2],"rotation":90,"texture":"#0"}}},{"from":[11,5,7],"to":[13,10,15],"rotation":{"angle":0,"axis":"y","origin":[11,5,7]},"faces":{"north":{"uv":[4,6,5,8.5],"texture":"#0"},"east":{"uv":[0,6,4,8.5],"texture":"#0"},"south":{"uv":[5,6,6,8.5],"texture":"#0"},"west":{"uv":[6,6,10,8.5],"texture":"#0"},"up":{"uv":[4,6,0,5],"rotation":90,"texture":"#0"},"down":{"uv":[4,6,8,5],"rotation":90,"texture":"#0"}}},{"from":[3,5,7],"to":[5,10,15],"rotation":{"angle":0,"axis":"y","origin":[5,5,7]},"faces":{"north":{"uv":[5,6,4,8.5],"texture":"#0"},"east":{"uv":[10,6,6,8.5],"texture":"#0"},"south":{"uv":[6,6,5,8.5],"texture":"#0"},"west":{"uv":[4,6,0,8.5],"texture":"#0"},"up":{"uv":[4,5,0,6],"rotation":90,"texture":"#0"},"down":{"uv":[4,5,8,6],"rotation":90,"texture":"#0"}}},{"from":[7,9,7],"to":[9,14,12],"rotation":{"angle":0,"axis":"y","origin":[7,9,10]},"faces":{"north":{"uv":[10,0,10.5,2.5],"texture":"#0"},"east":{"uv":[8,0,10.5,2.5],"texture":"#0"},"south":{"uv":[8,0,8.5,2.5],"texture":"#0"},"west":{"uv":[10.5,0,8,2.5],"texture":"#0"},"up":{"uv":[8,0,10.5,0.5],"rotation":90,"texture":"#0"}}}],"display":{"thirdperson_righthand":{"rotation":[59,0,0],"translation":[0,4,3],"scale":[0.6,0.6,0.6]},"thirdperson_lefthand":{"rotation":[59,0,0],"translation":[0,4,3],"scale":[0.6,0.6,0.6]},"firstperson_righthand":{"rotation":[-170.4,72.14,172.46],"translation":[4,4,-6.75]},"firstperson_lefthand":{"rotation":[-170.4,72.14,172.46],"translation":[4,4,-6.75]},"ground":{"translation":[0,6,0],"scale":[0.6,0.6,0.6]},"gui":{"rotation":[30,135,0],"translation":[-1,1,0],"scale":[0.9,0.9,0.9]},"fixed":{"rotation":[-90,0,0],"translation":[0,0,-16],"scale":[2,2,2]}}}