{"credit":"Made with Blockbench","texture_size":[32,32],"textures":{"0":"custom/aether/decoration/archeology/glistening_heap","particle":"custom/aether/decoration/archeology/glistening_heap"},"elements":[{"from":[15,1,-1],"to":[18,6,6],"rotation":{"angle":45,"axis":"z","origin":[16.5,1,2.5]},"faces":{"north":{"uv":[3.5,1.5,5,4],"texture":"#0"},"east":{"uv":[0,1.5,3.5,4],"texture":"#0"},"south":{"uv":[3.5,1.5,5,4],"texture":"#0"},"west":{"uv":[3.5,1.5,0,4],"texture":"#0"},"up":{"uv":[0,0,3.5,1.5],"rotation":90,"texture":"#0"},"down":{"uv":[3.5,0,7,1.5],"rotation":270,"texture":"#0"}}},{"from":[15,6,1],"to":[18,11,4],"rotation":{"angle":45,"axis":"z","origin":[16.5,1,2.5]},"faces":{"north":{"uv":[5,3,6.5,5.5],"texture":"#0"},"east":{"uv":[5,3,6.5,5.5],"texture":"#0"},"south":{"uv":[5,3,6.5,5.5],"texture":"#0"},"west":{"uv":[5,3,6.5,5.5],"texture":"#0"},"up":{"uv":[5,1.5,6.5,3],"rotation":90,"texture":"#0"},"down":{"uv":[0,0,1.5,1.5],"rotation":270,"texture":"#0"}}},{"from":[-1.75,0,4],"to":[1.25,5,11],"rotation":{"angle":-22.5,"axis":"y","origin":[-0.25,0,7.5]},"faces":{"north":{"uv":[5,1.5,3.5,4],"texture":"#0"},"east":{"uv":[0,1.5,3.5,4],"texture":"#0"},"south":{"uv":[5,1.5,3.5,4],"texture":"#0"},"west":{"uv":[3.5,1.5,0,4],"texture":"#0"},"up":{"uv":[0,1.5,3.5,0],"rotation":90,"texture":"#0"},"down":{"uv":[3.5,1.5,7,0],"rotation":270,"texture":"#0"}}},{"from":[-1.75,5,6],"to":[1.25,10,9],"rotation":{"angle":-22.5,"axis":"y","origin":[-0.25,0,7.5]},"faces":{"north":{"uv":[6.5,3,5,5.5],"texture":"#0"},"east":{"uv":[6.5,3,5,5.5],"texture":"#0"},"south":{"uv":[6.5,3,5,5.5],"texture":"#0"},"west":{"uv":[6.5,3,5,5.5],"texture":"#0"},"up":{"uv":[5,3,6.5,1.5],"rotation":90,"texture":"#0"},"down":{"uv":[0,1.5,1.5,0],"rotation":270,"texture":"#0"}}},{"from":[7,0,8],"to":[11,4,10],"rotation":{"angle":45,"axis":"y","origin":[9,2,5]},"faces":{"north":{"uv":[0,8,2,8.5],"rotation":180,"texture":"#0"},"east":{"uv":[0,7.5,2,8.5],"rotation":270,"texture":"#0"},"south":{"uv":[0,5.5,2,7.5],"texture":"#0"},"west":{"uv":[0,7.5,2,8.5],"rotation":90,"texture":"#0"},"up":{"uv":[0,7.5,2,8.5],"rotation":180,"texture":"#0"},"down":{"uv":[0,7.5,2,8.5],"texture":"#0"}}},{"from":[5,0,0],"to":[13,4,5],"rotation":{"angle":45,"axis":"y","origin":[9,2,5]},"faces":{"north":{"uv":[10,5.5,6,7.5],"rotation":180,"texture":"#0"},"east":{"uv":[6,7.5,8,10],"rotation":270,"texture":"#0"},"south":{"uv":[2,5.5,6,7.5],"texture":"#0"},"west":{"uv":[6,7.5,8,10],"rotation":90,"texture":"#0"},"up":{"uv":[2,7.5,6,10],"rotation":180,"texture":"#0"},"down":{"uv":[2,7.5,6,10],"texture":"#0"}}},{"from":[7,0,2],"to":[11,4,5],"rotation":{"angle":45,"axis":"y","origin":[9,2,5]},"faces":{"south":{"uv":[0.5,4,2.5,4.5],"texture":"#0","tintindex":1},"up":{"uv":[0.5,4,2.5,5.5],"rotation":180,"texture":"#0","tintindex":1},"down":{"uv":[0.5,4,2.5,5.5],"texture":"#0","tintindex":1}}},{"from":[8,1,5],"to":[10,3,8],"rotation":{"angle":45,"axis":"y","origin":[9,2,5]},"faces":{"east":{"uv":[0,8.5,1,10],"rotation":270,"texture":"#0","tintindex":1},"west":{"uv":[0,8.5,1,10],"rotation":90,"texture":"#0","tintindex":1},"up":{"uv":[0,8.5,1,10],"rotation":180,"texture":"#0","tintindex":1},"down":{"uv":[0,8.5,1,10],"texture":"#0","tintindex":1}}},{"from":[19,10,13],"to":[22,14,13],"rotation":{"angle":22.5,"axis":"y","origin":[15,7,13]},"faces":{"north":{"uv":[14,4,15.5,6],"texture":"#0"},"south":{"uv":[15.5,4,14,6],"texture":"#0"}}},{"from":[8,10,13],"to":[11,14,13],"rotation":{"angle":22.5,"axis":"y","origin":[15,7,13]},"faces":{"north":{"uv":[15.5,4,14,6],"texture":"#0"},"south":{"uv":[14,4,15.5,6],"texture":"#0"}}},{"from":[12,0,10],"to":[18,2,16],"rotation":{"angle":22.5,"axis":"y","origin":[15,7,13]},"faces":{"north":{"uv":[11,14.5,14,15.5],"texture":"#0"},"east":{"uv":[11,14.5,14,15.5],"texture":"#0"},"south":{"uv":[11,14.5,14,15.5],"texture":"#0"},"west":{"uv":[11,14.5,14,15.5],"texture":"#0"},"up":{"uv":[11,11.5,14,14.5],"texture":"#0"},"down":{"uv":[11,15,14,15.5],"texture":"#0"}}},{"from":[14,2,12],"to":[16,6,14],"rotation":{"angle":22.5,"axis":"y","origin":[15,7,13]},"faces":{"north":{"uv":[15,0,16,2],"texture":"#0","tintindex":1},"east":{"uv":[15,0,16,2],"texture":"#0","tintindex":1},"south":{"uv":[15,0,16,2],"texture":"#0","tintindex":1},"west":{"uv":[15,0,16,2],"texture":"#0","tintindex":1}}},{"from":[12,6,10],"to":[18,12,16],"rotation":{"angle":22.5,"axis":"y","origin":[15,7,13]},"faces":{"north":{"uv":[11,4,14,7],"texture":"#0"},"east":{"uv":[11,4,14,7],"texture":"#0"},"south":{"uv":[11,4,14,7],"texture":"#0"},"west":{"uv":[11,4,14,7],"texture":"#0"},"down":{"uv":[11,6.5,14,7],"texture":"#0"}}},{"from":[11,12,9],"to":[19,14,17],"rotation":{"angle":22.5,"axis":"y","origin":[15,7,13]},"faces":{"north":{"uv":[7,4,11,5],"texture":"#0"},"east":{"uv":[7,4,11,5],"texture":"#0"},"south":{"uv":[7,4,11,5],"texture":"#0"},"west":{"uv":[7,4,11,5],"texture":"#0"},"up":{"uv":[7,0,11,4],"texture":"#0"},"down":{"uv":[11,0,15,4],"texture":"#0"}}},{"from":[2,9,9],"to":[8,11,15],"rotation":{"angle":0,"axis":"y","origin":[2,9,9]},"faces":{"north":{"uv":[0.5,10,3.5,11],"texture":"#0"},"east":{"uv":[0.5,10,3.5,11],"texture":"#0"},"south":{"uv":[0.5,10,3.5,11],"texture":"#0"},"west":{"uv":[0.5,10,3.5,11],"texture":"#0"},"up":{"uv":[8.5,11,11.5,8],"texture":"#0"}}},{"from":[2,0,9],"to":[8,2,15],"rotation":{"angle":0,"axis":"y","origin":[2,0,9]},"faces":{"north":{"uv":[0.5,14.5,3.5,15.5],"texture":"#0"},"east":{"uv":[0.5,14.5,3.5,15.5],"texture":"#0"},"south":{"uv":[0.5,14.5,3.5,15.5],"texture":"#0"},"west":{"uv":[0.5,14.5,3.5,15.5],"texture":"#0"},"down":{"uv":[8,11.5,11,14.5],"texture":"#0"}}},{"from":[2,0,9],"to":[8,2,15],"rotation":{"angle":0,"axis":"y","origin":[2,0,9]},"faces":{"north":{"uv":[4.5,14.5,7.5,15.5],"texture":"#0","tintindex":1},"east":{"uv":[4.5,14.5,7.5,15.5],"texture":"#0","tintindex":1},"south":{"uv":[4.5,14.5,7.5,15.5],"texture":"#0","tintindex":1},"west":{"uv":[4.5,14.5,7.5,15.5],"texture":"#0","tintindex":1}}},{"from":[1,2,8],"to":[9,9,16],"rotation":{"angle":0,"axis":"y","origin":[2,2,9]},"faces":{"north":{"uv":[0,11,4,14.5],"texture":"#0"},"east":{"uv":[0,11,4,14.5],"texture":"#0"},"south":{"uv":[0,11,4,14.5],"texture":"#0"},"west":{"uv":[0,11,4,14.5],"texture":"#0"},"up":{"uv":[8,7.5,12,11.5],"texture":"#0"}}},{"from":[1,2,8],"to":[9,9,16],"rotation":{"angle":0,"axis":"y","origin":[2,2,9]},"faces":{"north":{"uv":[4,11,8,14.5],"texture":"#0","tintindex":1},"east":{"uv":[4,11,8,14.5],"texture":"#0","tintindex":1},"south":{"uv":[4,11,8,14.5],"texture":"#0","tintindex":1},"west":{"uv":[4,11,8,14.5],"texture":"#0","tintindex":1},"down":{"uv":[12,7.5,16,11.5],"texture":"#0","tintindex":1}}}],"display":{"thirdperson_righthand":{"rotation":[64.55,29.05,1.55],"translation":[-1,3,1.25],"scale":[0.31,0.31,0.31]},"thirdperson_lefthand":{"rotation":[64.55,29.05,1.55],"translation":[-1,3,1.25],"scale":[0.31,0.31,0.31]},"firstperson_righthand":{"rotation":[-180,50,-180],"translation":[11,-1,-18]},"firstperson_lefthand":{"rotation":[-180,50,-180],"translation":[11,-1,-18]},"ground":{"translation":[0,6,0],"scale":[0.4,0.4,0.4]},"gui":{"rotation":[30,144,0],"scale":[0.55,0.55,0.55]},"fixed":{"rotation":[-90,0,0],"translation":[0,0,-16],"scale":[2,2,2]}},"groups":[{"name":"group","origin":[2,5,0],"color":0,"children":[0,1]},{"name":"group","origin":[2,5,0],"color":0,"children":[2,3]},{"name":"group","origin":[11,5,1],"color":0,"children":[4,5,6,7]},{"name":"group","origin":[-2,12,0],"color":0,"children":[8,9,10,11,12,13]},{"name":"group","origin":[20,2,0],"color":0,"children":[14,15,16,17,18]}]}