{"credit":"Made with Blockbench","texture_size":[64,64],"textures":{"0":"custom/aether/decoration/archeology/gravitite_apparatus","particle":"custom/aether/decoration/archeology/gravitite_apparatus"},"elements":[{"from":[5.5,2,5.5],"to":[10.5,8,10.5],"rotation":{"angle":0,"axis":"y","origin":[5.5,0,5.5]},"faces":{"north":{"uv":[3.5,0,4.75,1.5],"texture":"#0"},"east":{"uv":[4.75,0,3.5,1.5],"texture":"#0"},"south":{"uv":[3.5,0,4.75,1.5],"texture":"#0"},"west":{"uv":[4.75,0,3.5,1.5],"texture":"#0"},"up":{"uv":[4.75,0,6,1.25],"rotation":180,"texture":"#0"},"down":{"uv":[6,2.5,4.75,1.25],"texture":"#0"}}},{"from":[4.5,-2,8],"to":[11.5,2,8],"rotation":{"angle":45,"axis":"y","origin":[8,0.5,8]},"faces":{"north":{"uv":[4.75,2.5,6,3.25],"texture":"#0"},"south":{"uv":[4.75,2.5,6,3.25],"texture":"#0"}}},{"from":[4.5,-2,8],"to":[11.5,2,8],"rotation":{"angle":-45,"axis":"y","origin":[8,0.5,8]},"faces":{"north":{"uv":[4.75,3.25,6,4],"texture":"#0"},"south":{"uv":[4.75,3.25,6,4],"texture":"#0"}}},{"from":[4.5,8,8],"to":[11.5,12,8],"rotation":{"angle":-45,"axis":"y","origin":[8,9.5,8]},"faces":{"north":{"uv":[3.5,2.5,4.75,3.25],"texture":"#0"},"south":{"uv":[3.5,2.5,4.75,3.25],"texture":"#0"}}},{"from":[4.5,8,8],"to":[11.5,12,8],"rotation":{"angle":45,"axis":"y","origin":[8,9.5,8]},"faces":{"north":{"uv":[3.5,3.25,4.75,4],"texture":"#0"},"south":{"uv":[3.5,3.25,4.75,4],"texture":"#0"}}}],"display":{"thirdperson_righthand":{"rotation":[60,21,0],"translation":[0,2,3],"scale":[0.26,0.26,0.26]},"thirdperson_lefthand":{"rotation":[60,21,0],"translation":[0,2,3],"scale":[0.26,0.26,0.26]},"firstperson_righthand":{"rotation":[-180,52.25,-180],"translation":[18.25,4.5,-21.75]},"firstperson_lefthand":{"rotation":[-180,52.25,-180],"translation":[18.25,4.5,-21.75]},"ground":{"translation":[0,10,0],"scale":[0.3,0.3,0.3]},"gui":{"rotation":[30,135,0],"translation":[0,3.25,0],"scale":[0.45,0.45,0.45]},"head":{"scale":[1.6,1.6,1.6]},"fixed":{"rotation":[90,0,0],"translation":[0,0,16],"scale":[2,2,2]}},"groups":[{"name":"group","origin":[8.5,23.5,7.5],"color":0,"children":[0,1,2,3,4]}]}