{"credit":"Made with Blockbench","texture_size":[64,64],"textures":{"0":"custom/aether/decoration/archeology/gravitite_apparatus","1":"custom/aether/decoration/archeology/gravity_effect","particle":"custom/aether/decoration/archeology/gravitite_apparatus"},"elements":[{"from":[0,-15,5],"to":[16,-12,11],"rotation":{"angle":0,"axis":"y","origin":[0,-16,7]},"faces":{"north":{"uv":[0,7,4,7.75],"texture":"#0"},"east":{"uv":[4,7,5.5,7.75],"texture":"#0"},"south":{"uv":[0,7,4,7.75],"texture":"#0"},"west":{"uv":[4,7,5.5,7.75],"texture":"#0"},"up":{"uv":[0,5.5,4,7],"texture":"#0"}}},{"from":[0,-16,5],"to":[16,-15,11],"rotation":{"angle":0,"axis":"y","origin":[0,-17,7]},"faces":{"north":{"uv":[0,7.75,4,8],"texture":"#0","tintindex":1},"east":{"uv":[4,7.75,5.5,8],"texture":"#0","tintindex":1},"south":{"uv":[0,7.75,4,8],"texture":"#0","tintindex":1},"west":{"uv":[4,7.75,5.5,8],"texture":"#0","tintindex":1},"down":{"uv":[0,8,4,9.5],"texture":"#0","tintindex":1}}},{"from":[2,-12,7.1],"to":[14,-6,9.1],"rotation":{"angle":0,"axis":"y","origin":[2,-13,7.1]},"faces":{"north":{"uv":[4,4,7,5.5],"texture":"#0"},"east":{"uv":[3.5,4,4,5.5],"texture":"#0"},"south":{"uv":[4,4,7,5.5],"texture":"#0"},"west":{"uv":[3.5,4,4,5.5],"texture":"#0"}}},{"from":[6,-7,6],"to":[10,3,10],"rotation":{"angle":45,"axis":"z","origin":[8,-9,8]},"faces":{"north":{"uv":[9.5,1,10.5,3.5],"texture":"#0"},"east":{"uv":[6.75,1,9.25,0],"rotation":90,"texture":"#0"},"south":{"uv":[10.5,1,9.5,3.5],"texture":"#0"},"west":{"uv":[7,4.5,9.5,5.5],"rotation":90,"texture":"#0"},"up":{"uv":[10.5,0,9.5,1],"texture":"#0"},"down":{"uv":[0,0,1,1],"texture":"#0"}}},{"from":[10,-1,6],"to":[11,3,10],"rotation":{"angle":45,"axis":"z","origin":[8,-9,8]},"faces":{"north":{"uv":[9.25,1,9.5,2],"texture":"#0"},"east":{"uv":[8.25,1,9.25,2],"texture":"#0"},"south":{"uv":[9.25,1,9.5,2],"texture":"#0"},"up":{"uv":[9.25,0,9.5,1],"texture":"#0"},"down":{"uv":[8.25,1.75,9.25,2],"rotation":90,"texture":"#0"}}},{"from":[16,-7,6],"to":[20,-6,10],"rotation":{"angle":45,"axis":"z","origin":[8,-9,8]},"faces":{"north":{"uv":[7,3.5,8,3.25],"texture":"#0"},"east":{"uv":[9.5,0,9.25,1],"rotation":90,"texture":"#0"},"south":{"uv":[7,3.5,8,3.25],"rotation":180,"texture":"#0"},"west":{"uv":[8.25,2,9.25,1.75],"rotation":180,"texture":"#0"},"up":{"uv":[9.25,1,8.25,2],"rotation":90,"texture":"#0"}}},{"from":[6,-11,6],"to":[20,-7,10],"rotation":{"angle":45,"axis":"z","origin":[8,-9,8]},"faces":{"north":{"uv":[7,3.5,10.5,4.5],"texture":"#0"},"east":{"uv":[9.5,0,10.5,1],"rotation":90,"texture":"#0"},"south":{"uv":[10.5,3.5,7,4.5],"texture":"#0"},"west":{"uv":[9.5,4.5,10.5,5.5],"rotation":90,"texture":"#0"},"up":{"uv":[10.25,0,6.75,1],"texture":"#0"},"down":{"uv":[10.5,4.5,7,5.5],"texture":"#0"}}},{"from":[9,-8,6],"to":[15,-2,10],"rotation":{"angle":45,"axis":"z","origin":[8,-9,8]},"faces":{"north":{"uv":[5.5,5.5,4,7],"rotation":90,"texture":"#0","tintindex":1},"south":{"uv":[5.5,7,4,5.5],"rotation":90,"texture":"#0","tintindex":1}}},{"name":"cube inverted","from":[15,-2,10],"to":[10,-7,6],"rotation":{"angle":45,"axis":"z","origin":[8,-9,8]},"faces":{"east":{"uv":[5.5,5.5,6.75,6.5],"rotation":90,"texture":"#0","tintindex":1},"up":{"uv":[6.75,6.5,5.5,5.5],"texture":"#0","tintindex":1}}},{"from":[6,6,6],"to":[10,16,10],"rotation":{"angle":-45,"axis":"z","origin":[8,18,8]},"faces":{"north":{"uv":[1,1,3.5,2],"rotation":90,"texture":"#0"},"east":{"uv":[1.25,4.5,3.75,5.5],"rotation":90,"texture":"#0"},"south":{"uv":[0,2,1,4.5],"texture":"#0"},"west":{"uv":[1,0,3.5,1],"rotation":90,"texture":"#0"},"up":{"uv":[0,1,1,2],"texture":"#0"},"down":{"uv":[0,4.5,1,5.5],"texture":"#0"}}},{"from":[10,6,6],"to":[11,10,10],"rotation":{"angle":-45,"axis":"z","origin":[8,18,8]},"faces":{"north":{"uv":[1,3.5,1.25,4.5],"texture":"#0"},"east":{"uv":[1.25,3.5,2.25,4.5],"texture":"#0"},"south":{"uv":[1,3.5,1.25,4.5],"texture":"#0"},"west":{"uv":[0,1,1,2],"texture":"#0"},"up":{"uv":[1.25,3.5,2.25,3.75],"rotation":90,"texture":"#0"},"down":{"uv":[1,4.5,1.25,5.5],"texture":"#0"}}},{"from":[6,16,6],"to":[20,20,10],"rotation":{"angle":-45,"axis":"z","origin":[8,18,8]},"faces":{"north":{"uv":[0,1,1,4.5],"rotation":90,"texture":"#0"},"east":{"uv":[0,4.5,1,5.5],"rotation":90,"texture":"#0"},"south":{"uv":[0,1,3.5,2],"texture":"#0"},"west":{"uv":[0,0,1,1],"rotation":90,"texture":"#0"},"up":{"uv":[0,0,3.5,1],"texture":"#0"},"down":{"uv":[0.25,4.5,3.75,5.5],"texture":"#0"}}},{"from":[16,15,6],"to":[20,16,10],"rotation":{"angle":-45,"axis":"z","origin":[8,18,8]},"faces":{"north":{"uv":[1,3.5,1.25,4.5],"rotation":90,"texture":"#0"},"east":{"uv":[1.25,4.25,2.25,4.5],"texture":"#0"},"south":{"uv":[1,4.5,1.25,3.5],"rotation":90,"texture":"#0"},"west":{"uv":[1.25,3.5,2.25,3.75],"texture":"#0"},"up":{"uv":[0,1,1,2],"texture":"#0"},"down":{"uv":[2.25,4.5,1.25,3.5],"rotation":90,"texture":"#0"}}},{"from":[9,11,6],"to":[15,17,10],"rotation":{"angle":-45,"axis":"z","origin":[8,18,8]},"faces":{"north":{"uv":[4,5.5,5.5,7],"rotation":90,"texture":"#0","tintindex":1},"south":{"uv":[4,7,5.5,5.5],"rotation":90,"texture":"#0","tintindex":1}}},{"name":"cube inverted","from":[15,16,10],"to":[10,11,6],"rotation":{"angle":-45,"axis":"z","origin":[8,18,8]},"faces":{"east":{"uv":[6.75,5.5,5.5,6.5],"rotation":90,"texture":"#0","tintindex":1},"down":{"uv":[6.75,5.5,5.5,6.5],"texture":"#0","tintindex":1}}},{"from":[-5,-7,8],"to":[21,17,8],"rotation":{"angle":45,"axis":"y","origin":[8,5,8]},"faces":{"north":{"uv":[0,0,11,11],"texture":"#1"},"south":{"uv":[0,0,11,11],"texture":"#1"}}},{"from":[-5,-7,8],"to":[21,17,8],"rotation":{"angle":-45,"axis":"y","origin":[8,5,8]},"faces":{"north":{"uv":[0,0,11,11],"texture":"#1"},"south":{"uv":[0,0,11,11],"texture":"#1"}}}],"display":{"thirdperson_righthand":{"rotation":[60,21,0],"translation":[0,2,3],"scale":[0.26,0.26,0.26]},"thirdperson_lefthand":{"rotation":[60,21,0],"translation":[0,2,3],"scale":[0.26,0.26,0.26]},"firstperson_righthand":{"rotation":[-180,52.25,-180],"translation":[18.25,4.5,-21.75]},"firstperson_lefthand":{"rotation":[-180,52.25,-180],"translation":[18.25,4.5,-21.75]},"ground":{"translation":[0,10,0],"scale":[0.3,0.3,0.3]},"gui":{"rotation":[30,135,0],"translation":[0,3.25,0],"scale":[0.45,0.45,0.45]},"head":{"scale":[1.6,1.6,1.6]},"fixed":{"rotation":[90,0,0],"translation":[0,0,16],"scale":[2,2,2]}},"groups":[0,1,2,{"name":"group","origin":[3,8,6],"color":0,"children":[3,4,5,6,7,8]},{"name":"group","origin":[3,8,6],"color":0,"children":[9,10,11,12,13,14]},15,16]}