{"credit":"Made with Blockbench","texture_size":[128,128],"textures":{"0":"custom/aether/decoration/archeology/gravitite_prism"},"elements":[{"from":[7,15,4.5],"to":[12.5,23,10],"rotation":{"angle":0,"axis":"y","origin":[7.5,15,5]},"faces":{"north":{"uv":[6.5,1.375,7.875,3.375],"texture":"#0"},"east":{"uv":[7.875,1.375,6.5,3.375],"texture":"#0"},"south":{"uv":[6.5,1.375,7.875,3.375],"texture":"#0"},"west":{"uv":[7.875,1.375,6.5,3.375],"texture":"#0"},"up":{"uv":[6.5,0,7.875,1.375],"rotation":180,"texture":"#0"},"down":{"uv":[7.875,0,9.25,1.375],"rotation":90,"texture":"#0"}}},{"from":[5.875,23,7.25],"to":[13.625,26.5,7.25],"rotation":{"angle":45,"axis":"y","origin":[9.75,24.5,7.25]},"faces":{"north":{"uv":[7.875,1.375,9.25,2.125],"texture":"#0"},"south":{"uv":[7.875,1.375,9.25,2.125],"texture":"#0"}}},{"from":[5.875,23,7.25],"to":[13.625,26.5,7.25],"rotation":{"angle":-45,"axis":"y","origin":[9.75,24.5,7.25]},"faces":{"north":{"uv":[7.875,2.125,9.25,2.875],"texture":"#0"},"south":{"uv":[7.875,2.125,9.25,2.875],"texture":"#0"}}},{"from":[5.875,11.5,7.25],"to":[13.625,15,7.25],"rotation":{"angle":-45,"axis":"y","origin":[9.75,13.5,7.25]},"faces":{"north":{"uv":[9.25,2.125,10.625,2.875],"texture":"#0"},"south":{"uv":[9.25,2.125,10.625,2.875],"texture":"#0"}}},{"from":[5.875,11.5,7.25],"to":[13.625,15,7.25],"rotation":{"angle":45,"axis":"y","origin":[9.75,13.5,7.25]},"faces":{"north":{"uv":[9.25,1.375,10.625,2.125],"texture":"#0"},"south":{"uv":[9.25,1.375,10.625,2.125],"texture":"#0"}}},{"from":[2.75,10.5,7.25],"to":[7.75,13,7.25],"rotation":{"angle":-45,"axis":"y","origin":[5.25,12,7.25]},"faces":{"north":{"uv":[8.25,4.75,9.125,5.25],"texture":"#0"},"south":{"uv":[8.25,4.75,9.125,5.25],"texture":"#0"}}},{"from":[2.75,10.5,7.25],"to":[7.75,13,7.25],"rotation":{"angle":45,"axis":"y","origin":[5.25,12,7.25]},"faces":{"north":{"uv":[8.25,4.25,9.125,4.75],"texture":"#0"},"south":{"uv":[8.25,4.25,9.125,4.75],"texture":"#0"}}},{"from":[2.75,20,7.25],"to":[7.75,22.5,7.25],"rotation":{"angle":45,"axis":"y","origin":[5.25,21,7.25]},"faces":{"north":{"uv":[7.375,4.25,8.25,4.75],"texture":"#0"},"south":{"uv":[7.375,4.25,8.25,4.75],"texture":"#0"}}},{"from":[2.75,20,7.25],"to":[7.75,22.5,7.25],"rotation":{"angle":-45,"axis":"y","origin":[5.25,21,7.25]},"faces":{"north":{"uv":[7.375,4.75,8.25,5.25],"texture":"#0"},"south":{"uv":[7.375,4.75,8.25,5.25],"texture":"#0"}}},{"from":[3.5,13,5.5],"to":[7,20,9],"rotation":{"angle":0,"axis":"y","origin":[4,13,6]},"faces":{"north":{"uv":[6.5,4.25,7.375,6],"texture":"#0"},"east":{"uv":[7.375,4.25,6.5,6],"texture":"#0"},"south":{"uv":[6.5,4.25,7.375,6],"texture":"#0"},"west":{"uv":[7.375,4.25,6.5,6],"texture":"#0"},"up":{"uv":[6.5,3.375,7.375,4.25],"texture":"#0"},"down":{"uv":[7.375,3.375,8.25,4.25],"texture":"#0"}}},{"from":[6.2,8.45,10.2],"to":[11.3,11.05,10.3],"rotation":{"angle":-45,"axis":"y","origin":[8.75,10,10.25]},"faces":{"north":{"uv":[5.625,5.5,6.5,6],"texture":"#0"},"south":{"uv":[5.625,5.5,6.5,6],"texture":"#0"}}},{"from":[6.2,8.45,10.2],"to":[11.3,11.05,10.3],"rotation":{"angle":45,"axis":"y","origin":[8.75,10,10.25]},"faces":{"north":{"uv":[5.625,5,6.5,5.5],"texture":"#0"},"south":{"uv":[5.625,5,6.5,5.5],"texture":"#0"}}},{"from":[6.2,17.95,10.2],"to":[11.3,20.55,10.3],"rotation":{"angle":-45,"axis":"y","origin":[8.75,19.5,10.25]},"faces":{"north":{"uv":[4.75,5.5,5.625,6],"texture":"#0"},"south":{"uv":[4.75,5.5,5.625,6],"texture":"#0"}}},{"from":[6.2,17.95,10.2],"to":[11.3,20.55,10.3],"rotation":{"angle":45,"axis":"y","origin":[8.75,19.5,10.25]},"faces":{"north":{"uv":[4.75,5,5.625,5.5],"texture":"#0"},"south":{"uv":[4.75,5,5.625,5.5],"texture":"#0"}}},{"from":[6.95,10.95,8.45],"to":[10.55,18.05,12.05],"rotation":{"angle":0,"axis":"y","origin":[7.5,11,9]},"faces":{"north":{"uv":[5.625,3.25,6.5,5],"texture":"#0"},"east":{"uv":[6.5,3.25,5.625,5],"texture":"#0"},"south":{"uv":[5.625,3.25,6.5,5],"texture":"#0"},"west":{"uv":[6.5,3.25,5.625,5],"texture":"#0"},"up":{"uv":[4.75,3.25,5.625,4.125],"rotation":90,"texture":"#0"},"down":{"uv":[4.75,4.125,5.625,5],"texture":"#0"}}}],"display":{"thirdperson_righthand":{"rotation":[56,39,0],"translation":[0,1.5,1.5],"scale":[0.4,0.4,0.4]},"thirdperson_lefthand":{"rotation":[56,39,0],"translation":[0,1.5,1.5],"scale":[0.4,0.4,0.4]},"firstperson_righthand":{"rotation":[0,-60,0],"translation":[2.5,4,0],"scale":[0.4,0.4,0.4]},"firstperson_lefthand":{"rotation":[0,-60,0],"translation":[2.5,4,0],"scale":[0.4,0.4,0.4]},"ground":{"rotation":[0,-45,0],"translation":[0,6,0],"scale":[0.5,0.5,0.5]},"gui":{"rotation":[30,0,0],"translation":[0,-1.5,0],"scale":[0.55,0.55,0.55]},"head":{"translation":[0,7,0],"scale":[3.2,3.2,3.2]},"fixed":{"rotation":[90,0,0],"translation":[-16,-16,0],"scale":[4,4,4]}},"groups":[{"name":"prism","origin":[8,0,8],"color":0,"children":[{"name":"bone2","origin":[9.75,13.5,7.25],"color":0,"children":[0,1,2,3,4]},{"name":"bone3","origin":[5.25,21,7.25],"color":0,"children":[5,6,7,8,9]},{"name":"bone4","origin":[8.75,19,10.25],"color":0,"children":[10,11,12,13,14]}]}]}