{"credit":"Made with Blockbench","texture_size":[128,128],"textures":{"0":"custom/aether/decoration/archeology/gravitite_prism"},"elements":[{"from":[11.5,9.5,4.5],"to":[13,13,4.5],"rotation":{"angle":-45,"axis":"y","origin":[12.25,11,4.5]},"faces":{"north":{"uv":[4.75,3.25,4.375,4.125],"texture":"#0"},"south":{"uv":[4.375,3.25,4.75,4.125],"texture":"#0"}}},{"from":[1,13,4.5],"to":[2.5,16.5,4.5],"rotation":{"angle":45,"axis":"y","origin":[1.75,15,4.5]},"faces":{"north":{"uv":[4,3.25,4.375,4.125],"texture":"#0"},"south":{"uv":[4.375,3.25,4,4.125],"texture":"#0"}}},{"from":[5,7.5,8.5],"to":[6.5,9,8.5],"rotation":{"angle":-45,"axis":"y","origin":[5.75,8.25,8.5]},"faces":{"north":{"uv":[3.25,3.25,3.625,3.625],"texture":"#0"},"south":{"uv":[3.625,3.25,3.25,3.625],"texture":"#0"}}},{"from":[13.5,18.5,10.5],"to":[15,20,10.5],"rotation":{"angle":45,"axis":"y","origin":[14.25,19.25,10.5]},"faces":{"north":{"uv":[4,3.625,3.625,3.25],"texture":"#0"},"south":{"uv":[3.625,3.625,4,3.25],"texture":"#0"}}},{"from":[4.5,22.5,11.5],"to":[6,25.5,11.5],"rotation":{"angle":-45,"axis":"y","origin":[5.25,24,11.5]},"faces":{"north":{"uv":[4,3.25,4.375,4.125],"texture":"#0"},"south":{"uv":[4.375,3.25,4,4.125],"texture":"#0"}}}],"display":{"thirdperson_righthand":{"rotation":[56,39,0],"translation":[0,1.5,1.5],"scale":[0.4,0.4,0.4]},"thirdperson_lefthand":{"rotation":[56,39,0],"translation":[0,1.5,1.5],"scale":[0.4,0.4,0.4]},"firstperson_righthand":{"rotation":[0,-60,0],"translation":[2.5,4,0],"scale":[0.4,0.4,0.4]},"firstperson_lefthand":{"rotation":[0,-60,0],"translation":[2.5,4,0],"scale":[0.4,0.4,0.4]},"ground":{"rotation":[0,-45,0],"translation":[0,6,0],"scale":[0.5,0.5,0.5]},"gui":{"rotation":[30,0,0],"translation":[0,-1.5,0],"scale":[0.55,0.55,0.55]},"head":{"translation":[0,6.25,0],"scale":[3.2,3.2,3.2]},"fixed":{"rotation":[90,0,0],"translation":[-16,-16,0],"scale":[4,4,4]}},"groups":[{"name":"fragments","origin":[8,0,8],"color":0,"children":[0,1,2,3,4]}]}