{"credit":"Made with Blockbench","texture_size":[128,128],"textures":{"0":"custom/aether/decoration/archeology/gravitite_prism"},"elements":[{"from":[1.5,0,1.5],"to":[14.5,2,14.5],"rotation":{"angle":0,"axis":"y","origin":[2,0,2]},"faces":{"north":{"uv":[0,3.25,3.25,3.75],"texture":"#0"},"east":{"uv":[0,3.25,3.25,3.75],"texture":"#0"},"south":{"uv":[0,3.25,3.25,3.75],"texture":"#0"},"west":{"uv":[0,3.25,3.25,3.75],"texture":"#0"},"up":{"uv":[0,3.25,3.25,0],"texture":"#0"},"down":{"uv":[3.25,0,6.5,3.25],"texture":"#0"}}},{"from":[2.5,2,7],"to":[3.5,8,9],"rotation":{"angle":45,"axis":"y","origin":[8,5.25,8]},"faces":{"north":{"uv":[3,4.25,2.75,5.75],"texture":"#0"},"east":{"uv":[0.5,0,1,1.5],"texture":"#0"},"south":{"uv":[2.75,4.25,3,5.75],"texture":"#0"},"west":{"uv":[2.25,4.25,2.75,5.75],"texture":"#0"},"up":{"uv":[2.25,3.75,2.5,4.25],"texture":"#0"},"down":{"uv":[0.25,0,0.5,0.5],"texture":"#0"}}},{"from":[3.5,2,3.5],"to":[12.5,5.5,12.5],"rotation":{"angle":45,"axis":"y","origin":[8,5.25,8]},"faces":{"north":{"uv":[0,6,2.25,6.875],"texture":"#0"},"east":{"uv":[0,6,2.25,6.875],"texture":"#0"},"south":{"uv":[0,6,2.25,6.875],"texture":"#0"},"west":{"uv":[0,6,2.25,6.875],"texture":"#0"},"up":{"uv":[0,3.75,2.25,6],"texture":"#0"}}},{"from":[7,2,2.5],"to":[9,8,3.5],"rotation":{"angle":45,"axis":"y","origin":[8,5.25,8]},"faces":{"north":{"uv":[2.25,4.25,2.75,5.75],"texture":"#0"},"east":{"uv":[3,4.25,2.75,5.75],"texture":"#0"},"south":{"uv":[0.5,0,1,1.5],"texture":"#0"},"west":{"uv":[2.75,4.25,3,5.75],"texture":"#0"},"up":{"uv":[2.25,3.75,2.5,4.25],"rotation":90,"texture":"#0"},"down":{"uv":[0.25,0,0.5,0.5],"rotation":270,"texture":"#0"}}},{"from":[7,5.5,3.5],"to":[9,8,5],"rotation":{"angle":45,"axis":"y","origin":[8,5.25,8]},"faces":{"east":{"uv":[3.375,4.25,3,4.875],"texture":"#0"},"south":{"uv":[3.375,4.25,3.875,4.875],"texture":"#0"},"west":{"uv":[3,4.25,3.375,4.875],"texture":"#0"},"up":{"uv":[2.5,3.75,2.875,4.25],"rotation":90,"texture":"#0"},"down":{"uv":[0.375,0,0.75,0.5],"rotation":270,"texture":"#0"}}},{"from":[11,5.5,7],"to":[12.5,8,9],"rotation":{"angle":45,"axis":"y","origin":[8,5.25,8]},"faces":{"north":{"uv":[3,4.25,3.375,4.875],"texture":"#0"},"south":{"uv":[3.375,4.25,3,4.875],"texture":"#0"},"west":{"uv":[3.375,4.25,3.875,4.875],"texture":"#0"},"up":{"uv":[2.5,3.75,2.875,4.25],"rotation":180,"texture":"#0"},"down":{"uv":[0.375,0,0.75,0.5],"rotation":180,"texture":"#0"}}},{"from":[12.5,2,7],"to":[13.5,8,9],"rotation":{"angle":45,"axis":"y","origin":[8,5.25,8]},"faces":{"north":{"uv":[2.75,4.25,3,5.75],"texture":"#0"},"east":{"uv":[2.25,4.25,2.75,5.75],"texture":"#0"},"south":{"uv":[3,4.25,2.75,5.75],"texture":"#0"},"west":{"uv":[0.5,0,1,1.5],"texture":"#0"},"up":{"uv":[2.25,3.75,2.5,4.25],"rotation":180,"texture":"#0"},"down":{"uv":[0.25,0,0.5,0.5],"rotation":180,"texture":"#0"}}},{"from":[7,5.5,11],"to":[9,8,12.5],"rotation":{"angle":45,"axis":"y","origin":[8,5.25,8]},"faces":{"north":{"uv":[3.375,4.25,3.875,4.875],"texture":"#0"},"east":{"uv":[3,4.25,3.375,4.875],"texture":"#0"},"west":{"uv":[3.375,4.25,3,4.875],"texture":"#0"},"up":{"uv":[2.5,3.75,2.875,4.25],"rotation":270,"texture":"#0"},"down":{"uv":[0.375,0,0.75,0.5],"rotation":90,"texture":"#0"}}},{"from":[7,2,12.5],"to":[9,8,13.5],"rotation":{"angle":45,"axis":"y","origin":[8,5.25,8]},"faces":{"north":{"uv":[0.5,0,1,1.5],"texture":"#0"},"east":{"uv":[2.75,4.25,3,5.75],"texture":"#0"},"south":{"uv":[2.25,4.25,2.75,5.75],"texture":"#0"},"west":{"uv":[3,4.25,2.75,5.75],"texture":"#0"},"up":{"uv":[2.25,3.75,2.5,4.25],"rotation":270,"texture":"#0"},"down":{"uv":[0.25,0,0.5,0.5],"rotation":90,"texture":"#0"}}},{"from":[3.5,5.5,7],"to":[5,8,9],"rotation":{"angle":45,"axis":"y","origin":[8,5.25,8]},"faces":{"north":{"uv":[3.375,4.25,3,4.875],"texture":"#0"},"east":{"uv":[3.375,4.25,3.875,4.875],"texture":"#0"},"south":{"uv":[3,4.25,3.375,4.875],"texture":"#0"},"up":{"uv":[2.5,3.75,2.875,4.25],"texture":"#0"},"down":{"uv":[0.375,0,0.75,0.5],"texture":"#0"}}},{"from":[6.2,5.45,6.2],"to":[9.8,7.05,9.8],"rotation":{"angle":0,"axis":"y","origin":[6.75,0,6.75]},"faces":{"north":{"uv":[5.625,3.25,6.5,3.625],"texture":"#0"},"east":{"uv":[6.5,3.25,5.625,3.625],"texture":"#0"},"south":{"uv":[5.625,3.25,6.5,3.625],"texture":"#0"},"west":{"uv":[6.5,3.25,5.625,3.625],"texture":"#0"},"up":{"uv":[4.75,3.25,5.625,4.125],"rotation":90,"texture":"#0"}}},{"from":[5.45,6.95,7.95],"to":[10.55,9.55,8.05],"rotation":{"angle":-45,"axis":"y","origin":[8,8.5,8]},"faces":{"north":{"uv":[4.75,5.5,5.625,6],"texture":"#0"},"south":{"uv":[4.75,5.5,5.625,6],"texture":"#0"}}},{"from":[5.45,6.95,7.95],"to":[10.55,9.55,8.05],"rotation":{"angle":45,"axis":"y","origin":[8,8.5,8]},"faces":{"north":{"uv":[4.75,5,5.625,5.5],"texture":"#0"},"south":{"uv":[4.75,5,5.625,5.5],"texture":"#0"}}},{"name":"cube inverted","from":[10.9,15.4,10.9],"to":[5.1,5.6,5.1],"rotation":{"angle":45,"axis":"y","origin":[8,7.5,8]},"faces":{"north":{"uv":[0,9.375,1.5,6.875],"texture":"#0"},"east":{"uv":[0,9.375,1.5,6.875],"texture":"#0"},"south":{"uv":[0,9.375,1.5,6.875],"texture":"#0"},"west":{"uv":[0,9.375,1.5,6.875],"texture":"#0"}}}],"display":{"thirdperson_righthand":{"rotation":[56,39,0],"translation":[0,1.5,1.5],"scale":[0.4,0.4,0.4]},"thirdperson_lefthand":{"rotation":[56,39,0],"translation":[0,1.5,1.5],"scale":[0.4,0.4,0.4]},"firstperson_righthand":{"rotation":[0,-60,0],"translation":[2.5,4,0],"scale":[0.4,0.4,0.4]},"firstperson_lefthand":{"rotation":[0,-60,0],"translation":[2.5,4,0],"scale":[0.4,0.4,0.4]},"ground":{"rotation":[0,-45,0],"translation":[0,6,0],"scale":[0.5,0.5,0.5]},"gui":{"rotation":[30,0,0],"translation":[0,-1.5,0],"scale":[0.55,0.55,0.55]},"head":{"scale":[3,3,3]},"fixed":{"rotation":[90,0,0],"translation":[-16,-16,0],"scale":[4,4,4]}},"groups":[{"name":"frame","origin":[8,5,8],"color":0,"children":[0,{"name":"bone6","origin":[8,5.5,8],"color":0,"children":[1,2,3,4,5,6,7,8,9]},10,11,12,13]}]}