{"credit":"Made with Blockbench","texture_size":[128,128],"textures":{"0":"custom/aether/decoration/archeology/holystone_relief","particle":"custom/aether/decoration/archeology/holystone_relief"},"elements":[{"from":[-4,-16,4],"to":[20,24,12],"rotation":{"angle":0,"axis":"y","origin":[-3.5,-16,4.5]},"faces":{"north":{"uv":[0,2,6,12],"texture":"#0"},"east":{"uv":[6,2,8,12],"texture":"#0"},"south":{"uv":[0,2,6,12],"texture":"#0"},"west":{"uv":[6,2,8,12],"texture":"#0"},"up":{"uv":[0,0,6,2],"texture":"#0"},"down":{"uv":[0,0,6,2],"texture":"#0"}}},{"from":[2,-10.65642,3.27269],"to":[5.5,-8.65642,3.27269],"rotation":{"angle":22.5,"axis":"x","origin":[2.5,-10.65642,2.77269]},"faces":{"north":{"uv":[6,0,6.875,0.5],"texture":"#0"},"south":{"uv":[6.875,0,6,0.5],"texture":"#0"}}},{"from":[-3,14.34358,3.27269],"to":[0.5,16.34358,3.27269],"rotation":{"angle":22.5,"axis":"x","origin":[0,14.34358,2.77269]},"faces":{"north":{"uv":[6.875,0,6,0.5],"texture":"#0"},"south":{"uv":[6,0,6.875,0.5],"texture":"#0"}}},{"from":[-3,11.34358,3.27269],"to":[-1.5,13.34358,3.27269],"rotation":{"angle":22.5,"axis":"x","origin":[0,11.34358,2.77269]},"faces":{"north":{"uv":[6.875,0,6.5,0.5],"texture":"#0"},"south":{"uv":[6.5,0,6.875,0.5],"texture":"#0"}}},{"from":[1,-12.65642,3.27269],"to":[2.5,-10.65642,3.27269],"rotation":{"angle":22.5,"axis":"x","origin":[4,-12.65642,2.77269]},"faces":{"north":{"uv":[7.375,0,7,0.5],"texture":"#0"},"south":{"uv":[7,0,7.375,0.5],"texture":"#0"}}},{"from":[17.5,-4.65642,3.27269],"to":[19,-2.65642,3.27269],"rotation":{"angle":22.5,"axis":"x","origin":[20.5,-4.65642,2.77269]},"faces":{"north":{"uv":[7.375,0,7,0.5],"texture":"#0"},"south":{"uv":[7,0,7.375,0.5],"texture":"#0"}}},{"from":[-1,-10.65642,3.27269],"to":[0.5,-8.65642,3.27269],"rotation":{"angle":22.5,"axis":"x","origin":[2,-10.65642,2.77269]},"faces":{"north":{"uv":[6.875,0,6.5,0.5],"texture":"#0"},"south":{"uv":[6.5,0,6.875,0.5],"texture":"#0"}}},{"from":[16.5,-1.65642,3.27269],"to":[18,0.34358,3.27269],"rotation":{"angle":22.5,"axis":"x","origin":[19.5,-1.65642,2.77269]},"faces":{"north":{"uv":[6.875,0,6.5,0.5],"texture":"#0"},"south":{"uv":[6.5,0,6.875,0.5],"texture":"#0"}}}],"gui_light":"front","display":{"thirdperson_righthand":{"rotation":[52,-20,0],"translation":[0.5,2,2],"scale":[0.24,0.24,0.24]},"thirdperson_lefthand":{"rotation":[52,-20,0],"translation":[0.5,2,2],"scale":[0.24,0.24,0.24]},"firstperson_righthand":{"rotation":[-180,30,-180],"translation":[21,4,-28]},"firstperson_lefthand":{"rotation":[-180,30,-180],"translation":[21,4,-28]},"ground":{"translation":[0,12,0],"scale":[0.4,0.4,0.4]},"gui":{"translation":[0,1.5,0],"scale":[0.38,0.38,0.3]},"fixed":{"rotation":[90,0,0],"translation":[0,0,32],"scale":[4,4,4]}}}