{"credit":"Made with Blockbench","texture_size":[32,32],"textures":{"0":"custom/aether/decoration/archeology/holystone_pedestal","particle":"custom/aether/decoration/archeology/holystone_pedestal"},"elements":[{"from":[1,0,1],"to":[15,2,15],"rotation":{"angle":0,"axis":"y","origin":[1,0,1]},"faces":{"north":{"uv":[0,15,7,16],"texture":"#0"},"east":{"uv":[0,15,7,16],"texture":"#0"},"south":{"uv":[0,15,7,16],"texture":"#0"},"west":{"uv":[0,15,7,16],"texture":"#0"},"up":{"uv":[8,8,15,15],"texture":"#0"},"down":{"uv":[8.5,0.5,15.5,7.5],"texture":"#0"}}},{"from":[2,2,2],"to":[14,11,14],"rotation":{"angle":0,"axis":"y","origin":[2,2,2]},"faces":{"north":{"uv":[0,10.5,6,15],"texture":"#0"},"east":{"uv":[0,10.5,6,15],"texture":"#0"},"south":{"uv":[0,10.5,6,15],"texture":"#0"},"west":{"uv":[0,10.5,6,15],"texture":"#0"}}},{"from":[0,11,0],"to":[16,16,16],"rotation":{"angle":0,"axis":"y","origin":[0,11,0]},"faces":{"north":{"uv":[0,8,8,10.5],"texture":"#0"},"east":{"uv":[0,8,8,10.5],"texture":"#0"},"south":{"uv":[0,8,8,10.5],"texture":"#0"},"west":{"uv":[0,8,8,10.5],"texture":"#0"},"up":{"uv":[0,0,8,8],"texture":"#0"},"down":{"uv":[8,0,16,8],"texture":"#0"}}}],"display":{"thirdperson_righthand":{"rotation":[53,41,0],"translation":[0,1.25,0],"scale":[0.3,0.3,0.3]},"thirdperson_lefthand":{"rotation":[53,41,0],"translation":[0,1.25,0],"scale":[0.3,0.3,0.3]},"firstperson_righthand":{"rotation":[0,32,0],"translation":[15.5,-7,-14.75],"scale":[0.8,0.8,0.8]},"firstperson_lefthand":{"rotation":[0,32,0],"translation":[15.5,-7,-14.75],"scale":[0.8,0.8,0.8]},"ground":{"translation":[0,6.25,0],"scale":[0.39,0.39,0.39]},"gui":{"rotation":[30,135,0],"translation":[0,-0.5,0],"scale":[0.6,0.6,0.6]},"fixed":{"rotation":[90,0,0],"translation":[0,0,-16],"scale":[2,2,2]}}}