{"credit":"Made with Blockbench","texture_size":[32,32],"textures":{"0":"custom/aether/decoration/archeology/holystone_finial","particle":"custom/aether/decoration/archeology/holystone_finial"},"elements":[{"from":[3,0,3],"to":[13,2,13],"rotation":{"angle":0,"axis":"y","origin":[3,0,3]},"faces":{"north":{"uv":[0,15,5,16],"texture":"#0"},"east":{"uv":[0,15,5,16],"texture":"#0"},"south":{"uv":[0,15,5,16],"texture":"#0"},"west":{"uv":[0,15,5,16],"texture":"#0"},"up":{"uv":[5,1,10,6],"texture":"#0"},"down":{"uv":[5,11,10,16],"texture":"#0"}}},{"from":[7,2,7],"to":[9,18,9],"rotation":{"angle":0,"axis":"y","origin":[7,2,7]},"faces":{"north":{"uv":[2,7,3,15],"texture":"#0"},"east":{"uv":[2,7,3,15],"texture":"#0"},"south":{"uv":[2,7,3,15],"texture":"#0"},"west":{"uv":[2,7,3,15],"texture":"#0"}}},{"from":[5,5,5],"to":[11,16,11],"rotation":{"angle":0,"axis":"y","origin":[5,5,5]},"faces":{"north":{"uv":[1,8,4,13.5],"texture":"#0"},"east":{"uv":[1,8,4,13.5],"texture":"#0"},"south":{"uv":[1,8,4,13.5],"texture":"#0"},"west":{"uv":[1,8,4,13.5],"texture":"#0"},"up":{"uv":[10,10,13,13],"texture":"#0"},"down":{"uv":[10,13,13,16],"texture":"#0"}}},{"from":[6,18,6],"to":[10,22,10],"rotation":{"angle":0,"axis":"y","origin":[5,18,5]},"faces":{"north":{"uv":[1.5,5,3.5,7],"texture":"#0"},"east":{"uv":[1.5,5,3.5,7],"texture":"#0"},"south":{"uv":[1.5,5,3.5,7],"texture":"#0"},"west":{"uv":[1.5,5,3.5,7],"texture":"#0"},"up":{"uv":[10,6,12,8],"texture":"#0"},"down":{"uv":[10,8,12,10],"texture":"#0"}}},{"from":[6.5,22,8],"to":[9.5,32,8],"rotation":{"angle":45,"axis":"y","origin":[8,27,8]},"faces":{"north":{"uv":[1.5,0,3,5],"texture":"#0"},"east":{"uv":[1.5,0,1.5,5],"texture":"#0"},"south":{"uv":[1.5,0,3,5],"texture":"#0"},"west":{"uv":[1.5,0,1.5,5],"texture":"#0"}}},{"from":[6.5,22,8],"to":[9.5,32,8],"rotation":{"angle":-45,"axis":"y","origin":[8,27,8]},"faces":{"north":{"uv":[1.5,0,3,5],"texture":"#0"},"east":{"uv":[1.5,0,1.5,5],"texture":"#0"},"south":{"uv":[1.5,0,3,5],"texture":"#0"},"west":{"uv":[1.5,0,1.5,5],"texture":"#0"}}},{"from":[3,7,3],"to":[13,14,13],"rotation":{"angle":0,"axis":"y","origin":[5,7,5]},"faces":{"north":{"uv":[0,9,5,12.5],"texture":"#0"},"east":{"uv":[0,9,5,12.5],"texture":"#0"},"south":{"uv":[0,9,5,12.5],"texture":"#0"},"west":{"uv":[0,9,5,12.5],"texture":"#0"},"up":{"uv":[5,6,10,11],"texture":"#0"},"down":{"uv":[10,1,15,6],"texture":"#0"}}}],"display":{"thirdperson_righthand":{"rotation":[-128.5,-141,-180],"translation":[0,3,2],"scale":[0.25,0.25,0.25]},"thirdperson_lefthand":{"rotation":[-128.5,-141,-180],"translation":[0,1,0],"scale":[0.25,0.25,0.25]},"firstperson_righthand":{"rotation":[0,120,0],"translation":[19,-5,-19]},"firstperson_lefthand":{"rotation":[0,120,0],"translation":[19,-5,-19]},"ground":{"translation":[0,8,0],"scale":[0.4,0.4,0.4]},"gui":{"rotation":[30,137,0],"translation":[0,-2.5,0],"scale":[0.5,0.5,0.5]},"fixed":{"rotation":[-90,0,0],"translation":[0,0,-16],"scale":[2,2,2]}}}