{"credit":"Made with Blockbench","texture_size":[64,64],"textures":{"0":"custom/aether/decoration/archeology/holystone_column","particle":"custom/aether/decoration/archeology/holystone_column"},"elements":[{"from":[2,-5,2],"to":[14,10,14],"rotation":{"angle":0,"axis":"y","origin":[2,-5,2]},"faces":{"north":{"uv":[11,4,14,7.75],"texture":"#0"},"east":{"uv":[8,4,11,7.75],"texture":"#0"},"south":{"uv":[11,4,8,7.75],"texture":"#0"},"west":{"uv":[14,4,11,7.75],"texture":"#0"},"up":{"uv":[8,0,11,3],"rotation":180,"texture":"#0"},"down":{"uv":[0,0,3,3],"texture":"#0"}}},{"from":[9,10,2],"to":[14,14,14],"rotation":{"angle":0,"axis":"y","origin":[2,-5,2]},"faces":{"north":{"uv":[11,3,12.25,4],"texture":"#0"},"east":{"uv":[8,3,11,4],"texture":"#0"},"south":{"uv":[9.75,3,11,4],"texture":"#0"},"west":{"uv":[14,2,11,3],"texture":"#0"},"up":{"uv":[8,0,9.25,3],"texture":"#0"},"down":{"uv":[8,0,9.75,3],"texture":"#0"}}},{"from":[2,10,9],"to":[9,14,14],"rotation":{"angle":0,"axis":"y","origin":[-5,-5,2]},"faces":{"north":{"uv":[11,2,12.75,1],"texture":"#0"},"east":{"uv":[8,0,11,1],"texture":"#0"},"south":{"uv":[8,3,9.75,4],"texture":"#0"},"west":{"uv":[12.25,3,11,4],"texture":"#0"},"up":{"uv":[11,1.25,9.25,0],"texture":"#0"},"down":{"uv":[8,0,9.75,3],"texture":"#0"}}},{"from":[0,-16,0],"to":[16,-13,16],"rotation":{"angle":0,"axis":"y","origin":[0,-16,0]},"faces":{"north":{"uv":[0,4,4,4.75],"texture":"#0"},"east":{"uv":[0,4,4,4.75],"texture":"#0"},"south":{"uv":[0,4,4,4.75],"texture":"#0"},"west":{"uv":[0,4,4,4.75],"texture":"#0"},"up":{"uv":[0,0,4,4],"texture":"#0"},"down":{"uv":[8,0,4,4],"texture":"#0"}}},{"from":[1,-13,1],"to":[15,-5,15],"rotation":{"angle":0,"axis":"y","origin":[1,-13,1]},"faces":{"north":{"uv":[0,8.25,3.5,10.25],"texture":"#0"},"east":{"uv":[0,8.25,3.5,10.25],"texture":"#0"},"south":{"uv":[0,8.25,3.5,10.25],"texture":"#0"},"west":{"uv":[0,8.25,3.5,10.25],"texture":"#0"},"up":{"uv":[0,4.75,3.5,8.25],"texture":"#0"},"down":{"uv":[3.5,4.75,7,8.25],"texture":"#0"}}}],"display":{"thirdperson_righthand":{"rotation":[-128.5,-141,-180],"translation":[0,3,2],"scale":[0.25,0.25,0.25]},"thirdperson_lefthand":{"rotation":[-128.5,-141,-180],"translation":[0,3,2],"scale":[0.25,0.25,0.25]},"firstperson_righthand":{"rotation":[0,120,0],"translation":[16,1.5,-14],"scale":[0.5,0.5,0.5]},"firstperson_lefthand":{"rotation":[0,120,0],"translation":[16,1.5,-14],"scale":[0.5,0.5,0.5]},"ground":{"translation":[0,8,0],"scale":[0.3,0.3,0.3]},"gui":{"rotation":[30,137,0],"translation":[0,3,0],"scale":[0.4,0.4,0.4]},"fixed":{"rotation":[90,0,0],"translation":[0,0,16],"scale":[2,2,2]}}}