{"credit":"Made with Blockbench","texture_size":[128,128],"textures":{"1":"custom/aether/decoration/archeology/holystone_fountain_water","2":"custom/aether/decoration/archeology/holystone_fountain_wall","particle":"custom/aether/decoration/archeology/holystone_fountain_wall"},"elements":[{"from":[2,0,-4],"to":[14,6,5],"rotation":{"angle":0,"axis":"y","origin":[13,1,1]},"faces":{"north":{"uv":[0,10.25,3,11.75],"texture":"#2"},"east":{"uv":[5.25,10.25,3,11.75],"texture":"#2"},"west":{"uv":[3,10.25,5.25,11.75],"texture":"#2"},"up":{"uv":[0,10.25,3,8],"texture":"#2"},"down":{"uv":[6,8,3,10.25],"texture":"#2"}}},{"from":[0,0,4],"to":[16,24,12],"rotation":{"angle":0,"axis":"y","origin":[4,0,4.5]},"faces":{"north":{"uv":[0,2,4,8],"texture":"#2"},"east":{"uv":[4,2,6,8],"texture":"#2"},"south":{"uv":[6,2,10,8],"texture":"#2"},"west":{"uv":[4,2,6,8],"texture":"#2"},"up":{"uv":[0,0,4,2],"texture":"#2"},"down":{"uv":[4,0,8,2],"texture":"#2"}}},{"from":[2,6,5],"to":[14,22,5],"rotation":{"angle":0,"axis":"y","origin":[4,0,5.5]},"faces":{"north":{"uv":[0,11.75,3,15.75],"texture":"#2"}}},{"name":"cube inverted","from":[12,6,4],"to":[4,3,-2],"rotation":{"angle":0,"axis":"y","origin":[4.5,5,-1.5]},"faces":{"east":{"uv":[6,8.75,7.5,8],"texture":"#2"},"south":{"uv":[7.5,8.75,9.5,8],"texture":"#2"},"west":{"uv":[7.5,8.75,6,8],"texture":"#2"},"up":{"uv":[5.5,8.25,3.5,9.75],"texture":"#2"}}},{"from":[4,6,4],"to":[12,20,5],"rotation":{"angle":0,"axis":"y","origin":[4.5,6,4.5]},"faces":{"east":{"uv":[10.25,2.75,10.5,6.25],"texture":"#2"},"west":{"uv":[10.5,2.75,10.25,6.25],"texture":"#2"},"up":{"uv":[10.25,2.5,12.25,2.25],"texture":"#2"}}},{"name":"cube inverted","from":[14,22,5],"to":[2,6,4],"rotation":{"angle":0,"axis":"y","origin":[2.5,6,4.5]},"faces":{"east":{"uv":[10.25,6.25,10,2.25],"texture":"#2"},"west":{"uv":[10,6.25,10.25,2.25],"texture":"#2"},"down":{"uv":[13,2.25,10,2],"texture":"#2"}}},{"name":"cube inverted","from":[10.5,18.5,5],"to":[5.5,8,4],"rotation":{"angle":0,"axis":"y","origin":[6,8,4.5]},"faces":{"east":{"uv":[10.75,6.25,10.5,3.625],"texture":"#2"},"west":{"uv":[10.5,6.25,10.75,3.625],"texture":"#2"},"up":{"uv":[11.5,2.5,12.75,2.75],"texture":"#2"},"down":{"uv":[11.5,2.75,10.25,2.5],"texture":"#2"}}},{"from":[4,5,-2],"to":[12,5,4],"rotation":{"angle":0,"axis":"y","origin":[4.5,5,-1.5]},"faces":{"up":{"uv":[10,2.875,12,1.375],"texture":"#1"}}},{"from":[5.5,5,3],"to":[10.5,8.5,5],"rotation":{"angle":0,"axis":"y","origin":[6.5,5,3]},"faces":{"north":{"uv":[10,0.5,11.25,1.375],"texture":"#1"},"east":{"uv":[11.75,0.5,11.25,1.375],"texture":"#1"},"west":{"uv":[11.25,0.5,11.75,1.375],"texture":"#1"},"up":{"uv":[10,0.5,11.25,0],"texture":"#1"}}}],"display":{"thirdperson_righthand":{"rotation":[52,-20,0],"translation":[0.5,1,0.5],"scale":[0.24,0.24,0.24]},"thirdperson_lefthand":{"rotation":[52,-20,0],"translation":[0.5,1,0.5],"scale":[0.24,0.24,0.24]},"firstperson_righthand":{"rotation":[-180,54,-180],"translation":[21,-1,-23]},"firstperson_lefthand":{"rotation":[-180,54,-180],"translation":[21,-1,-23]},"ground":{"translation":[0,12,0],"scale":[0.4,0.4,0.4]},"fixed":{"rotation":[90,0,0],"translation":[16,0,0],"scale":[4,4,4]}}}