{"credit":"Made with Blockbench","texture_size":[128,128],"textures":{"0":"custom/aether/decoration/archeology/holystone_fountain","1":"custom/aether/decoration/archeology/holystone_fountain_water"},"elements":[{"from":[2,-16,-4],"to":[4,-10,0.5],"rotation":{"angle":0,"axis":"y","origin":[3,-15,-2.5]},"faces":{"north":{"uv":[2.5,1.125,3,2.625],"texture":"#0"},"east":{"uv":[9,0,7.875,1.5],"texture":"#0"},"west":{"uv":[3,1.125,4.125,2.625],"texture":"#0"},"up":{"uv":[3,1.125,2.5,0],"texture":"#0"},"down":{"uv":[14.5,1.125,14,0],"texture":"#0"}}},{"from":[4,-16,-4],"to":[12,-10,-2],"rotation":{"angle":0,"axis":"y","origin":[4.5,-15,-4.5]},"faces":{"north":{"uv":[0.5,1.125,2.5,2.625],"texture":"#0"},"south":{"uv":[5.875,0,7.875,1.5],"texture":"#0"},"up":{"uv":[0.5,1.125,2.5,0.625],"texture":"#0"},"down":{"uv":[14,0.5,12,0],"texture":"#0"}}},{"from":[12,-16,-4],"to":[14,-10,0.5],"rotation":{"angle":0,"axis":"y","origin":[13,-15,-2.5]},"faces":{"north":{"uv":[0,1.125,0.5,2.625],"texture":"#0"},"east":{"uv":[4.125,1.125,3,2.625],"texture":"#0"},"west":{"uv":[7.875,0,9,1.5],"texture":"#0"},"up":{"uv":[2.5,1.125,3,0],"texture":"#0"},"down":{"uv":[12,1.125,11.5,0],"texture":"#0"}}},{"from":[12,-16,0.5],"to":[15.5,-9,4],"rotation":{"angle":0,"axis":"y","origin":[12.5,-16,1]},"faces":{"north":{"uv":[5,0.875,4.125,2.625],"texture":"#0"},"east":{"uv":[4.125,0.875,5,2.625],"texture":"#0"},"south":{"uv":[5.875,0.875,5,2.625],"texture":"#0"},"west":{"uv":[5,0.875,5.875,2.625],"texture":"#0"},"up":{"uv":[4.125,0,5,0.875],"rotation":270,"texture":"#0"},"down":{"uv":[11.125,1.125,12,2],"rotation":180,"texture":"#0"}}},{"from":[15.5,-16,2],"to":[20,-10,4],"rotation":{"angle":0,"axis":"y","origin":[18.5,-15,3]},"faces":{"north":{"uv":[3,1.125,4.125,2.625],"texture":"#0"},"east":{"uv":[2.5,1.125,3,2.625],"texture":"#0"},"south":{"uv":[9,0,7.875,1.5],"texture":"#0"},"up":{"uv":[3,1.125,2.5,0],"rotation":90,"texture":"#0"},"down":{"uv":[14.5,1.125,14,0],"rotation":270,"texture":"#0"}}},{"from":[18,-16,4],"to":[20,-10,12],"rotation":{"angle":0,"axis":"y","origin":[20.5,-15,4.5]},"faces":{"east":{"uv":[0.5,1.125,2.5,2.625],"texture":"#0"},"west":{"uv":[5.875,0,7.875,1.5],"texture":"#0"},"up":{"uv":[0.5,1.125,2.5,0.625],"rotation":90,"texture":"#0"},"down":{"uv":[14,0.5,12,0],"rotation":270,"texture":"#0"}}},{"from":[15.5,-16,12],"to":[20,-10,14],"rotation":{"angle":0,"axis":"y","origin":[18.5,-15,13]},"faces":{"north":{"uv":[7.875,0,9,1.5],"texture":"#0"},"east":{"uv":[0,1.125,0.5,2.625],"texture":"#0"},"south":{"uv":[4.125,1.125,3,2.625],"texture":"#0"},"up":{"uv":[2.5,1.125,3,0],"rotation":90,"texture":"#0"},"down":{"uv":[12,1.125,11.5,0],"rotation":270,"texture":"#0"}}},{"from":[12,-16,12],"to":[15.5,-9,15.5],"rotation":{"angle":0,"axis":"y","origin":[15,-16,12.5]},"faces":{"north":{"uv":[5,0.875,5.875,2.625],"texture":"#0"},"east":{"uv":[5,0.875,4.125,2.625],"texture":"#0"},"south":{"uv":[4.125,0.875,5,2.625],"texture":"#0"},"west":{"uv":[5.875,0.875,5,2.625],"texture":"#0"},"up":{"uv":[4.125,0,5,0.875],"texture":"#0"},"down":{"uv":[11.125,1.125,12,2],"rotation":90,"texture":"#0"}}},{"from":[12,-16,15.5],"to":[14,-10,20],"rotation":{"angle":0,"axis":"y","origin":[13,-15,18.5]},"faces":{"east":{"uv":[3,1.125,4.125,2.625],"texture":"#0"},"south":{"uv":[2.5,1.125,3,2.625],"texture":"#0"},"west":{"uv":[9,0,7.875,1.5],"texture":"#0"},"up":{"uv":[3,1.125,2.5,0],"rotation":180,"texture":"#0"},"down":{"uv":[14.5,1.125,14,0],"rotation":180,"texture":"#0"}}},{"from":[4,-16,18],"to":[12,-10,20],"rotation":{"angle":0,"axis":"y","origin":[11.5,-15,20.5]},"faces":{"north":{"uv":[5.875,0,7.875,1.5],"texture":"#0"},"south":{"uv":[0.5,1.125,2.5,2.625],"texture":"#0"},"up":{"uv":[0.5,1.125,2.5,0.625],"rotation":180,"texture":"#0"},"down":{"uv":[14,0.5,12,0],"rotation":180,"texture":"#0"}}},{"from":[2,-16,15.5],"to":[4,-10,20],"rotation":{"angle":0,"axis":"y","origin":[3,-15,18.5]},"faces":{"east":{"uv":[7.875,0,9,1.5],"texture":"#0"},"south":{"uv":[0,1.125,0.5,2.625],"texture":"#0"},"west":{"uv":[4.125,1.125,3,2.625],"texture":"#0"},"up":{"uv":[2.5,1.125,3,0],"rotation":180,"texture":"#0"},"down":{"uv":[12,1.125,11.5,0],"rotation":180,"texture":"#0"}}},{"from":[0.5,-16,12],"to":[4,-9,15.5],"rotation":{"angle":0,"axis":"y","origin":[3.5,-16,15]},"faces":{"north":{"uv":[5.875,0.875,5,2.625],"texture":"#0"},"east":{"uv":[5,0.875,5.875,2.625],"texture":"#0"},"south":{"uv":[5,0.875,4.125,2.625],"texture":"#0"},"west":{"uv":[4.125,0.875,5,2.625],"texture":"#0"},"up":{"uv":[4.125,0,5,0.875],"rotation":90,"texture":"#0"},"down":{"uv":[11.125,1.125,12,2],"texture":"#0"}}},{"from":[-4,-16,12],"to":[0.5,-10,14],"rotation":{"angle":0,"axis":"y","origin":[-2.5,-15,13]},"faces":{"north":{"uv":[9,0,7.875,1.5],"texture":"#0"},"south":{"uv":[3,1.125,4.125,2.625],"texture":"#0"},"west":{"uv":[2.5,1.125,3,2.625],"texture":"#0"},"up":{"uv":[3,1.125,2.5,0],"rotation":270,"texture":"#0"},"down":{"uv":[14.5,1.125,14,0],"rotation":90,"texture":"#0"}}},{"from":[-4,-16,4],"to":[-2,-10,12],"rotation":{"angle":0,"axis":"y","origin":[-4.5,-15,11.5]},"faces":{"east":{"uv":[5.875,0,7.875,1.5],"texture":"#0"},"west":{"uv":[0.5,1.125,2.5,2.625],"texture":"#0"},"up":{"uv":[0.5,1.125,2.5,0.625],"rotation":270,"texture":"#0"},"down":{"uv":[14,0.5,12,0],"rotation":90,"texture":"#0"}}},{"from":[-4,-16,2],"to":[0.5,-10,4],"rotation":{"angle":0,"axis":"y","origin":[-2.5,-15,3]},"faces":{"north":{"uv":[4.125,1.125,3,2.625],"texture":"#0"},"south":{"uv":[7.875,0,9,1.5],"texture":"#0"},"west":{"uv":[0,1.125,0.5,2.625],"texture":"#0"},"up":{"uv":[2.5,1.125,3,0],"rotation":270,"texture":"#0"},"down":{"uv":[12,1.125,11.5,0],"rotation":90,"texture":"#0"}}},{"from":[0.5,-16,0.5],"to":[4,-9,4],"rotation":{"angle":0,"axis":"y","origin":[1,-16,3.5]},"faces":{"north":{"uv":[4.125,0.875,5,2.625],"texture":"#0"},"east":{"uv":[5.875,0.875,5,2.625],"texture":"#0"},"south":{"uv":[5,0.875,5.875,2.625],"texture":"#0"},"west":{"uv":[5,0.875,4.125,2.625],"texture":"#0"},"up":{"uv":[4.125,0,5,0.875],"rotation":180,"texture":"#0"},"down":{"uv":[11.125,1.125,12,2],"rotation":270,"texture":"#0"}}},{"from":[-2,-16,-2],"to":[18,-13,18],"rotation":{"angle":0,"axis":"y","origin":[8,-13,8]},"faces":{"up":{"uv":[10.5,5.5,15.5,0.5],"rotation":180,"texture":"#0"},"down":{"uv":[15.5,5.5,10.5,0.5],"texture":"#0"}}},{"from":[5.5,-13,5.5],"to":[10.5,-4,10.5],"rotation":{"angle":0,"axis":"y","origin":[6,-13,6]},"faces":{"north":{"uv":[2.75,5.5,4,7.75],"texture":"#0"},"east":{"uv":[2.75,5.5,4,7.75],"texture":"#0"},"south":{"uv":[2.75,5.5,4,7.75],"texture":"#0"},"west":{"uv":[2.75,5.5,4,7.75],"texture":"#0"}}},{"from":[3,-4,3],"to":[13,-1,13],"rotation":{"angle":0,"axis":"y","origin":[8,-5,8]},"faces":{"north":{"uv":[0.125,5.75,2.625,6.5],"texture":"#0"},"east":{"uv":[0.125,5.75,2.625,6.5],"texture":"#0"},"south":{"uv":[0.125,5.75,2.625,6.5],"texture":"#0"},"west":{"uv":[0.125,5.75,2.625,6.5],"texture":"#0"},"up":{"uv":[2.875,2.875,5.375,5.375],"rotation":90,"texture":"#0"},"down":{"uv":[0.125,6.5,2.625,9],"texture":"#0"}}},{"from":[2.5,-1,2.5],"to":[13.5,0,13.5],"rotation":{"angle":0,"axis":"y","origin":[8,-1,8]},"faces":{"north":{"uv":[0,5.5,2.75,5.75],"texture":"#0"},"east":{"uv":[0,5.5,2.75,5.75],"texture":"#0"},"south":{"uv":[0,5.5,2.75,5.75],"texture":"#0"},"west":{"uv":[0,5.5,2.75,5.75],"texture":"#0"},"up":{"uv":[0,2.75,2.75,5.5],"texture":"#0"},"down":{"uv":[2.75,2.75,5.5,5.5],"rotation":270,"texture":"#0"}}},{"name":"cube inverted","from":[12,0,12],"to":[4,-1,4],"rotation":{"angle":0,"axis":"y","origin":[8,-1,8]},"faces":{"north":{"uv":[0,9.25,2,9],"texture":"#0"},"east":{"uv":[0,9.25,2,9],"texture":"#0"},"south":{"uv":[0,9.25,2,9],"texture":"#0"},"west":{"uv":[0,9.25,2,9],"texture":"#0"}}},{"from":[4.5,7,4.5],"to":[11.5,8,11.5],"rotation":{"angle":0,"axis":"y","origin":[10,7,6]},"faces":{"north":{"uv":[5.5,4.5,7.25,4.75],"texture":"#0"},"east":{"uv":[5.5,4.5,7.25,4.75],"texture":"#0"},"south":{"uv":[5.5,4.5,7.25,4.75],"texture":"#0"},"west":{"uv":[5.5,4.5,7.25,4.75],"texture":"#0"},"up":{"uv":[5.5,2.75,7.25,4.5],"texture":"#0"},"down":{"uv":[9,4.5,7.25,2.75],"rotation":90,"texture":"#0"}}},{"name":"cube inverted","from":[10.5,8,10.5],"to":[5.5,7,5.5],"rotation":{"angle":0,"axis":"y","origin":[10,7,6]},"faces":{"north":{"uv":[7.25,4.75,8.5,4.5],"texture":"#0"},"east":{"uv":[7.25,4.75,8.5,4.5],"texture":"#0"},"south":{"uv":[7.25,4.75,8.5,4.5],"texture":"#0"},"west":{"uv":[7.25,4.75,8.5,4.5],"texture":"#0"}}},{"from":[5,4.5,5],"to":[11,7,11],"rotation":{"angle":0,"axis":"y","origin":[10,3,6]},"faces":{"north":{"uv":[5.625,4.75,7.125,5.375],"texture":"#0"},"east":{"uv":[5.625,4.75,7.125,5.375],"texture":"#0"},"south":{"uv":[5.625,4.75,7.125,5.375],"texture":"#0"},"west":{"uv":[5.625,4.75,7.125,5.375],"texture":"#0"},"up":{"uv":[7.375,2.875,8.875,4.375],"texture":"#0"},"down":{"uv":[5.625,5.375,7.125,6.875],"texture":"#0"}}},{"from":[6,-1,6],"to":[10,4.5,10],"rotation":{"angle":0,"axis":"y","origin":[10,-1,6]},"faces":{"north":{"uv":[4,5.5,5,6.875],"texture":"#0"},"east":{"uv":[4,5.5,5,6.875],"texture":"#0"},"south":{"uv":[4,5.5,5,6.875],"texture":"#0"},"west":{"uv":[4,5.5,5,6.875],"texture":"#0"}}},{"from":[6.5,7,6.5],"to":[9.5,9,9.5],"rotation":{"angle":0,"axis":"y","origin":[10,7,5.5]},"faces":{"north":{"uv":[5.875,2.25,6.625,2.75],"texture":"#0"},"east":{"uv":[5.875,2.25,6.625,2.75],"texture":"#0"},"south":{"uv":[5.875,2.25,6.625,2.75],"texture":"#0"},"west":{"uv":[5.875,2.25,6.625,2.75],"texture":"#0"},"up":{"uv":[5.875,1.5,6.625,2.25],"texture":"#0"}}},{"from":[6,13,7.5],"to":[10,17.5,8.5],"rotation":{"angle":0,"axis":"y","origin":[10,13,5.5]},"faces":{"north":{"uv":[2.25,9.25,3.25,10.375],"texture":"#0"},"east":{"uv":[2.25,9.25,2.375,10.375],"texture":"#0"},"south":{"uv":[2.25,9.25,3.25,10.375],"texture":"#0"},"west":{"uv":[2.25,9.25,2.375,10.375],"texture":"#0"},"up":{"uv":[2.25,9.25,3.25,9.375],"texture":"#0"}}},{"from":[6.5,9,7],"to":[9.5,10.5,9],"rotation":{"angle":0,"axis":"y","origin":[10,9,5.5]},"faces":{"north":{"uv":[1,10.875,1.75,11.25],"texture":"#0"},"east":{"uv":[0,10.875,0.5,11.25],"texture":"#0"},"south":{"uv":[1,10.875,1.75,11.25],"texture":"#0"},"west":{"uv":[0,10.875,0.5,11.25],"texture":"#0"}}},{"from":[4.5,10.5,7],"to":[11.5,13,9],"rotation":{"angle":0,"axis":"y","origin":[10,10.5,5.5]},"faces":{"north":{"uv":[0.5,10.25,2.25,10.875],"texture":"#0"},"east":{"uv":[0,10.25,0.5,10.875],"texture":"#0"},"south":{"uv":[0.5,10.25,2.25,10.875],"texture":"#0"},"west":{"uv":[0,10.25,0.5,10.875],"texture":"#0"},"up":{"uv":[0.5,9.75,2.25,10.25],"texture":"#0"},"down":{"uv":[0.5,9.25,2.25,9.75],"texture":"#0"}}},{"from":[4.4,-0.1,4.4],"to":[11.6,8.1,11.6],"rotation":{"angle":0,"axis":"y","origin":[10,7,6]},"faces":{"north":{"uv":[2.875,1.75,4.625,3.75],"texture":"#1"},"east":{"uv":[2.875,1.75,4.625,3.75],"texture":"#1"},"south":{"uv":[2.875,1.75,4.625,3.75],"texture":"#1"},"west":{"uv":[2.875,1.75,4.625,3.75],"texture":"#1"},"up":{"uv":[2.875,0,4.625,1.75],"texture":"#1"}}},{"name":"cube inverted","from":[11.6,8.1,11.6],"to":[4.4,-0.1,4.4],"rotation":{"angle":0,"axis":"y","origin":[10,7,6]},"faces":{"north":{"uv":[2.875,3.75,4.625,1.75],"texture":"#1"},"east":{"uv":[2.875,3.75,4.625,1.75],"texture":"#1"},"south":{"uv":[2.875,3.75,4.625,1.75],"texture":"#1"},"west":{"uv":[2.875,3.75,4.625,1.75],"texture":"#1"},"down":{"uv":[4.625,0,2.875,1.75],"texture":"#1"}}},{"from":[2.4,-11.1,2.4],"to":[13.6,0.1,13.6],"rotation":{"angle":0,"axis":"y","origin":[8,-1,8]},"faces":{"north":{"uv":[0,2.75,2.75,5.5],"texture":"#1"},"east":{"uv":[0,2.75,2.75,5.5],"texture":"#1"},"south":{"uv":[0,2.75,2.75,5.5],"texture":"#1"},"west":{"uv":[0,2.75,2.75,5.5],"texture":"#1"},"up":{"uv":[2.75,2.75,0,0],"texture":"#1"}}},{"name":"cube inverted","from":[13.6,0.1,13.6],"to":[2.4,-11.1,2.4],"rotation":{"angle":0,"axis":"y","origin":[8,-1,8]},"faces":{"north":{"uv":[0,5.5,2.75,2.75],"texture":"#1"},"east":{"uv":[0,5.5,2.75,2.75],"texture":"#1"},"south":{"uv":[0,5.5,2.75,2.75],"texture":"#1"},"west":{"uv":[0,5.5,2.75,2.75],"texture":"#1"},"down":{"uv":[0,2.75,2.75,0],"texture":"#1"}}},{"from":[-2,-11,-2],"to":[18,-11,18],"rotation":{"angle":0,"axis":"y","origin":[8,-8,8]},"faces":{"up":{"uv":[4.75,5,9.75,0],"rotation":180,"texture":"#1"},"down":{"uv":[9.75,5,4.75,0],"texture":"#1"}}}],"display":{"thirdperson_righthand":{"rotation":[63,139,0],"translation":[0,6,5],"scale":[0.3,0.3,0.3]},"thirdperson_lefthand":{"rotation":[63,139,0],"translation":[0,6,5],"scale":[0.3,0.3,0.3]},"firstperson_righthand":{"rotation":[-180,59,-180],"translation":[6.5,8,-5.5],"scale":[0.4,0.4,0.4]},"firstperson_lefthand":{"rotation":[-180,59,-180],"translation":[6.5,8,-5.5],"scale":[0.4,0.4,0.4]},"ground":{"translation":[0,7.75,0],"scale":[0.3,0.3,0.3]},"gui":{"rotation":[30,-45,0],"translation":[0,3.75,0],"scale":[0.43,0.43,0.43]},"fixed":{"rotation":[90,0,0],"translation":[0,0,32],"scale":[4,4,4]}}}