{"credit":"Made with Blockbench","texture_size":[64,64],"textures":{"0":"custom/aether/decoration/archeology/holystone_column","particle":"custom/aether/decoration/archeology/holystone_column"},"elements":[{"from":[0,-16,0],"to":[16,-13,16],"rotation":{"angle":0,"axis":"y","origin":[0,-16,0]},"faces":{"north":{"uv":[0,4,4,4.75],"texture":"#0"},"east":{"uv":[0,4,4,4.75],"texture":"#0"},"south":{"uv":[0,4,4,4.75],"texture":"#0"},"west":{"uv":[0,4,4,4.75],"texture":"#0"},"up":{"uv":[0,0,4,4],"texture":"#0"},"down":{"uv":[8,0,4,4],"texture":"#0"}}},{"from":[0,29,0],"to":[16,32,16],"rotation":{"angle":0,"axis":"y","origin":[16,29,0]},"faces":{"north":{"uv":[4,4,0,4.75],"texture":"#0"},"east":{"uv":[4,4,0,4.75],"texture":"#0"},"south":{"uv":[4,4,0,4.75],"texture":"#0"},"west":{"uv":[4,4,0,4.75],"texture":"#0"},"up":{"uv":[4,0,0,4],"texture":"#0"},"down":{"uv":[4,0,8,4],"texture":"#0"}}},{"from":[1,-13,1],"to":[15,-5,15],"rotation":{"angle":0,"axis":"y","origin":[1,-13,1]},"faces":{"north":{"uv":[0,8.25,3.5,10.25],"texture":"#0"},"east":{"uv":[0,8.25,3.5,10.25],"texture":"#0"},"south":{"uv":[0,8.25,3.5,10.25],"texture":"#0"},"west":{"uv":[0,8.25,3.5,10.25],"texture":"#0"},"up":{"uv":[0,4.75,3.5,8.25],"texture":"#0"},"down":{"uv":[3.5,4.75,7,8.25],"texture":"#0"}}},{"from":[1,21,1],"to":[15,29,15],"rotation":{"angle":0,"axis":"y","origin":[1,21,1]},"faces":{"north":{"uv":[0,8.25,3.5,10.25],"texture":"#0"},"east":{"uv":[0,8.25,3.5,10.25],"texture":"#0"},"south":{"uv":[0,8.25,3.5,10.25],"texture":"#0"},"west":{"uv":[0,8.25,3.5,10.25],"texture":"#0"},"up":{"uv":[0,4.75,3.5,8.25],"texture":"#0"},"down":{"uv":[3.5,4.75,7,8.25],"texture":"#0"}}},{"from":[2,-5,2],"to":[14,21,14],"rotation":{"angle":0,"axis":"y","origin":[2,-5,2]},"faces":{"north":{"uv":[3.5,8.25,6.5,14.75],"texture":"#0"},"east":{"uv":[3.5,8.25,6.5,14.75],"texture":"#0"},"south":{"uv":[3.5,8.25,6.5,14.75],"texture":"#0"},"west":{"uv":[3.5,8.25,6.5,14.75],"texture":"#0"}}}],"display":{"thirdperson_righthand":{"rotation":[-128.5,19,-180],"translation":[0,1,0.25],"scale":[0.25,0.25,0.25]},"thirdperson_lefthand":{"rotation":[-128.5,19,-180],"translation":[0,1,0.25],"scale":[0.25,0.25,0.25]},"firstperson_righthand":{"rotation":[0,120,0],"translation":[16,1.5,-14],"scale":[0.5,0.5,0.5]},"firstperson_lefthand":{"rotation":[0,120,0],"translation":[16,1.5,-14],"scale":[0.5,0.5,0.5]},"ground":{"translation":[0,8,0],"scale":[0.3,0.3,0.3]},"gui":{"rotation":[30,137,0],"scale":[0.3,0.3,0.3]},"fixed":{"rotation":[0,0,90],"translation":[0,0,-16],"scale":[2,2,2]}}}