{"credit":"Made with Blockbench","texture_size":[64,64],"textures":{"0":"custom/aether/decoration/archeology/holystone_brick_ruins","particle":"custom/aether/decoration/archeology/holystone_brick_ruins"},"elements":[{"from":[3,0,8],"to":[10,8,15],"rotation":{"angle":0,"axis":"y","origin":[3,0,8]},"faces":{"north":{"uv":[0,9.25,1.75,11.25],"texture":"#0"},"east":{"uv":[0,9.25,1.75,11.25],"texture":"#0"},"south":{"uv":[0,9.25,1.75,11.25],"texture":"#0"},"west":{"uv":[0,9.25,1.75,11.25],"texture":"#0"},"up":{"uv":[0,7.5,1.75,9.25],"texture":"#0"},"down":{"uv":[1.75,7.5,3.5,9.25],"texture":"#0"}}},{"from":[10,0,3],"to":[16,5,13],"rotation":{"angle":0,"axis":"y","origin":[10,0,5]},"faces":{"north":{"uv":[7,5,8.5,6.25],"texture":"#0"},"east":{"uv":[8.5,5,11,6.25],"texture":"#0"},"south":{"uv":[7,5,8.5,6.25],"texture":"#0"},"west":{"uv":[8.5,5,11,6.25],"texture":"#0"},"up":{"uv":[7,2.5,8.5,5],"texture":"#0"},"down":{"uv":[8.5,2.5,10,5],"texture":"#0"}}},{"from":[1,0,1],"to":[7,4,7],"rotation":{"angle":-45,"axis":"y","origin":[4,2,4]},"faces":{"north":{"uv":[7,1.5,8.5,2.5],"texture":"#0"},"east":{"uv":[7,1.5,8.5,2.5],"texture":"#0"},"south":{"uv":[7,1.5,8.5,2.5],"texture":"#0"},"west":{"uv":[7,1.5,8.5,2.5],"texture":"#0"},"up":{"uv":[7,0,8.5,1.5],"texture":"#0"},"down":{"uv":[8.5,0,10,1.5],"texture":"#0"}}},{"from":[4,8,9],"to":[10,12,15],"rotation":{"angle":0,"axis":"y","origin":[4,8,9]},"faces":{"north":{"uv":[7,1.5,8.5,2.5],"texture":"#0"},"east":{"uv":[7,1.5,8.5,2.5],"texture":"#0"},"south":{"uv":[7,1.5,8.5,2.5],"texture":"#0"},"west":{"uv":[7,1.5,8.5,2.5],"texture":"#0"},"up":{"uv":[7,0,8.5,1.5],"texture":"#0"},"down":{"uv":[8.5,0,10,1.5],"texture":"#0"}}}],"display":{"thirdperson_righthand":{"rotation":[64.55,29.05,1.55],"translation":[0,1.75,1.25],"scale":[0.31,0.31,0.31]},"thirdperson_lefthand":{"rotation":[64.55,29.05,1.55],"translation":[0,1.75,1.25],"scale":[0.31,0.31,0.31]},"firstperson_righthand":{"rotation":[-180,72.5,-180],"translation":[13.25,1.25,-13]},"firstperson_lefthand":{"rotation":[-180,72.5,-180],"translation":[13.25,1.25,-13]},"ground":{"translation":[0,5,0],"scale":[0.45,0.45,0.45]},"gui":{"rotation":[30,144,0],"translation":[0,1.75,0],"scale":[0.8,0.8,0.8]},"fixed":{"rotation":[-90,0,0],"translation":[0,0,-16],"scale":[2,2,2]}}}