{"credit":"Made with Blockbench","texture_size":[64,64],"textures":{"0":"custom/aether/decoration/archeology/holystone_brick_ruins","particle":"custom/aether/decoration/archeology/holystone_brick_ruins"},"elements":[{"from":[2,0,2],"to":[16,8,16],"rotation":{"angle":0,"axis":"y","origin":[2,0,2]},"faces":{"north":{"uv":[0,3.5,3.5,5.5],"texture":"#0"},"east":{"uv":[0,3.5,3.5,5.5],"texture":"#0"},"south":{"uv":[0,3.5,3.5,5.5],"texture":"#0"},"west":{"uv":[0,3.5,3.5,5.5],"texture":"#0"},"up":{"uv":[3.5,3.5,0,0],"texture":"#0"},"down":{"uv":[7,0,3.5,3.5],"texture":"#0"}}},{"from":[8,8,2],"to":[16,16,16],"rotation":{"angle":0,"axis":"y","origin":[2,9,2]},"faces":{"north":{"uv":[0,5.5,2,7.5],"texture":"#0"},"east":{"uv":[2,5.5,5.5,7.5],"texture":"#0"},"south":{"uv":[0,5.5,2,7.5],"texture":"#0"},"west":{"uv":[2,5.5,5.5,7.5],"texture":"#0"},"up":{"uv":[2,3.5,0,0],"texture":"#0"}}},{"from":[2,8,8],"to":[8,12,14],"rotation":{"angle":0,"axis":"y","origin":[2,8,8]},"faces":{"north":{"uv":[7,1.5,8.5,2.5],"texture":"#0"},"east":{"uv":[7,1.5,8.5,2.5],"texture":"#0"},"south":{"uv":[7,1.5,8.5,2.5],"texture":"#0"},"west":{"uv":[7,1.5,8.5,2.5],"texture":"#0"},"up":{"uv":[7,0,8.5,1.5],"texture":"#0"},"down":{"uv":[8.5,0,10,1.5],"texture":"#0"}}},{"from":[16,0,1],"to":[22,4,7],"rotation":{"angle":-22.5,"axis":"y","origin":[19,2,4]},"faces":{"north":{"uv":[7,1.5,8.5,2.5],"texture":"#0"},"east":{"uv":[7,1.5,8.5,2.5],"texture":"#0"},"south":{"uv":[7,1.5,8.5,2.5],"texture":"#0"},"west":{"uv":[7,1.5,8.5,2.5],"texture":"#0"},"up":{"uv":[7,0,8.5,1.5],"texture":"#0"},"down":{"uv":[8.5,0,10,1.5],"texture":"#0"}}},{"from":[-4,0,6],"to":[2,5,16],"rotation":{"angle":0,"axis":"y","origin":[-4,0,8]},"faces":{"north":{"uv":[7,5,8.5,6.25],"texture":"#0"},"east":{"uv":[8.5,5,11,6.25],"texture":"#0"},"south":{"uv":[7,5,8.5,6.25],"texture":"#0"},"west":{"uv":[8.5,5,11,6.25],"texture":"#0"},"up":{"uv":[7,2.5,8.5,5],"texture":"#0"},"down":{"uv":[8.5,2.5,10,5],"texture":"#0"}}}],"display":{"thirdperson_righthand":{"rotation":[61,161,0],"translation":[0,2.25,2.25],"scale":[0.31,0.31,0.31]},"thirdperson_lefthand":{"rotation":[61,161,0],"translation":[0,2.25,2.25],"scale":[0.31,0.31,0.31]},"firstperson_righthand":{"rotation":[0,120,0],"translation":[12.5,-3,-14]},"firstperson_lefthand":{"rotation":[0,120,0],"translation":[12.5,-3,-14]},"ground":{"translation":[0,5.5,0],"scale":[0.45,0.45,0.45]},"gui":{"rotation":[30,137,0],"translation":[-0.25,0,0],"scale":[0.5,0.5,0.5]},"fixed":{"rotation":[90,0,0],"translation":[0,0,-16],"scale":[2,2,2]}}}