{"credit":"Made with Blockbench","texture_size":[32,32],"textures":{"0":"custom/aether/decoration/archeology/icestone_finial","particle":"custom/aether/decoration/archeology/icestone_finial"},"elements":[{"from":[5,0,5],"to":[11,2,11],"rotation":{"angle":0,"axis":"y","origin":[5,0,5]},"faces":{"north":{"uv":[2,15,5,16],"texture":"#0"},"east":{"uv":[2,15,5,16],"texture":"#0"},"south":{"uv":[2,15,5,16],"texture":"#0"},"west":{"uv":[2,15,5,16],"texture":"#0"},"up":{"uv":[8,10,11,13],"texture":"#0"},"down":{"uv":[8,13,11,16],"texture":"#0"}}},{"from":[1.5,2,8],"to":[14.5,32,8],"rotation":{"angle":45,"axis":"y","origin":[8,17,8]},"faces":{"north":{"uv":[0,0,6.5,15],"texture":"#0"},"south":{"uv":[0,0,6.5,15],"texture":"#0"}}},{"from":[1.5,2,8],"to":[14.5,32,8],"rotation":{"angle":-45,"axis":"y","origin":[8,17,8]},"faces":{"north":{"uv":[0,0,6.5,15],"texture":"#0"},"south":{"uv":[0,0,6.5,15],"texture":"#0"}}},{"from":[6.5,14,6.5],"to":[9.5,17,9.5],"rotation":{"angle":0,"axis":"y","origin":[7.5,14,7.5]},"faces":{"north":{"uv":[8,8.5,9.5,10],"texture":"#0"},"east":{"uv":[9.5,8.5,8,10],"texture":"#0"},"south":{"uv":[8,8.5,9.5,10],"texture":"#0"},"west":{"uv":[9.5,8.5,8,10],"texture":"#0"},"up":{"uv":[11,14.5,12.5,16],"texture":"#0"},"down":{"uv":[11,13,12.5,14.5],"rotation":90,"texture":"#0"}}},{"from":[7,2,7],"to":[9,6,9],"rotation":{"angle":0,"axis":"y","origin":[7,2,7]},"faces":{"north":{"uv":[11,11,12,13],"texture":"#0"},"east":{"uv":[12,11,11,13],"texture":"#0"},"south":{"uv":[11,11,12,13],"texture":"#0"},"west":{"uv":[12,11,11,13],"texture":"#0"},"up":{"uv":[11,10,12,11],"rotation":180,"texture":"#0"}}}],"display":{"thirdperson_righthand":{"rotation":[-128.5,-141,-180],"translation":[0,3,2],"scale":[0.25,0.25,0.25]},"thirdperson_lefthand":{"rotation":[-128.5,-141,-180],"translation":[0,1,0],"scale":[0.25,0.25,0.25]},"firstperson_righthand":{"rotation":[0,120,0],"translation":[19,-5,-19]},"firstperson_lefthand":{"rotation":[0,120,0],"translation":[19,-5,-19]},"ground":{"translation":[0,8,0],"scale":[0.4,0.4,0.4]},"gui":{"rotation":[30,137,0],"translation":[0,-2.5,0],"scale":[0.5,0.5,0.5]},"fixed":{"rotation":[-90,0,0],"translation":[0,0,-16],"scale":[2,2,2]}}}