{"credit":"Made with Blockbench","texture_size":[32,32],"textures":{"0":"custom/aether/decoration/archeology/moa_figure","particle":"custom/aether/decoration/archeology/moa_figure"},"elements":[{"from":[7,12,2],"to":[10,19,5],"rotation":{"angle":0,"axis":"y","origin":[7,12,2]},"faces":{"north":{"uv":[3,1.5,4.5,5],"texture":"#0"},"east":{"uv":[1.5,1.5,3,5],"texture":"#0"},"south":{"uv":[0,1.5,1.5,5],"texture":"#0"},"west":{"uv":[3,1.5,1.5,5],"texture":"#0"},"up":{"uv":[1.5,0,3,1.5],"rotation":270,"texture":"#0"},"down":{"uv":[0,0,1.5,1.5],"texture":"#0"}}},{"from":[7,16,2],"to":[10,19,5],"rotation":{"angle":0,"axis":"y","origin":[7,12,2]},"faces":{"east":{"uv":[9.5,14.5,11,16],"texture":"#0","tintindex":1},"south":{"uv":[8,14.5,9.5,16],"texture":"#0","tintindex":1},"west":{"uv":[11,14.5,9.5,16],"texture":"#0","tintindex":1},"up":{"uv":[8,14.5,9.5,15],"rotation":180,"texture":"#0","tintindex":1}}},{"from":[7,16,5],"to":[10,19,9],"rotation":{"angle":0,"axis":"y","origin":[7,12,8]},"faces":{"east":{"uv":[4.5,3,6.5,4.5],"texture":"#0"},"west":{"uv":[6.5,3,4.5,4.5],"texture":"#0"}}},{"name":"cube inverted","from":[10,19,9],"to":[7,16,5],"rotation":{"angle":0,"axis":"y","origin":[7,12,8]},"faces":{"east":{"uv":[6.5,4.5,4.5,3],"texture":"#0"},"west":{"uv":[4.5,4.5,6.5,3],"texture":"#0"}}},{"from":[7,16,-4],"to":[10,19,2],"rotation":{"angle":0,"axis":"y","origin":[7,12,-1]},"faces":{"north":{"uv":[6,1.5,7.5,3],"texture":"#0"},"east":{"uv":[3,1.5,6,3],"texture":"#0"},"west":{"uv":[6,1.5,3,3],"texture":"#0"},"up":{"uv":[6,0,3,1.5],"rotation":90,"texture":"#0"},"down":{"uv":[6,0,9,1.5],"rotation":90,"texture":"#0"}}},{"from":[5,6,2],"to":[12,12,14],"rotation":{"angle":0,"axis":"y","origin":[10,6,2]},"faces":{"north":{"uv":[6,8.5,9.5,11.5],"texture":"#0"},"east":{"uv":[0,8.5,6,11.5],"texture":"#0"},"south":{"uv":[9.5,8.5,13,11.5],"texture":"#0"},"west":{"uv":[6,8.5,0,11.5],"texture":"#0"},"up":{"uv":[6,5,0,8.5],"rotation":90,"texture":"#0"},"down":{"uv":[6,5,12,8.5],"rotation":90,"texture":"#0"}}},{"from":[10,6,2],"to":[12,12,11],"rotation":{"angle":0,"axis":"y","origin":[10,6,2]},"faces":{"north":{"uv":[4.5,12.5,5.5,15.5],"texture":"#0","tintindex":1},"east":{"uv":[0,12.5,4.5,15.5],"texture":"#0","tintindex":1},"south":{"uv":[9.5,8.5,13,11.5],"texture":"#0","tintindex":1},"west":{"uv":[4.5,12.5,0,15.5],"texture":"#0","tintindex":1},"up":{"uv":[4.5,12.5,0,11.5],"rotation":90,"texture":"#0","tintindex":1},"down":{"uv":[4.5,15.5,0,15],"rotation":90,"texture":"#0","tintindex":1}}},{"from":[5,6,2],"to":[7,12,11],"rotation":{"angle":0,"axis":"y","origin":[7,6,2]},"faces":{"north":{"uv":[5.5,12.5,4.5,15.5],"texture":"#0","tintindex":1},"east":{"uv":[0,12.5,4.5,15.5],"texture":"#0","tintindex":1},"south":{"uv":[13,8.5,9.5,11.5],"texture":"#0","tintindex":1},"west":{"uv":[4.5,12.5,0,15.5],"texture":"#0","tintindex":1},"up":{"uv":[4.5,11.5,0,12.5],"rotation":90,"texture":"#0","tintindex":1},"down":{"uv":[4.5,15,0,15.5],"rotation":90,"texture":"#0","tintindex":1}}},{"from":[6,10,14],"to":[11,16,19],"rotation":{"angle":0,"axis":"y","origin":[6,10,14]},"faces":{"north":{"uv":[13.5,2.5,16,5.5],"texture":"#0","tintindex":1},"east":{"uv":[13.5,5.5,16,8.5],"texture":"#0","tintindex":1},"south":{"uv":[13.5,2.5,16,5.5],"texture":"#0","tintindex":1},"west":{"uv":[16,5.5,13.5,8.5],"texture":"#0","tintindex":1},"up":{"uv":[11,0,13.5,2.5],"rotation":90,"texture":"#0","tintindex":1},"down":{"uv":[13.5,0,16,2.5],"rotation":90,"texture":"#0","tintindex":1}}},{"from":[6,4,7],"to":[11,6,12],"rotation":{"angle":0,"axis":"y","origin":[9,4,10]},"faces":{"north":{"uv":[0,0,2.5,1],"texture":"#0"},"east":{"uv":[5.5,11.5,8,12.5],"texture":"#0"},"south":{"uv":[12,12.5,14.5,13],"texture":"#0"},"west":{"uv":[8,11.5,5.5,12.5],"texture":"#0"},"up":{"uv":[0,0,2.5,2],"texture":"#0"},"down":{"uv":[5.5,12.5,8,15],"rotation":90,"texture":"#0"}}},{"from":[6,0,4],"to":[11,6,7],"rotation":{"angle":0,"axis":"y","origin":[9,4,6]},"faces":{"north":{"uv":[9.5,11.5,12,14.5],"texture":"#0"},"east":{"uv":[8,11.5,9.5,14.5],"texture":"#0"},"south":{"uv":[12,11.5,14.5,14.5],"texture":"#0"},"west":{"uv":[9.5,11.5,8,14.5],"texture":"#0"},"up":{"uv":[10,12,12.5,14],"texture":"#0"},"down":{"uv":[9.5,14,12,14.5],"texture":"#0"}}}],"display":{"thirdperson_righthand":{"rotation":[57.25,53,0],"translation":[0,3,1],"scale":[0.52,0.52,0.52]},"thirdperson_lefthand":{"rotation":[57.25,53,0],"translation":[0,3,1],"scale":[0.52,0.52,0.52]},"firstperson_righthand":{"rotation":[175.97,77.5,-176.39],"translation":[10,1,-12]},"firstperson_lefthand":{"rotation":[175.97,77.5,-176.39],"translation":[10,1,-12]},"ground":{"translation":[0,7,0],"scale":[0.57,0.57,0.57]},"gui":{"rotation":[30,135,0],"translation":[0,-1,0],"scale":[0.65,0.65,0.65]},"fixed":{"rotation":[-90,0,0],"translation":[0,0,-16],"scale":[2,2,2]}}}