{"credit":"Made with Blockbench","texture_size":[32,32],"textures":{"0":"custom/aether/decoration/archeology/phyg_vessel","particle":"custom/aether/decoration/archeology/phyg_vessel"},"elements":[{"from":[3,3,2],"to":[13,11,14],"rotation":{"angle":0,"axis":"y","origin":[3,3,2]},"faces":{"north":{"uv":[0,6,5,10],"texture":"#0"},"east":{"uv":[11,6,5,10],"texture":"#0"},"south":{"uv":[6,10,11,14],"texture":"#0"},"west":{"uv":[5,6,11,10],"texture":"#0"},"up":{"uv":[0,6,5,0],"texture":"#0"},"down":{"uv":[5,0,10,6],"texture":"#0"}}},{"from":[3,3,2],"to":[13,11,3],"rotation":{"angle":0,"axis":"y","origin":[3,3,2]},"faces":{"north":{"uv":[0,10,5,14],"texture":"#0","tintindex":1},"east":{"uv":[5.5,10,5,14],"texture":"#0","tintindex":1},"west":{"uv":[5,10,5.5,14],"texture":"#0","tintindex":1}}},{"from":[7,3,14],"to":[9,8,18],"rotation":{"angle":0,"axis":"y","origin":[3,3,14]},"faces":{"east":{"uv":[16,0,14,2.5],"texture":"#0"},"south":{"uv":[15.5,0,16,2.5],"texture":"#0"},"west":{"uv":[14,0,16,2.5],"texture":"#0"},"up":{"uv":[14,0,16,0.5],"rotation":90,"texture":"#0"},"down":{"uv":[16,2,14,2.5],"rotation":90,"texture":"#0"}}},{"from":[3,9,-1],"to":[5,13,4],"rotation":{"angle":0,"axis":"y","origin":[3,9,2]},"faces":{"north":{"uv":[10,0,10.5,2],"texture":"#0"},"east":{"uv":[12.5,0,10,2],"texture":"#0"},"south":{"uv":[12,0,12.5,2],"texture":"#0"},"west":{"uv":[10,0,12.5,2],"texture":"#0"},"up":{"uv":[10,0,12.5,0.5],"rotation":90,"texture":"#0"},"down":{"uv":[12.5,1.5,10,2],"rotation":90,"texture":"#0"}}},{"from":[11,9,-1],"to":[13,13,4],"rotation":{"angle":0,"axis":"y","origin":[13,9,2]},"faces":{"north":{"uv":[10.5,0,10,2],"texture":"#0"},"east":{"uv":[12.5,0,10,2],"texture":"#0"},"south":{"uv":[12.5,0,12,2],"texture":"#0"},"west":{"uv":[10,0,12.5,2],"texture":"#0"},"up":{"uv":[10,0.5,12.5,0],"rotation":90,"texture":"#0"},"down":{"uv":[12.5,2,10,1.5],"rotation":90,"texture":"#0"}}},{"from":[10,0,2],"to":[13,3,5],"rotation":{"angle":0,"axis":"y","origin":[10,1,2]},"faces":{"north":{"uv":[11,6.5,12.5,8],"texture":"#0"},"east":{"uv":[14,6.5,12.5,8],"texture":"#0"},"south":{"uv":[14,6.5,15.5,8],"texture":"#0"},"west":{"uv":[12.5,6.5,14,8],"texture":"#0"}}},{"from":[10,0,2],"to":[13,3,5],"rotation":{"angle":0,"axis":"y","origin":[10,1,2]},"faces":{"north":{"uv":[12.5,5,14,6.5],"texture":"#0","tintindex":1},"east":{"uv":[15.5,5,14,6.5],"texture":"#0","tintindex":1},"south":{"uv":[15,5,15.5,6.5],"texture":"#0","tintindex":1},"west":{"uv":[14,5,15.5,6.5],"texture":"#0","tintindex":1},"down":{"uv":[11,5,12.5,6.5],"texture":"#0","tintindex":1}}},{"from":[3,0,2],"to":[6,3,5],"rotation":{"angle":0,"axis":"y","origin":[3,1,2]},"faces":{"north":{"uv":[12.5,5,14,6.5],"texture":"#0","tintindex":1},"east":{"uv":[15.5,5,14,6.5],"texture":"#0","tintindex":1},"south":{"uv":[15,5,15.5,6.5],"texture":"#0","tintindex":1},"west":{"uv":[14,5,15.5,6.5],"texture":"#0","tintindex":1},"down":{"uv":[11,5,12.5,6.5],"texture":"#0","tintindex":1}}},{"from":[3,0,2],"to":[6,3,5],"rotation":{"angle":0,"axis":"y","origin":[3,1,2]},"faces":{"north":{"uv":[11,6.5,12.5,8],"texture":"#0"},"east":{"uv":[14,6.5,12.5,8],"texture":"#0"},"south":{"uv":[14,6.5,15.5,8],"texture":"#0"},"west":{"uv":[12.5,6.5,14,8],"texture":"#0"}}},{"from":[10,0,11],"to":[13,3,14],"rotation":{"angle":0,"axis":"y","origin":[10,1,11]},"faces":{"north":{"uv":[11,6.5,12.5,8],"texture":"#0"},"east":{"uv":[14,6.5,12.5,8],"texture":"#0"},"south":{"uv":[14,6.5,15.5,8],"texture":"#0"},"west":{"uv":[12.5,6.5,14,8],"texture":"#0"}}},{"from":[10,0,11],"to":[13,3,14],"rotation":{"angle":0,"axis":"y","origin":[10,1,11]},"faces":{"north":{"uv":[12.5,5,14,6.5],"texture":"#0","tintindex":1},"east":{"uv":[15.5,5,14,6.5],"texture":"#0","tintindex":1},"south":{"uv":[15,5,15.5,6.5],"texture":"#0","tintindex":1},"west":{"uv":[14,5,15.5,6.5],"texture":"#0","tintindex":1},"down":{"uv":[11,5,12.5,6.5],"texture":"#0","tintindex":1}}},{"from":[3,0,11],"to":[6,3,14],"rotation":{"angle":0,"axis":"y","origin":[3,1,11]},"faces":{"north":{"uv":[12.5,5,14,6.5],"texture":"#0","tintindex":1},"east":{"uv":[15.5,5,14,6.5],"texture":"#0","tintindex":1},"south":{"uv":[15,5,15.5,6.5],"texture":"#0","tintindex":1},"west":{"uv":[14,5,15.5,6.5],"texture":"#0","tintindex":1},"down":{"uv":[11,5,12.5,6.5],"texture":"#0","tintindex":1}}},{"from":[3,0,11],"to":[6,3,14],"rotation":{"angle":0,"axis":"y","origin":[3,1,11]},"faces":{"north":{"uv":[11,6.5,12.5,8],"texture":"#0"},"east":{"uv":[14,6.5,12.5,8],"texture":"#0"},"south":{"uv":[14,6.5,15.5,8],"texture":"#0"},"west":{"uv":[12.5,6.5,14,8],"texture":"#0"}}},{"from":[6,3,-1],"to":[10,6,2],"rotation":{"angle":0,"axis":"y","origin":[8,3,0]},"faces":{"north":{"uv":[10,3.5,12,5],"texture":"#0"},"east":{"uv":[13.5,3.5,12,5],"texture":"#0"},"south":{"uv":[0,0,2,1.5],"texture":"#0"},"west":{"uv":[12,3.5,13.5,5],"texture":"#0"},"up":{"uv":[10,3.5,12,2],"texture":"#0"},"down":{"uv":[12,2,14,3.5],"texture":"#0"}}},{"from":[3,11,6],"to":[5,17,14],"rotation":{"angle":-45,"axis":"y","origin":[3.5,11,7]},"faces":{"north":{"uv":[11,8,11.5,11],"texture":"#0","tintindex":1},"east":{"uv":[15,8,11,11],"texture":"#0","tintindex":1},"south":{"uv":[14.5,8,15,11],"texture":"#0","tintindex":1},"west":{"uv":[11,8,15,11],"texture":"#0","tintindex":1},"up":{"uv":[11,8,15,8.5],"rotation":90,"texture":"#0","tintindex":1},"down":{"uv":[11,10.5,15,11],"rotation":90,"texture":"#0","tintindex":1}}},{"from":[11,11,6],"to":[13,17,14],"rotation":{"angle":45,"axis":"y","origin":[12.5,11,7]},"faces":{"north":{"uv":[11.5,8,11,11],"texture":"#0","tintindex":1},"east":{"uv":[15,8,11,11],"texture":"#0","tintindex":1},"south":{"uv":[15,8,14.5,11],"texture":"#0","tintindex":1},"west":{"uv":[11,8,15,11],"texture":"#0","tintindex":1},"up":{"uv":[11,8.5,15,8],"rotation":90,"texture":"#0","tintindex":1},"down":{"uv":[11,11,15,10.5],"rotation":90,"texture":"#0","tintindex":1}}},{"from":[7,11,4],"to":[9,16,12],"rotation":{"angle":0,"axis":"y","origin":[7,11,4]},"faces":{"north":{"uv":[12,12.5,12.5,15],"texture":"#0"},"east":{"uv":[16,12.5,12,15],"texture":"#0"},"south":{"uv":[15.5,12.5,16,15],"texture":"#0"},"west":{"uv":[12,12.5,16,15],"texture":"#0"},"up":{"uv":[12,12.5,16,13],"rotation":90,"texture":"#0"}}},{"name":"cube inverted","from":[9,14,10],"to":[7,11,6],"rotation":{"angle":0,"axis":"y","origin":[7,11,4]},"faces":{"north":{"uv":[15,15,15.5,13.5],"texture":"#0"},"south":{"uv":[12.5,15,13,13.5],"texture":"#0"},"down":{"uv":[13,13.5,15,13],"rotation":90,"texture":"#0"}}},{"from":[7,16,7],"to":[9,19,9],"rotation":{"angle":0,"axis":"y","origin":[7,16,4]},"faces":{"north":{"uv":[13.5,11,14.5,12.5],"texture":"#0"},"east":{"uv":[14.5,11,13.5,12.5],"texture":"#0"},"south":{"uv":[13.5,11,14.5,12.5],"texture":"#0"},"west":{"uv":[14.5,11,13.5,12.5],"texture":"#0"},"up":{"uv":[13.5,11,14.5,11.5],"texture":"#0"}}}],"display":{"thirdperson_righthand":{"rotation":[75,53,0],"translation":[0,3,3.25],"scale":[0.52,0.52,0.52]},"thirdperson_lefthand":{"rotation":[75,53,0],"translation":[0,3,3.25],"scale":[0.52,0.52,0.52]},"firstperson_righthand":{"rotation":[177.34,71,-177.78],"translation":[9.5,1,-12]},"firstperson_lefthand":{"rotation":[177.34,71,-177.78],"translation":[9.5,1,-12]},"ground":{"translation":[0,7,0],"scale":[0.57,0.57,0.57]},"gui":{"rotation":[30,135,0],"translation":[0,-1,0],"scale":[0.65,0.65,0.65]},"fixed":{"rotation":[-90,0,0],"translation":[0,0,-16],"scale":[2,2,2]}}}