{"credit":"Made with Blockbench","texture_size":[64,64],"textures":{"0":"custom/aether/decoration/archeology/potted_skyroot_sapling"},"elements":[{"from":[6.5,13,7.5],"to":[8,17,9],"rotation":{"angle":0,"axis":"y","origin":[6.5,13,7.5]},"faces":{"north":{"uv":[9.5,0,10.25,2],"texture":"#0"},"east":{"uv":[8,0,8.75,2],"texture":"#0"},"south":{"uv":[10.25,0,9.5,2],"texture":"#0"},"west":{"uv":[10.25,0,11,2],"texture":"#0"},"up":{"uv":[9.5,0,10.25,0.25],"texture":"#0"},"down":{"uv":[10.25,2,9.5,2.75],"texture":"#0"}}},{"from":[8,15,8.25],"to":[10,18,8.25],"rotation":{"angle":0,"axis":"y","origin":[8,15,8.25]},"faces":{"north":{"uv":[7,0.75,8,2.25],"texture":"#0"},"south":{"uv":[8,0.75,7,2.25],"texture":"#0"}}},{"from":[8,11,7.5],"to":[9.5,14.5,9],"rotation":{"angle":0,"axis":"y","origin":[8,11,7.5]},"faces":{"north":{"uv":[8.75,1.25,9.5,3],"texture":"#0"},"east":{"uv":[8,1.25,8.75,3],"texture":"#0"},"south":{"uv":[9.5,1.25,8.75,3],"texture":"#0"},"west":{"uv":[10.25,1.25,11,3],"texture":"#0"},"up":{"uv":[9.5,0.5,8.75,1.25],"texture":"#0"}}},{"from":[4.5,15.5,4.5],"to":[11.5,22,11.5],"rotation":{"angle":0,"axis":"y","origin":[4.5,17,4.5]},"faces":{"north":{"uv":[5.5,12.75,9,16],"texture":"#0"},"east":{"uv":[5.5,12.75,9,16],"texture":"#0"},"south":{"uv":[5.5,12.75,9,16],"texture":"#0"},"west":{"uv":[5.5,12.75,9,16],"texture":"#0"},"up":{"uv":[5.5,9.25,9,12.75],"texture":"#0"}}},{"from":[1.5,14,8],"to":[14.5,23.5,8],"rotation":{"angle":45,"axis":"y","origin":[8,18.75,8]},"faces":{"north":{"uv":[9,9,15.5,13.75],"texture":"#0"},"south":{"uv":[15.5,9,9,13.75],"texture":"#0"}}},{"from":[1.5,14,8],"to":[14.5,23.5,8],"rotation":{"angle":-45,"axis":"y","origin":[8,18.75,8]},"faces":{"north":{"uv":[15.5,9,9,13.75],"texture":"#0"},"south":{"uv":[9,9,15.5,13.75],"texture":"#0"}}},{"from":[8,22,8],"to":[9.5,23.5,9.5],"rotation":{"angle":0,"axis":"y","origin":[8,22,8]},"faces":{"north":{"uv":[7,0,7.75,0.75],"texture":"#0"},"east":{"uv":[7,0,7.75,0.75],"texture":"#0"},"south":{"uv":[7,0,7.75,0.75],"texture":"#0"},"west":{"uv":[7,0,7.75,0.75],"texture":"#0"},"up":{"uv":[7.25,0,7.5,0.25],"texture":"#0"},"down":{"uv":[7,0.5,7.25,0.75],"texture":"#0"}}},{"from":[6.5,23,7],"to":[10.5,26.5,11],"rotation":{"angle":0,"axis":"y","origin":[6.5,23.5,7]},"faces":{"north":{"uv":[3.5,12,5.5,13.75],"texture":"#0"},"east":{"uv":[3.5,12,5.5,13.75],"texture":"#0"},"south":{"uv":[3.5,12,5.5,13.75],"texture":"#0"},"west":{"uv":[3.5,12,5.5,13.75],"texture":"#0"},"up":{"uv":[3.5,10,5.5,12],"texture":"#0"}}},{"from":[5,22,9],"to":[12,27.5,9],"rotation":{"angle":45,"axis":"y","origin":[8.5,25,9]},"faces":{"north":{"uv":[0,10,3.5,12.75],"texture":"#0"},"south":{"uv":[3.5,10,0,12.75],"texture":"#0"}}},{"from":[5,22,9],"to":[12,27.5,9],"rotation":{"angle":-45,"axis":"y","origin":[8.5,25,9]},"faces":{"north":{"uv":[3.5,10,0,12.75],"texture":"#0"},"south":{"uv":[0,10,3.5,12.75],"texture":"#0"}}},{"name":"cube inverted","from":[11.5,22,11.5],"to":[4.5,15.5,4.5],"rotation":{"angle":0,"axis":"y","origin":[4.5,17,4.5]},"faces":{"north":{"uv":[5.5,16,9,12.75],"texture":"#0"},"east":{"uv":[5.5,16,9,12.75],"texture":"#0"},"south":{"uv":[5.5,16,9,12.75],"texture":"#0"},"west":{"uv":[5.5,16,9,12.75],"texture":"#0"},"down":{"uv":[9,9.25,5.5,12.75],"texture":"#0"}}},{"name":"cube inverted","from":[10.5,26.5,11],"to":[6.5,23,7],"rotation":{"angle":0,"axis":"y","origin":[6.5,23.5,7]},"faces":{"north":{"uv":[3.5,13.75,5.5,12],"texture":"#0"},"east":{"uv":[3.5,13.75,5.5,12],"texture":"#0"},"south":{"uv":[3.5,13.75,5.5,12],"texture":"#0"},"west":{"uv":[3.5,13.75,5.5,12],"texture":"#0"},"down":{"uv":[5.5,10,3.5,12],"texture":"#0"}}},{"from":[5,0,5],"to":[11,2,11],"rotation":{"angle":0,"axis":"y","origin":[5,0,5]},"faces":{"north":{"uv":[4,6.5,7,7.5],"texture":"#0"},"east":{"uv":[4,6.5,7,7.5],"texture":"#0"},"south":{"uv":[4,6.5,7,7.5],"texture":"#0"},"west":{"uv":[4,6.5,7,7.5],"texture":"#0"},"up":{"uv":[7,6.5,4,3.5],"texture":"#0"},"down":{"uv":[7,3.5,10,6.5],"texture":"#0"}}},{"from":[6.5,2,6.5],"to":[9.5,4,9.5],"rotation":{"angle":0,"axis":"y","origin":[6.5,2,6.5]},"faces":{"north":{"uv":[2.5,4,4,5],"texture":"#0"},"east":{"uv":[2.5,4,4,5],"texture":"#0"},"south":{"uv":[2.5,4,4,5],"texture":"#0"},"west":{"uv":[2.5,4,4,5],"texture":"#0"}}},{"from":[5.5,4,5.5],"to":[10.5,11,10.5],"rotation":{"angle":0,"axis":"y","origin":[5.5,4,5.5]},"faces":{"north":{"uv":[0,4,2.5,7.5],"texture":"#0"},"east":{"uv":[0,4,2.5,7.5],"texture":"#0"},"south":{"uv":[0,4,2.5,7.5],"texture":"#0"},"west":{"uv":[0,4,2.5,7.5],"texture":"#0"},"up":{"uv":[4,0.5,6.5,3],"texture":"#0"},"down":{"uv":[0,7.5,2.5,10],"texture":"#0"}}},{"from":[4.5,11,4.5],"to":[11.5,12,11.5],"rotation":{"angle":0,"axis":"y","origin":[4.5,11,4.5]},"faces":{"north":{"uv":[0,3.5,3.5,4],"texture":"#0"},"east":{"uv":[4,7.5,7.5,8],"texture":"#0"},"south":{"uv":[0,3.5,3.5,4],"texture":"#0"},"west":{"uv":[4,7.5,7.5,8],"texture":"#0"},"up":{"uv":[0,0,3.5,3.5],"texture":"#0"},"down":{"uv":[3.5,0,7,3.5],"texture":"#0"}}},{"from":[11,10,7.5],"to":[13.5,13,8.5],"rotation":{"angle":0,"axis":"y","origin":[11,10,7.5]},"faces":{"north":{"uv":[2.5,5,3.75,6.5],"texture":"#0"},"east":{"uv":[2.5,5,2.75,6.5],"texture":"#0"},"south":{"uv":[3.75,5,2.5,6.5],"texture":"#0"},"west":{"uv":[3.5,5,3.75,6.5],"texture":"#0"},"up":{"uv":[3.75,5,2.5,5.25],"texture":"#0"},"down":{"uv":[2.5,6.25,3.75,6.5],"texture":"#0"}}},{"from":[10.5,4,7.5],"to":[11.5,11,8.5],"rotation":{"angle":0,"axis":"y","origin":[10.5,4,7.5]},"faces":{"north":{"uv":[3.5,6,4,9.5],"texture":"#0"},"east":{"uv":[3.5,6,3.75,9.5],"texture":"#0"},"south":{"uv":[4,6,3.5,9.5],"texture":"#0"},"west":{"uv":[3.75,6,4,9.5],"texture":"#0"},"up":{"uv":[0,0,0.5,0.5],"texture":"#0"},"down":{"uv":[4,9.25,3.5,9.5],"texture":"#0"}}},{"from":[2.5,10,7.5],"to":[5,13,8.5],"rotation":{"angle":0,"axis":"y","origin":[5,10,7.5]},"faces":{"north":{"uv":[3.75,5,2.5,6.5],"texture":"#0"},"east":{"uv":[3.75,5,3.5,6.5],"texture":"#0"},"south":{"uv":[2.5,5,3.75,6.5],"texture":"#0"},"west":{"uv":[2.75,5,2.5,6.5],"texture":"#0"},"up":{"uv":[2.5,5,3.75,5.25],"texture":"#0"},"down":{"uv":[3.75,6.25,2.5,6.5],"texture":"#0"}}},{"from":[4.5,4,7.5],"to":[5.5,11,8.5],"rotation":{"angle":0,"axis":"y","origin":[5.5,4,7.5]},"faces":{"north":{"uv":[4,6,3.5,9.5],"texture":"#0"},"east":{"uv":[4,6,3.75,9.5],"texture":"#0"},"south":{"uv":[3.5,6,4,9.5],"texture":"#0"},"west":{"uv":[3.75,6,3.5,9.5],"texture":"#0"},"up":{"uv":[0.5,0,0,0.5],"texture":"#0"},"down":{"uv":[3.5,9.25,4,9.5],"texture":"#0"}}},{"name":"cube inverted","from":[10.5,12,10.5],"to":[5.5,11,5.5],"rotation":{"angle":0,"axis":"y","origin":[4.5,11,4.5]},"faces":{"north":{"uv":[2,4.75,2.5,4.25],"texture":"#0"},"east":{"uv":[2,4.75,2.5,4.25],"texture":"#0"},"south":{"uv":[2,4.75,2.5,4.25],"texture":"#0"},"west":{"uv":[2,4.75,2.5,4.25],"texture":"#0"}}}],"display":{"thirdperson_righthand":{"rotation":[60,21,0],"translation":[0,1,0],"scale":[0.4,0.4,0.4]},"thirdperson_lefthand":{"rotation":[60,21,0],"translation":[0,1,0],"scale":[0.4,0.4,0.4]},"firstperson_righthand":{"rotation":[0,115,0],"translation":[23,-8,-23],"scale":[1.5,1.5,1.5]},"firstperson_lefthand":{"rotation":[0,115,0],"translation":[23,-8,-23],"scale":[1.5,1.5,1.5]},"ground":{"translation":[0,6,0],"scale":[0.6,0.6,0.6]},"gui":{"rotation":[30,135,0],"translation":[0,-2.5,0],"scale":[0.6,0.6,0.6]},"fixed":{"rotation":[90,0,0],"scale":[4,4,4]}},"groups":[{"name":"group","origin":[7.5,5,4],"color":0,"children":[0,1,2,3,4,5,6,7,8,9,10,11]},{"name":"bone","origin":[4,0,4],"color":0,"children":[12,13,14,15,16,17,18,19,20]}]}