{"credit":"Made with Blockbench","texture_size":[32,32],"textures":{"0":"custom/aether/decoration/archeology/sheepuff_rhyton","particle":"custom/aether/decoration/archeology/sheepuff_rhyton"},"elements":[{"from":[4,7,4],"to":[12,14,12],"rotation":{"angle":0,"axis":"y","origin":[4,0,4]},"faces":{"north":{"uv":[0,6,4,9.5],"texture":"#0","tintindex":1},"east":{"uv":[0,6,4,9.5],"texture":"#0","tintindex":1},"south":{"uv":[0,6,4,9.5],"texture":"#0","tintindex":1},"west":{"uv":[0,6,4,9.5],"texture":"#0","tintindex":1}}},{"from":[4,7,4],"to":[12,14,12],"rotation":{"angle":0,"axis":"y","origin":[4,0,4]},"faces":{"north":{"uv":[4,6,8,9.5],"texture":"#0"},"east":{"uv":[4,6,8,9.5],"texture":"#0"},"south":{"uv":[4,6,8,9.5],"texture":"#0"},"west":{"uv":[4,6,8,9.5],"texture":"#0"}}},{"from":[4,0,-1],"to":[12,7,12],"rotation":{"angle":0,"axis":"y","origin":[4,0,2]},"faces":{"north":{"uv":[0,12.5,4,16],"texture":"#0"},"east":{"uv":[10.5,12.5,4,16],"texture":"#0"},"south":{"uv":[8,6,12,9.5],"texture":"#0"},"west":{"uv":[4,12.5,10.5,16],"texture":"#0"},"up":{"uv":[0,12.5,4,6],"texture":"#0"},"down":{"uv":[16,9.5,12,16],"texture":"#0"}}},{"from":[4,0,-1],"to":[12,7,1],"rotation":{"angle":0,"axis":"y","origin":[4,0,2]},"faces":{"north":{"uv":[4,9,8,12.5],"texture":"#0","tintindex":1},"east":{"uv":[7,9,8,12.5],"texture":"#0","tintindex":1},"west":{"uv":[8,9,7,12.5],"texture":"#0","tintindex":1},"down":{"uv":[5.5,6,9.5,5],"texture":"#0","tintindex":1}}},{"from":[3,14,3],"to":[13,16,13],"rotation":{"angle":0,"axis":"y","origin":[3,14,3]},"faces":{"north":{"uv":[0,5,5,6],"texture":"#0","tintindex":1},"east":{"uv":[0,5,5,6],"texture":"#0","tintindex":1},"south":{"uv":[0,5,5,6],"texture":"#0","tintindex":1},"west":{"uv":[0,5,5,6],"texture":"#0","tintindex":1},"up":{"uv":[0,0,5,5],"texture":"#0","tintindex":1},"down":{"uv":[5,0,10,5],"texture":"#0","tintindex":1}}},{"name":"cube inverted","from":[9,14,15],"to":[7,9,12],"rotation":{"angle":0,"axis":"y","origin":[7,7,12]},"faces":{"north":{"uv":[15.5,7,15,4.5],"texture":"#0","tintindex":1},"up":{"uv":[15,7.5,13.5,7],"rotation":90,"texture":"#0","tintindex":1},"down":{"uv":[13.5,4.5,15,4],"rotation":90,"texture":"#0","tintindex":1}}},{"from":[7,7,12],"to":[9,16,17],"rotation":{"angle":0,"axis":"y","origin":[7,7,12]},"faces":{"east":{"uv":[16,3.5,13.5,8],"texture":"#0","tintindex":1},"south":{"uv":[15.5,3.5,16,8],"texture":"#0","tintindex":1},"west":{"uv":[13.5,3.5,16,8],"texture":"#0","tintindex":1},"up":{"uv":[10,4.5,12.5,5.5],"rotation":90,"texture":"#0","tintindex":1},"down":{"uv":[16,7.5,13,8],"rotation":90,"texture":"#0","tintindex":1}}},{"from":[7,5,12],"to":[9,7,15],"rotation":{"angle":0,"axis":"y","origin":[7,5,12]},"faces":{"east":{"uv":[13.5,8,15,9],"texture":"#0","tintindex":1},"south":{"uv":[14.5,8,15,9],"texture":"#0","tintindex":1},"west":{"uv":[13.5,8,15,9],"texture":"#0","tintindex":1},"down":{"uv":[15,8.5,13.5,9],"rotation":90,"texture":"#0","tintindex":1}}},{"from":[2,0,4],"to":[4,7,10],"rotation":{"angle":0,"axis":"y","origin":[2,0,4]},"faces":{"north":{"uv":[10,0,11,3.5],"texture":"#0","tintindex":1},"east":{"uv":[0,0,3,3.5],"texture":"#0","tintindex":1},"south":{"uv":[14,0,15,3.5],"texture":"#0","tintindex":1},"west":{"uv":[11,0,14,3.5],"texture":"#0","tintindex":1},"up":{"uv":[16,0,15,3],"texture":"#0","tintindex":1},"down":{"uv":[14,4.5,11,3.5],"rotation":90,"texture":"#0","tintindex":1}}},{"from":[2,0,2],"to":[4,2,4],"rotation":{"angle":0,"axis":"y","origin":[2,0,2]},"faces":{"north":{"uv":[11,2.5,10,3.5],"texture":"#0","tintindex":1},"south":{"uv":[0,0,1,1],"texture":"#0","tintindex":1},"west":{"uv":[10,2.5,11,3.5],"texture":"#0","tintindex":1},"up":{"uv":[0,0,1,1],"texture":"#0","tintindex":1},"down":{"uv":[11,3.5,10,4.5],"rotation":180,"texture":"#0","tintindex":1}}},{"from":[1,2,2],"to":[4,5,4],"rotation":{"angle":0,"axis":"y","origin":[2,2,2]},"faces":{"north":{"uv":[8,10,9.5,11.5],"texture":"#0"},"south":{"uv":[10,10,10.5,11.5],"texture":"#0"},"west":{"uv":[9.5,10,10.5,11.5],"texture":"#0"},"up":{"uv":[9.5,10.5,8,9.5],"texture":"#0"},"down":{"uv":[9.5,9.5,8,10.5],"texture":"#0"}}},{"from":[2,3,2],"to":[4,4,4],"rotation":{"angle":0,"axis":"y","origin":[2,2,2]},"faces":{"north":{"uv":[8,12,9,12.5],"texture":"#0","tintindex":1}}},{"from":[12,0,4],"to":[14,7,10],"rotation":{"angle":0,"axis":"y","origin":[14,0,4]},"faces":{"north":{"uv":[11,0,10,3.5],"texture":"#0","tintindex":1},"east":{"uv":[14,0,11,3.5],"texture":"#0","tintindex":1},"south":{"uv":[15,0,14,3.5],"texture":"#0","tintindex":1},"west":{"uv":[3,0,0,3.5],"texture":"#0","tintindex":1},"up":{"uv":[15,0,16,3],"texture":"#0","tintindex":1},"down":{"uv":[14,3.5,11,4.5],"rotation":90,"texture":"#0","tintindex":1}}},{"from":[12,0,2],"to":[14,2,4],"rotation":{"angle":0,"axis":"y","origin":[14,0,2]},"faces":{"north":{"uv":[10,2.5,11,3.5],"texture":"#0","tintindex":1},"east":{"uv":[11,2.5,10,3.5],"texture":"#0","tintindex":1},"south":{"uv":[1,0,0,1],"texture":"#0","tintindex":1},"up":{"uv":[1,0,0,1],"texture":"#0","tintindex":1},"down":{"uv":[10,3.5,11,4.5],"rotation":180,"texture":"#0","tintindex":1}}},{"from":[12,2,2],"to":[15,5,4],"rotation":{"angle":0,"axis":"y","origin":[14,2,2]},"faces":{"north":{"uv":[9.5,10,8,11.5],"texture":"#0"},"east":{"uv":[10.5,10,9.5,11.5],"texture":"#0"},"south":{"uv":[10.5,10,10,11.5],"texture":"#0"},"up":{"uv":[8,10.5,9.5,9.5],"texture":"#0"},"down":{"uv":[8,9.5,9.5,10.5],"texture":"#0"}}},{"from":[12,3,2],"to":[14,4,4],"rotation":{"angle":0,"axis":"y","origin":[14,2,2]},"faces":{"north":{"uv":[9,12,8,12.5],"texture":"#0","tintindex":1}}}],"display":{"thirdperson_righthand":{"rotation":[57.25,53,0],"translation":[0,3,1],"scale":[0.5,0.5,0.5]},"thirdperson_lefthand":{"rotation":[57.25,53,0],"translation":[0,3,1],"scale":[0.5,0.5,0.5]},"firstperson_righthand":{"rotation":[177.34,78,-177.78],"translation":[11,3,-12]},"firstperson_lefthand":{"rotation":[177.34,78,-177.78],"translation":[11,3,-12]},"ground":{"translation":[0,8,0],"scale":[0.5,0.5,0.5]},"gui":{"rotation":[30,135,0],"scale":[0.65,0.65,0.65]},"fixed":{"rotation":[-90,0,0],"translation":[0,0,-16],"scale":[2,2,2]}}}