{"credit":"Made with Blockbench","texture_size":[128,128],"textures":{"0":"custom/aether/decoration/archeology/skyfarer_trireme"},"elements":[{"from":[3,0,-9.5],"to":[13,10,21],"rotation":{"angle":0,"axis":"y","origin":[11,0,2]},"faces":{"north":{"uv":[7.625,2.5,10.125,5],"texture":"#0"},"east":{"uv":[0,2.5,7.625,5],"texture":"#0"},"south":{"uv":[10.125,2.5,12.625,5],"texture":"#0"},"west":{"uv":[7.625,2.5,0,5],"texture":"#0"},"down":{"uv":[7.625,0,15.25,2.5],"rotation":90,"texture":"#0"}}},{"from":[3,0,-9.5],"to":[13,10,21],"rotation":{"angle":0,"axis":"y","origin":[11,0,2]},"faces":{"north":{"uv":[13.5,11.25,16,13.75],"texture":"#0","tintindex":1},"east":{"uv":[5.875,11.25,13.5,13.75],"texture":"#0","tintindex":1},"west":{"uv":[13.5,11.25,5.875,13.75],"texture":"#0","tintindex":1}}},{"name":"cube inverted","from":[12,10,20],"to":[4,1,-8.5],"rotation":{"angle":0,"axis":"y","origin":[11,0,2]},"faces":{"north":{"uv":[9.125,7.25,11.125,5],"texture":"#0"},"east":{"uv":[7.125,7.25,0,5],"texture":"#0"},"south":{"uv":[7.125,7.25,9.125,5],"texture":"#0"},"west":{"uv":[0,7.25,7.125,5],"texture":"#0"},"up":{"uv":[0,9.25,7.125,7.25],"rotation":90,"texture":"#0"}}},{"name":"cube inverted","from":[12,10,20],"to":[4,1,-8.5],"rotation":{"angle":0,"axis":"y","origin":[11,0,2]},"faces":{"east":{"uv":[14,16,6.875,13.75],"texture":"#0","tintindex":1},"south":{"uv":[16,16,14,13.75],"texture":"#0","tintindex":1},"west":{"uv":[6.875,16,14,13.75],"texture":"#0","tintindex":1}}},{"from":[5.5,0,-16],"to":[10.5,2.5,-9.5],"rotation":{"angle":0,"axis":"y","origin":[7.5,0,-18]},"faces":{"north":{"uv":[12.625,5.625,13.875,6.25],"texture":"#0"},"east":{"uv":[12.625,3.75,14.25,4.375],"texture":"#0"},"south":{"uv":[13,4.5,14.25,5.125],"texture":"#0"},"west":{"uv":[14.25,3.75,12.625,4.375],"texture":"#0"},"up":{"uv":[14.25,2.5,12.625,3.75],"rotation":90,"texture":"#0"},"down":{"uv":[12.625,4.375,14.25,5.625],"rotation":90,"texture":"#0"}}},{"from":[6.5,11,-11.5],"to":[9.5,15,-7],"rotation":{"angle":0,"axis":"y","origin":[7.5,11,-18]},"faces":{"north":{"uv":[14.5,8.5,15.25,9.5],"texture":"#0","tintindex":1},"east":{"uv":[13.375,8.5,14.5,9.5],"texture":"#0","tintindex":1},"south":{"uv":[12.625,8.5,13.375,9.5],"texture":"#0","tintindex":1},"west":{"uv":[13.375,8.5,14.5,9.5],"texture":"#0","tintindex":1},"up":{"uv":[13.75,8.5,12.625,7.75],"rotation":90,"texture":"#0","tintindex":1},"down":{"uv":[13.75,7.75,14.875,8.5],"rotation":90,"texture":"#0","tintindex":1}}},{"from":[6.5,2.5,-11.5],"to":[9.5,8.5,-9.5],"rotation":{"angle":0,"axis":"y","origin":[7.5,2.5,-18]},"faces":{"north":{"uv":[13.125,6.25,13.875,7.75],"texture":"#0"},"east":{"uv":[12.625,6.25,13.125,7.75],"texture":"#0"},"west":{"uv":[13.125,6.25,12.625,7.75],"texture":"#0"}}},{"from":[6.5,8.5,-11.5],"to":[9.5,11,-9.5],"rotation":{"angle":0,"axis":"y","origin":[7.5,5,-18]},"faces":{"north":{"uv":[14.5,9.5,15.25,10.125],"texture":"#0","tintindex":1},"east":{"uv":[14,9.5,14.5,10.125],"texture":"#0","tintindex":1},"south":{"uv":[12.625,9.5,13.375,10.125],"texture":"#0","tintindex":1},"west":{"uv":[14,9.5,14.5,10.125],"texture":"#0","tintindex":1}}},{"from":[7,0,21],"to":[9,12,23],"rotation":{"angle":0,"axis":"y","origin":[8,0,21.5]},"faces":{"north":{"uv":[2,10.5,2.5,13.5],"texture":"#0"},"east":{"uv":[1,10.5,1.5,13.5],"texture":"#0"},"south":{"uv":[1.5,10.5,2,13.5],"texture":"#0"},"west":{"uv":[1.5,10.5,1,13.5],"texture":"#0"},"up":{"uv":[0.75,9.25,1.25,9.75],"rotation":270,"texture":"#0"},"down":{"uv":[2,9.25,2.5,9.75],"rotation":90,"texture":"#0"}}},{"from":[7,10,23],"to":[9,12,24],"rotation":{"angle":0,"axis":"y","origin":[8,0,23.5]},"faces":{"east":{"uv":[0.75,10.5,1,11],"texture":"#0","tintindex":1},"west":{"uv":[0.75,10.5,1,11],"texture":"#0","tintindex":1},"up":{"uv":[0.75,10.5,1,11],"rotation":90,"texture":"#0","tintindex":1},"down":{"uv":[0.75,10.5,1,11],"rotation":90,"texture":"#0","tintindex":1}}},{"from":[7,10,24],"to":[9,15,27],"rotation":{"angle":0,"axis":"y","origin":[8,2,23.5]},"faces":{"north":{"uv":[0.75,9.75,1.25,11],"texture":"#0"},"east":{"uv":[0,9.75,0.75,11],"texture":"#0"},"south":{"uv":[1.5,9.75,2,11],"texture":"#0"},"west":{"uv":[0.75,9.75,0,11],"texture":"#0"},"up":{"uv":[0.75,9.25,0,9.75],"rotation":90,"texture":"#0"},"down":{"uv":[1.25,9.25,2,9.75],"rotation":90,"texture":"#0"}}},{"from":[8,4,23],"to":[8,15,32],"rotation":{"angle":0,"axis":"y","origin":[9,-6,22.5]},"faces":{"east":{"uv":[2.25,11.5,4.5,14.25],"texture":"#0"},"west":{"uv":[4.5,11.5,2.25,14.25],"texture":"#0"}}},{"from":[8,4,23],"to":[8,15,32],"rotation":{"angle":0,"axis":"y","origin":[9,-6,22.5]},"faces":{"east":{"uv":[9.875,7.25,12.125,10],"texture":"#0","tintindex":1},"west":{"uv":[12.125,7.25,9.875,10],"texture":"#0","tintindex":1}}},{"from":[3,7,15.5],"to":[13,10,21],"rotation":{"angle":0,"axis":"y","origin":[12.5,7,12.5]},"faces":{"north":{"uv":[9.625,8,7.125,8.75],"texture":"#0"},"up":{"uv":[1.375,2.5,0,0],"rotation":90,"texture":"#0"}}},{"from":[3,7,-9.5],"to":[13,10,-0.5],"rotation":{"angle":0,"axis":"y","origin":[12.5,7,-1]},"faces":{"south":{"uv":[7.125,7.25,9.625,8],"texture":"#0","tintindex":1},"up":{"uv":[9.375,11.25,7.125,8.75],"rotation":90,"texture":"#0","tintindex":1}}},{"from":[3,7,-0.5],"to":[13,7,15.5],"rotation":{"angle":0,"axis":"y","origin":[12.5,7,8]},"faces":{"up":{"uv":[5.375,2.5,1.375,0],"rotation":90,"texture":"#0"}}},{"from":[13,13.34462,23.26746],"to":[14,15.34462,25.76746],"rotation":{"angle":-22.5,"axis":"x","origin":[13.5,7.25,16.75]},"faces":{"north":{"uv":[3,9.25,3.125,9.75],"texture":"#0"},"east":{"uv":[2.5,9.25,3.125,9.75],"texture":"#0"},"south":{"uv":[2.5,9.25,2.625,9.75],"texture":"#0"},"west":{"uv":[2.5,9.75,3.125,9.25],"rotation":180,"texture":"#0"},"up":{"uv":[3.125,9.25,2.5,9.375],"rotation":90,"texture":"#0"},"down":{"uv":[2.5,10,2.75,10.625],"texture":"#0"}}},{"from":[13,11.84462,17.76746],"to":[14,13.34462,25.76746],"rotation":{"angle":-22.5,"axis":"x","origin":[13.5,7.25,16.75]},"faces":{"north":{"uv":[4.875,9.75,5,10.125],"texture":"#0"},"east":{"uv":[2.5,9.75,4.5,10.125],"texture":"#0"},"south":{"uv":[2.5,9.75,2.625,10.125],"texture":"#0"},"west":{"uv":[4.5,9.75,2.5,10.125],"texture":"#0"},"up":{"uv":[4.5,9.75,2.5,9.875],"rotation":90,"texture":"#0"},"down":{"uv":[2.5,10,4.5,10.125],"rotation":90,"texture":"#0"}}},{"from":[13,6.34462,15.76746],"to":[14,13.34462,17.76746],"rotation":{"angle":-22.5,"axis":"x","origin":[13.5,7.25,16.75]},"faces":{"north":{"uv":[4.875,9.75,5,11.5],"texture":"#0"},"east":{"uv":[4.5,9.75,5,11.5],"texture":"#0"},"south":{"uv":[4.5,9.75,4.625,11.5],"texture":"#0"},"west":{"uv":[5,9.75,4.5,11.5],"texture":"#0"},"up":{"uv":[5,9.75,4.5,9.875],"rotation":90,"texture":"#0"},"down":{"uv":[4.5,11.375,5,11.5],"rotation":90,"texture":"#0"}}},{"from":[13.5,6.84462,17.76746],"to":[13.5,11.84462,25.76746],"rotation":{"angle":-22.5,"axis":"x","origin":[13.5,7.25,16.75]},"faces":{"east":{"uv":[2.5,10.125,4.5,11.375],"texture":"#0"},"west":{"uv":[4.5,10.125,2.5,11.375],"texture":"#0"}}},{"from":[13.5,6.84462,17.76746],"to":[13.5,11.84462,25.76746],"rotation":{"angle":-22.5,"axis":"x","origin":[13.5,7.25,16.75]},"faces":{"east":{"uv":[10.125,10,12.125,11.25],"texture":"#0","tintindex":1},"west":{"uv":[12.125,10,10.125,11.25],"texture":"#0","tintindex":1}}},{"from":[2,13.34462,23.26746],"to":[3,15.34462,25.76746],"rotation":{"angle":-22.5,"axis":"x","origin":[2.5,7.25,16.75]},"faces":{"north":{"uv":[3.125,9.25,3,9.75],"texture":"#0"},"east":{"uv":[3.125,9.75,2.5,9.25],"rotation":180,"texture":"#0"},"south":{"uv":[2.625,9.25,2.5,9.75],"texture":"#0"},"west":{"uv":[3.125,9.25,2.5,9.75],"texture":"#0"},"up":{"uv":[3.125,9.375,2.5,9.25],"rotation":90,"texture":"#0"},"down":{"uv":[2.75,10,2.5,10.625],"texture":"#0"}}},{"from":[2,11.84462,17.76746],"to":[3,13.34462,25.76746],"rotation":{"angle":-22.5,"axis":"x","origin":[2.5,7.25,16.75]},"faces":{"north":{"uv":[5,9.75,4.875,10.125],"texture":"#0"},"east":{"uv":[2.5,9.75,4.5,10.125],"texture":"#0"},"south":{"uv":[2.625,9.75,2.5,10.125],"texture":"#0"},"west":{"uv":[4.5,9.75,2.5,10.125],"texture":"#0"},"up":{"uv":[4.5,9.875,2.5,9.75],"rotation":90,"texture":"#0"},"down":{"uv":[2.5,10.125,4.5,10],"rotation":90,"texture":"#0"}}},{"from":[2,6.34462,15.76746],"to":[3,13.34462,17.76746],"rotation":{"angle":-22.5,"axis":"x","origin":[2.5,7.25,16.75]},"faces":{"north":{"uv":[5,9.75,4.875,11.5],"texture":"#0"},"east":{"uv":[4.5,9.75,5,11.5],"texture":"#0"},"south":{"uv":[4.625,9.75,4.5,11.5],"texture":"#0"},"west":{"uv":[5,9.75,4.5,11.5],"texture":"#0"},"up":{"uv":[5,9.875,4.5,9.75],"rotation":90,"texture":"#0"},"down":{"uv":[4.5,11.5,5,11.375],"rotation":90,"texture":"#0"}}},{"from":[2.5,6.84462,17.76746],"to":[2.5,11.84462,25.76746],"rotation":{"angle":-22.5,"axis":"x","origin":[2.5,7.25,16.75]},"faces":{"east":{"uv":[2.5,10.125,4.5,11.375],"texture":"#0"},"west":{"uv":[4.5,10.125,2.5,11.375],"texture":"#0"}}},{"from":[2.5,6.84462,17.76746],"to":[2.5,11.84462,25.76746],"rotation":{"angle":-22.5,"axis":"x","origin":[2.5,7.25,16.75]},"faces":{"east":{"uv":[10.125,10,12.125,11.25],"texture":"#0","tintindex":1},"west":{"uv":[12.125,10,10.125,11.25],"texture":"#0","tintindex":1}}},{"from":[7,2,-0.5],"to":[23,3,0.5],"rotation":{"angle":-22.5,"axis":"z","origin":[16,1,-4.5]},"faces":{"north":{"uv":[14.875,2.5,15.125,6.5],"rotation":90,"texture":"#0"},"east":{"uv":[14.875,6.5,15.125,6.25],"rotation":90,"texture":"#0"},"south":{"uv":[15.125,6.5,14.875,2.5],"rotation":90,"texture":"#0"},"west":{"uv":[14.875,2.625,15.125,2.5],"rotation":90,"texture":"#0"},"up":{"uv":[14.875,6.5,15.125,2.5],"rotation":90,"texture":"#0"},"down":{"uv":[14.875,6.5,15.125,2.5],"rotation":90,"texture":"#0"}}},{"from":[7,2,-0.5],"to":[23,3,0.5],"rotation":{"angle":-22.5,"axis":"z","origin":[16,1,-4.5]},"faces":{"north":{"uv":[15.125,2.5,15.375,6.5],"rotation":90,"texture":"#0","tintindex":1},"south":{"uv":[15.375,6.5,15.125,2.5],"rotation":90,"texture":"#0","tintindex":1},"up":{"uv":[15.125,6.5,15.375,2.5],"rotation":90,"texture":"#0","tintindex":1},"down":{"uv":[15.125,6.5,15.375,2.5],"rotation":90,"texture":"#0","tintindex":1}}},{"from":[19,2,-2],"to":[24.5,2.5,2],"rotation":{"angle":-22.5,"axis":"z","origin":[16,1,-4.5]},"faces":{"north":{"uv":[14.75,5.625,14.875,7],"rotation":90,"texture":"#0"},"east":{"uv":[14.875,6.875,13.875,7],"texture":"#0"},"south":{"uv":[13.875,7,14,5.625],"rotation":90,"texture":"#0"},"west":{"uv":[14.875,5.75,13.875,5.625],"texture":"#0"},"up":{"uv":[13.875,7,14.875,5.625],"rotation":90,"texture":"#0"},"down":{"uv":[13.875,7,14.875,5.625],"rotation":90,"texture":"#0"}}},{"from":[-7,2,-0.5],"to":[9,3,0.5],"rotation":{"angle":22.5,"axis":"z","origin":[0,1,-4.5]},"faces":{"north":{"uv":[14.875,6.5,15.125,2.5],"rotation":90,"texture":"#0"},"east":{"uv":[14.875,2.5,15.125,2.625],"rotation":90,"texture":"#0"},"south":{"uv":[15.125,2.5,14.875,6.5],"rotation":90,"texture":"#0"},"west":{"uv":[14.875,6.25,15.125,6.5],"rotation":90,"texture":"#0"},"up":{"uv":[14.875,2.5,15.125,6.5],"rotation":90,"texture":"#0"},"down":{"uv":[14.875,2.5,15.125,6.5],"rotation":90,"texture":"#0"}}},{"from":[-7,2,-0.5],"to":[9,3,0.5],"rotation":{"angle":22.5,"axis":"z","origin":[0,1,-4.5]},"faces":{"north":{"uv":[15.125,6.5,15.375,2.5],"rotation":90,"texture":"#0","tintindex":1},"south":{"uv":[15.375,2.5,15.125,6.5],"rotation":90,"texture":"#0","tintindex":1},"up":{"uv":[15.125,2.5,15.375,6.5],"rotation":90,"texture":"#0","tintindex":1},"down":{"uv":[15.125,2.5,15.375,6.5],"rotation":90,"texture":"#0","tintindex":1}}},{"from":[-8.5,2,-2],"to":[-3,2.5,2],"rotation":{"angle":22.5,"axis":"z","origin":[0,1,-4.5]},"faces":{"north":{"uv":[14.75,7,14.875,5.625],"rotation":90,"texture":"#0"},"east":{"uv":[13.875,5.75,14.875,5.625],"texture":"#0"},"south":{"uv":[13.875,5.625,14,7],"rotation":90,"texture":"#0"},"west":{"uv":[13.875,6.875,14.875,7],"texture":"#0"},"up":{"uv":[13.875,5.625,14.875,7],"rotation":90,"texture":"#0"},"down":{"uv":[13.875,5.625,14.875,7],"rotation":90,"texture":"#0"}}},{"from":[7,2,7.5],"to":[23,3,8.5],"rotation":{"angle":-22.5,"axis":"z","origin":[16,1,3.5]},"faces":{"north":{"uv":[14.875,2.5,15.125,6.5],"rotation":90,"texture":"#0"},"east":{"uv":[14.875,6.5,15.125,6.25],"rotation":90,"texture":"#0"},"south":{"uv":[15.125,6.5,14.875,2.5],"rotation":90,"texture":"#0"},"west":{"uv":[14.875,2.625,15.125,2.5],"rotation":90,"texture":"#0"},"up":{"uv":[14.875,6.5,15.125,2.5],"rotation":90,"texture":"#0"},"down":{"uv":[14.875,6.5,15.125,2.5],"rotation":90,"texture":"#0"}}},{"from":[7,2,7.5],"to":[23,3,8.5],"rotation":{"angle":-22.5,"axis":"z","origin":[16,1,3.5]},"faces":{"north":{"uv":[15.125,2.5,15.375,6.5],"rotation":90,"texture":"#0","tintindex":1},"south":{"uv":[15.375,6.5,15.125,2.5],"rotation":90,"texture":"#0","tintindex":1},"up":{"uv":[15.125,6.5,15.375,2.5],"rotation":90,"texture":"#0","tintindex":1},"down":{"uv":[15.125,6.5,15.375,2.5],"rotation":90,"texture":"#0","tintindex":1}}},{"from":[19,2,6],"to":[24.5,2.5,10],"rotation":{"angle":-22.5,"axis":"z","origin":[16,1,3.5]},"faces":{"north":{"uv":[14.75,5.625,14.875,7],"rotation":90,"texture":"#0"},"east":{"uv":[14.875,6.875,13.875,7],"texture":"#0"},"south":{"uv":[13.875,7,14,5.625],"rotation":90,"texture":"#0"},"west":{"uv":[14.875,5.75,13.875,5.625],"texture":"#0"},"up":{"uv":[13.875,7,14.875,5.625],"rotation":90,"texture":"#0"},"down":{"uv":[13.875,7,14.875,5.625],"rotation":90,"texture":"#0"}}},{"from":[-7,2,7.5],"to":[9,3,8.5],"rotation":{"angle":22.5,"axis":"z","origin":[0,1,3.5]},"faces":{"north":{"uv":[14.875,6.5,15.125,2.5],"rotation":90,"texture":"#0"},"east":{"uv":[14.875,2.5,15.125,2.625],"rotation":90,"texture":"#0"},"south":{"uv":[15.125,2.5,14.875,6.5],"rotation":90,"texture":"#0"},"west":{"uv":[14.875,6.25,15.125,6.5],"rotation":90,"texture":"#0"},"up":{"uv":[14.875,2.5,15.125,6.5],"rotation":90,"texture":"#0"},"down":{"uv":[14.875,2.5,15.125,6.5],"rotation":90,"texture":"#0"}}},{"from":[-7,2,7.5],"to":[9,3,8.5],"rotation":{"angle":22.5,"axis":"z","origin":[0,1,3.5]},"faces":{"north":{"uv":[15.125,6.5,15.375,2.5],"rotation":90,"texture":"#0","tintindex":1},"south":{"uv":[15.375,2.5,15.125,6.5],"rotation":90,"texture":"#0","tintindex":1},"up":{"uv":[15.125,2.5,15.375,6.5],"rotation":90,"texture":"#0","tintindex":1},"down":{"uv":[15.125,2.5,15.375,6.5],"rotation":90,"texture":"#0","tintindex":1}}},{"from":[-8.5,2,6],"to":[-3,2.5,10],"rotation":{"angle":22.5,"axis":"z","origin":[0,1,3.5]},"faces":{"north":{"uv":[14.75,7,14.875,5.625],"rotation":90,"texture":"#0"},"east":{"uv":[13.875,5.75,14.875,5.625],"texture":"#0"},"south":{"uv":[13.875,5.625,14,7],"rotation":90,"texture":"#0"},"west":{"uv":[13.875,6.875,14.875,7],"texture":"#0"},"up":{"uv":[13.875,5.625,14.875,7],"rotation":90,"texture":"#0"},"down":{"uv":[13.875,5.625,14.875,7],"rotation":90,"texture":"#0"}}},{"from":[7,2,15.5],"to":[23,3,16.5],"rotation":{"angle":-22.5,"axis":"z","origin":[16,1,11.5]},"faces":{"north":{"uv":[14.875,2.5,15.125,6.5],"rotation":90,"texture":"#0"},"east":{"uv":[14.875,6.5,15.125,6.25],"rotation":90,"texture":"#0"},"south":{"uv":[15.125,6.5,14.875,2.5],"rotation":90,"texture":"#0"},"west":{"uv":[14.875,2.625,15.125,2.5],"rotation":90,"texture":"#0"},"up":{"uv":[14.875,6.5,15.125,2.5],"rotation":90,"texture":"#0"},"down":{"uv":[14.875,6.5,15.125,2.5],"rotation":90,"texture":"#0"}}},{"from":[7,2,15.5],"to":[23,3,16.5],"rotation":{"angle":-22.5,"axis":"z","origin":[16,1,11.5]},"faces":{"north":{"uv":[15.125,2.5,15.375,6.5],"rotation":90,"texture":"#0","tintindex":1},"south":{"uv":[15.375,6.5,15.125,2.5],"rotation":90,"texture":"#0","tintindex":1},"up":{"uv":[15.125,6.5,15.375,2.5],"rotation":90,"texture":"#0","tintindex":1},"down":{"uv":[15.125,6.5,15.375,2.5],"rotation":90,"texture":"#0","tintindex":1}}},{"from":[19,2,14],"to":[24.5,2.5,18],"rotation":{"angle":-22.5,"axis":"z","origin":[16,1,11.5]},"faces":{"north":{"uv":[14.75,5.625,14.875,7],"rotation":90,"texture":"#0"},"east":{"uv":[14.875,6.875,13.875,7],"texture":"#0"},"south":{"uv":[13.875,7,14,5.625],"rotation":90,"texture":"#0"},"west":{"uv":[14.875,5.75,13.875,5.625],"texture":"#0"},"up":{"uv":[13.875,7,14.875,5.625],"rotation":90,"texture":"#0"},"down":{"uv":[13.875,7,14.875,5.625],"rotation":90,"texture":"#0"}}},{"from":[-7,2,15.5],"to":[9,3,16.5],"rotation":{"angle":22.5,"axis":"z","origin":[0,1,11.5]},"faces":{"north":{"uv":[14.875,6.5,15.125,2.5],"rotation":90,"texture":"#0"},"east":{"uv":[14.875,2.5,15.125,2.625],"rotation":90,"texture":"#0"},"south":{"uv":[15.125,2.5,14.875,6.5],"rotation":90,"texture":"#0"},"west":{"uv":[14.875,6.25,15.125,6.5],"rotation":90,"texture":"#0"},"up":{"uv":[14.875,2.5,15.125,6.5],"rotation":90,"texture":"#0"},"down":{"uv":[14.875,2.5,15.125,6.5],"rotation":90,"texture":"#0"}}},{"from":[-7,2,15.5],"to":[9,3,16.5],"rotation":{"angle":22.5,"axis":"z","origin":[0,1,11.5]},"faces":{"north":{"uv":[15.125,6.5,15.375,2.5],"rotation":90,"texture":"#0","tintindex":1},"south":{"uv":[15.375,2.5,15.125,6.5],"rotation":90,"texture":"#0","tintindex":1},"up":{"uv":[15.125,2.5,15.375,6.5],"rotation":90,"texture":"#0","tintindex":1},"down":{"uv":[15.125,2.5,15.375,6.5],"rotation":90,"texture":"#0","tintindex":1}}},{"from":[-8.5,2,14],"to":[-3,2.5,18],"rotation":{"angle":22.5,"axis":"z","origin":[0,1,11.5]},"faces":{"north":{"uv":[14.75,7,14.875,5.625],"rotation":90,"texture":"#0"},"east":{"uv":[13.875,5.75,14.875,5.625],"texture":"#0"},"south":{"uv":[13.875,5.625,14,7],"rotation":90,"texture":"#0"},"west":{"uv":[13.875,6.875,14.875,7],"texture":"#0"},"up":{"uv":[13.875,5.625,14.875,7],"rotation":90,"texture":"#0"},"down":{"uv":[13.875,5.625,14.875,7],"rotation":90,"texture":"#0"}}}],"display":{"thirdperson_righthand":{"rotation":[57,52,0],"translation":[0.25,3.5,1.5],"scale":[0.28,0.28,0.28]},"thirdperson_lefthand":{"rotation":[57,52,0],"translation":[0.25,3.5,1.5],"scale":[0.28,0.28,0.28]},"firstperson_righthand":{"rotation":[0,110,0],"translation":[16.75,2,-20.25]},"firstperson_lefthand":{"rotation":[0,110,0],"translation":[16.75,2,-20.25]},"ground":{"translation":[0,7.25,0],"scale":[0.39,0.39,0.39]},"gui":{"rotation":[30,135,0],"translation":[0,0.5,0],"scale":[0.4,0.4,0.4]},"fixed":{"rotation":[90,0,0],"translation":[0,0,4],"scale":[4,4,4]}},"groups":[0,1,2,3,4,5,6,7,8,9,10,11,12,13,14,15,{"name":"wing_right","origin":[2.5,6,18.5],"color":0,"children":[16,17,18,19,20]},{"name":"wing_left","origin":[2.5,6,18.5],"color":0,"children":[21,22,23,24,25]},{"name":"oars","origin":[8,0,8],"color":0,"children":[{"name":"oar_right_1","origin":[16,1,-2.5],"color":0,"children":[26,27,28]},{"name":"oar_left_1","origin":[16,1,-2.5],"color":0,"children":[29,30,31]},{"name":"oar_right_2","origin":[16,1,-2.5],"color":0,"children":[32,33,34]},{"name":"oar_left_2","origin":[16,1,-2.5],"color":0,"children":[35,36,37]},{"name":"oar_right_3","origin":[16,1,-2.5],"color":0,"children":[38,39,40]},{"name":"oar_left_3","origin":[16,1,-2.5],"color":0,"children":[41,42,43]}]}]}