{"credit":"Made with Blockbench","texture_size":[64,64],"textures":{"0":"custom/aether/decoration/archeology/skyroot_crate","particle":"custom/aether/decoration/archeology/skyroot_crate"},"elements":[{"from":[1,0,-15],"to":[15,13,15],"rotation":{"angle":0,"axis":"y","origin":[0,0,-16]},"faces":{"north":{"uv":[4.25,8.75,7.75,12],"texture":"#0"},"east":{"uv":[8.25,8.75,15.75,12],"texture":"#0"},"south":{"uv":[4.25,8.75,7.75,12],"texture":"#0"},"west":{"uv":[8.25,8.75,15.75,12],"texture":"#0"},"up":{"uv":[0,0,3.5,7.5],"texture":"#0"},"down":{"uv":[8.25,4.25,15.75,7.75],"rotation":90,"texture":"#0"}}},{"from":[0,13,-16],"to":[16,16,16],"rotation":{"angle":0,"axis":"y","origin":[0,13,-16]},"faces":{"north":{"uv":[4,8,8,8.75],"texture":"#0"},"east":{"uv":[8,8,16,8.75],"texture":"#0"},"south":{"uv":[4,8,8,8.75],"texture":"#0"},"west":{"uv":[8,8,16,8.75],"texture":"#0"},"up":{"uv":[8,0,16,4],"rotation":90,"texture":"#0"},"down":{"uv":[8,4,16,8],"rotation":90,"texture":"#0"}}}],"display":{"thirdperson_righthand":{"rotation":[57,115,0],"translation":[1.5,1.75,0],"scale":[0.23,0.23,0.23]},"thirdperson_lefthand":{"rotation":[57,115,0],"translation":[1.5,1.75,0],"scale":[0.23,0.23,0.23]},"firstperson_righthand":{"rotation":[180,-47,180],"translation":[10,-7.5,-31.25]},"firstperson_lefthand":{"rotation":[180,-47,180],"translation":[10,-7.5,-31.25]},"ground":{"translation":[0,3.75,1.75],"scale":[0.32,0.32,0.32]},"gui":{"rotation":[30,135,0],"translation":[2.5,1,0],"scale":[0.46,0.46,0.46]},"fixed":{"rotation":[-90,-180,-180],"translation":[0,-32,-16],"scale":[2,2,2]}}}