{"credit":"Made with Blockbench","texture_size":[64,64],"textures":{"0":"custom/aether/decoration/archeology/skyroot_crate","particle":"custom/aether/decoration/archeology/skyroot_crate"},"elements":[{"from":[1,0,1],"to":[15,11,15],"rotation":{"angle":0,"axis":"y","origin":[1,0,1]},"faces":{"north":{"uv":[0.25,5.25,3.75,8],"texture":"#0"},"east":{"uv":[3.75,5.25,0.25,8],"texture":"#0"},"south":{"uv":[0.25,5.25,3.75,8],"texture":"#0"},"west":{"uv":[3.75,5.25,0.25,8],"texture":"#0"},"down":{"uv":[4.25,0.25,7.75,3.75],"texture":"#0"}}},{"from":[0,11,0],"to":[16,16,16],"rotation":{"angle":0,"axis":"y","origin":[0,11,0]},"faces":{"north":{"uv":[0,4,4,5.25],"texture":"#0"},"east":{"uv":[0,4,4,5.25],"texture":"#0"},"south":{"uv":[0,4,4,5.25],"texture":"#0"},"west":{"uv":[0,4,4,5.25],"texture":"#0"},"up":{"uv":[0,0,4,4],"rotation":180,"texture":"#0"},"down":{"uv":[4,0,8,4],"texture":"#0"}}}],"display":{"thirdperson_righthand":{"rotation":[53,41,0],"translation":[0,1.25,0],"scale":[0.3,0.3,0.3]},"thirdperson_lefthand":{"rotation":[53,41,0],"translation":[0,1.25,0],"scale":[0.3,0.3,0.3]},"firstperson_righthand":{"rotation":[0,32,0],"translation":[18,-3.75,-19]},"firstperson_lefthand":{"rotation":[0,32,0],"translation":[18,-3.75,-19]},"ground":{"translation":[0,6.25,0],"scale":[0.39,0.39,0.39]},"gui":{"rotation":[30,135,0],"scale":[0.6,0.6,0.6]},"fixed":{"rotation":[90,0,0],"translation":[0,0,-16],"scale":[2,2,2]}}}