{"credit":"Made with Blockbench","texture_size":[64,64],"textures":{"0":"custom/generated/bolt/bolt","1":"custom/generated/bolt/bolt_shock","particle":"custom/generated/bolt/bolt"},"elements":[{"from":[6.5,6.5,6.5],"to":[9.5,9.5,9.5],"rotation":{"angle":0,"axis":"y","origin":[7.5,6.5,7.5]},"faces":{"north":{"uv":[15,0.25,15.75,1],"rotation":90,"texture":"#0"},"east":{"uv":[15,0.25,15.75,1],"texture":"#0"},"south":{"uv":[15,0.25,15.75,1],"rotation":90,"texture":"#0"},"west":{"uv":[15,0.25,15.75,1],"texture":"#0"},"up":{"uv":[15,0.25,15.75,1],"texture":"#0"},"down":{"uv":[15,0.25,15.75,1],"texture":"#0"}}},{"name":"cube inverted","from":[10,10,10],"to":[6,6,6],"rotation":{"angle":0,"axis":"y","origin":[7,6,7]},"faces":{"north":{"uv":[14.75,0,13.75,1],"rotation":90,"texture":"#0"},"east":{"uv":[13.75,1,14.75,0],"texture":"#0"},"south":{"uv":[14.75,0,13.75,1],"rotation":90,"texture":"#0"},"west":{"uv":[13.75,1,14.75,0],"texture":"#0"},"up":{"uv":[14.75,0,13.75,1],"texture":"#0"},"down":{"uv":[14.75,0,13.75,1],"texture":"#0"}}},{"from":[-8.89564,4,14.94919],"to":[7.10436,9,14.94919],"rotation":{"angle":45,"axis":"y","origin":[0.10436,7,12.92419]},"faces":{"north":{"uv":[6,16,11,0],"rotation":90,"texture":"#1"},"south":{"uv":[6,0,11,16],"rotation":90,"texture":"#1"}}},{"from":[7.5,6.5,9.5],"to":[7.5,11.5,27.5],"rotation":{"angle":0,"axis":"y","origin":[4.5,12.5,-2.5]},"faces":{"east":{"uv":[11,0,16,16],"rotation":90,"texture":"#1"},"west":{"uv":[11,16,16,0],"rotation":90,"texture":"#1"}}},{"from":[5,9,9.5],"to":[10,9,27.5],"rotation":{"angle":0,"axis":"z","origin":[7.5,9,18.5]},"faces":{"up":{"uv":[11,0,16,16],"texture":"#1"},"down":{"uv":[11,16,16,0],"texture":"#1"}}},{"from":[8.69909,4.25,14.736],"to":[24.69909,9.25,14.736],"rotation":{"angle":-45,"axis":"y","origin":[15.59909,8,12.986]},"faces":{"north":{"uv":[0,0,5,16],"rotation":90,"texture":"#1"},"south":{"uv":[0,16,5,0],"rotation":90,"texture":"#1"}}}],"display":{"thirdperson_righthand":{"scale":[1.6,1.6,1.6]},"head":{"translation":[0,-6,0],"scale":[2.2857,2.2857,2.2857]}},"groups":[{"name":"charge","origin":[8,5,7.5],"color":0,"children":[0,1]},2,3,4,5]}