{"credit":"Made with Blockbench","textures":{"0":"custom/aether/entity/projectile/darts","particle":"custom/aether/entity/projectile/darts"},"elements":[{"from":[8,0,4],"to":[8,3,12],"rotation":{"angle":0,"axis":"y","origin":[6,0,4]},"faces":{"east":{"uv":[0,8,3,0],"rotation":270,"texture":"#0"},"west":{"uv":[0,0,3,8],"rotation":270,"texture":"#0"}}},{"from":[6.5,1.5,4],"to":[9.5,1.5,12],"rotation":{"angle":0,"axis":"z","origin":[8,1.5,8]},"faces":{"up":{"uv":[3,8,0,0],"rotation":180,"texture":"#0"},"down":{"uv":[3,0,0,8],"rotation":180,"texture":"#0"}}}]}