{"credit":"Made with Blockbench","texture_size":[64,64],"textures":{"0":"custom/aether/cosmetic/artifact/envoys_guise","particle":"custom/aether/cosmetic/artifact/envoys_guise"},"elements":[{"from":[3,0,3],"to":[13,12,13],"rotation":{"angle":0,"axis":"y","origin":[3,0,3]},"faces":{"north":{"uv":[0,1,2.5,4],"texture":"#0"},"east":{"uv":[5.5,1,3,4],"texture":"#0"},"south":{"uv":[6.25,1,8.75,4],"texture":"#0"},"west":{"uv":[3,1,5.5,4],"texture":"#0"},"up":{"uv":[3.25,4,0.75,6.5],"rotation":90,"texture":"#0"},"down":{"uv":[0,0,2.5,2.5],"texture":"#0"}}},{"from":[7,3,3],"to":[9,7,5],"rotation":{"angle":22.5,"axis":"x","origin":[8,7,3]},"faces":{"north":{"uv":[3.75,0,4.25,1],"texture":"#0"},"east":{"uv":[4.75,0,4.25,1],"texture":"#0"},"south":{"uv":[3.75,0,4.25,1],"texture":"#0"},"west":{"uv":[4.25,0,4.75,1],"texture":"#0"},"up":{"uv":[3.75,0,4.25,0.25],"texture":"#0"},"down":{"uv":[4.75,0.75,4.25,1],"rotation":90,"texture":"#0"}}},{"from":[3,3,13],"to":[13,7,16],"rotation":{"angle":0,"axis":"y","origin":[3,3,13]},"faces":{"north":{"uv":[0,0,2.5,1],"texture":"#0"},"east":{"uv":[6.25,2.25,5.5,3.25],"texture":"#0"},"south":{"uv":[6.25,2.25,8.75,3.25],"texture":"#0"},"west":{"uv":[5.5,2.25,6.25,3.25],"texture":"#0"},"up":{"uv":[0.75,4,0,6.5],"rotation":90,"texture":"#0"},"down":{"uv":[7.5,6.5,6.75,4],"rotation":90,"texture":"#0"}}},{"from":[3,9,1],"to":[13,15,6],"rotation":{"angle":0,"axis":"y","origin":[3,11,1]},"faces":{"north":{"uv":[0,0.25,2.5,1.75],"texture":"#0"},"east":{"uv":[3.75,0.25,2.5,1.75],"texture":"#0"},"south":{"uv":[6.25,0.25,8.75,1.75],"texture":"#0"},"west":{"uv":[2.5,0.25,3.75,1.75],"texture":"#0"},"up":{"uv":[2.5,4,3.75,6.5],"rotation":90,"texture":"#0"},"down":{"uv":[5,4,3.75,6.5],"rotation":90,"texture":"#0"}}},{"from":[6,15,1],"to":[10,16,6],"rotation":{"angle":0,"axis":"y","origin":[3,12,1]},"faces":{"north":{"uv":[0.75,0,1.75,0.25],"texture":"#0"},"east":{"uv":[2.5,0,3.75,0.25],"texture":"#0"},"south":{"uv":[7,0,8,0.25],"texture":"#0"},"west":{"uv":[2.5,0,3.75,0.25],"texture":"#0"},"up":{"uv":[2.5,4.75,3.75,5.75],"rotation":90,"texture":"#0"}}},{"from":[2,-3,3],"to":[14,0,13],"rotation":{"angle":0,"axis":"y","origin":[2,-2,2]},"faces":{"north":{"uv":[0,9,3,9.75],"texture":"#0","tintindex":0},"east":{"uv":[5.5,9.75,3,10.5],"texture":"#0","tintindex":0},"south":{"uv":[0,9.75,3,10.5],"texture":"#0","tintindex":0},"west":{"uv":[3,9,5.5,9.75],"texture":"#0","tintindex":0},"up":{"uv":[3,9,0,6.5],"texture":"#0","tintindex":0},"down":{"uv":[6,6.5,3,9],"texture":"#0","tintindex":0}}},{"from":[2,-3,3],"to":[14,0,13],"rotation":{"angle":0,"axis":"y","origin":[2,-2,2]},"faces":{"north":{"uv":[6,9,9,9.75],"texture":"#0"},"east":{"uv":[11.5,9.75,9,10.5],"texture":"#0"},"south":{"uv":[6,9.75,9,10.5],"texture":"#0"},"west":{"uv":[9,9,11.5,9.75],"texture":"#0"},"up":{"uv":[9,9,6,6.5],"texture":"#0"},"down":{"uv":[12,6.5,9,9],"texture":"#0"}}},{"from":[2.5,-11,2.75],"to":[5.5,-3,2.75],"rotation":{"angle":0,"axis":"y","origin":[2.5,-5,1.75]},"faces":{"north":{"uv":[0,10.5,0.75,12.5],"texture":"#0"},"south":{"uv":[0,10.5,0.75,12.5],"texture":"#0"}}},{"from":[2.5,-11,2.75],"to":[5.5,-3,2.75],"rotation":{"angle":0,"axis":"y","origin":[2.5,-5,1.75]},"faces":{"north":{"uv":[0.75,11.5,1.5,13.5],"texture":"#0"},"south":{"uv":[0.75,11.5,1.5,13.5],"texture":"#0"}}},{"from":[2,-3.5,2],"to":[6,0.5,3],"rotation":{"angle":45,"axis":"z","origin":[4,-1.5,2.5]},"faces":{"north":{"uv":[0.75,10.5,1.75,11.5],"rotation":270,"texture":"#0"},"east":{"uv":[0.75,10.5,1.75,10.75],"rotation":270,"texture":"#0"},"south":{"uv":[0.75,10.5,1.75,11.5],"rotation":270,"texture":"#0"},"west":{"uv":[0.75,11.25,1.75,11.5],"rotation":270,"texture":"#0"},"up":{"uv":[1.5,10.5,1.75,11.5],"rotation":270,"texture":"#0"},"down":{"uv":[0.75,11.5,1,10.5],"rotation":270,"texture":"#0"}}},{"from":[2,-3.5,2],"to":[6,0.5,3],"rotation":{"angle":45,"axis":"z","origin":[4,-1.5,2.5]},"faces":{"north":{"uv":[1.75,10.5,2.75,11.5],"rotation":270,"texture":"#0","tintindex":0}}}],"display":{"gui":{"rotation":[30,135,0],"translation":[-0.25,3,0],"scale":[0.55,0.55,0.55]},"head":{"translation":[0,8,0],"scale":[1.45,1.45,1.45]}},"groups":[{"name":"group","origin":[3,27,1],"color":0,"children":[0,1,2,3,4]},5,6,7,8,9,10]}