{"credit":"Made with Blockbench","texture_size":[32,32],"textures":{"0":"custom/aether/cosmetic/artifact/golden_wreath_crown","particle":"custom/aether/cosmetic/artifact/golden_wreath_crown"},"elements":[{"from":[3,1,3],"to":[13,6,3],"rotation":{"angle":0,"axis":"y","origin":[3,1,3]},"faces":{"north":{"uv":[0,0,5,2.5],"texture":"#0"},"south":{"uv":[0,0,5,2.5],"texture":"#0"}}},{"from":[2,-1,13],"to":[14,6,13],"rotation":{"angle":0,"axis":"y","origin":[3,1,13]},"faces":{"north":{"uv":[10,0,16,3.5],"texture":"#0"},"south":{"uv":[10,0,16,3.5],"texture":"#0"}}},{"from":[3,0,3],"to":[13,6,13],"rotation":{"angle":0,"axis":"y","origin":[3,0,3]},"faces":{"east":{"uv":[10,0,5,3],"texture":"#0"},"west":{"uv":[5,0,10,3],"texture":"#0"}}},{"name":"cube inverted","from":[14,6,13],"to":[2,-1,13],"rotation":{"angle":0,"axis":"y","origin":[3,1,13]},"faces":{"north":{"uv":[10,3.5,16,0],"texture":"#0"},"south":{"uv":[10,3.5,16,0],"texture":"#0"}}},{"name":"cube inverted","from":[13,6,13],"to":[3,0,3],"rotation":{"angle":0,"axis":"y","origin":[3,0,3]},"faces":{"east":{"uv":[5,3,10,0],"texture":"#0"},"west":{"uv":[10,3,5,0],"texture":"#0"}}},{"name":"cube inverted","from":[13,6,3],"to":[3,1,3],"rotation":{"angle":0,"axis":"y","origin":[3,1,3]},"faces":{"north":{"uv":[0,2.5,5,5],"texture":"#0"},"south":{"uv":[0,2.5,5,5],"texture":"#0"}}}],"display":{"gui":{"rotation":[30,135,0],"translation":[-0.25,5,0]},"head":{"rotation":[4,0,0],"translation":[0,12,0.5],"scale":[1.6,1.6,1.6]}}}