{"credit":"Made with Blockbench","texture_size":[32,32],"textures":{"0":"custom/aether/cosmetic/artifact/glorified_gauntlets","particle":"custom/aether/cosmetic/artifact/glorified_gauntlets"},"elements":[{"from":[5,0,5],"to":[10,6,11],"rotation":{"angle":0,"axis":"y","origin":[5,0,5]},"faces":{"north":{"uv":[5.5,6,3,9],"texture":"#0","tintindex":1},"east":{"uv":[2.5,9,5.5,12],"texture":"#0","tintindex":1},"south":{"uv":[3,6,5.5,9],"texture":"#0","tintindex":1},"west":{"uv":[0,6,3,9],"texture":"#0","tintindex":1},"up":{"uv":[0,12,2.5,15],"texture":"#0","tintindex":1},"down":{"uv":[0,9,2.5,12],"texture":"#0","cullface":"down","tintindex":1}}},{"from":[5,0,5],"to":[10,6,11],"rotation":{"angle":0,"axis":"y","origin":[5,0,5]},"faces":{"north":{"uv":[11,6,8.5,9],"texture":"#0"},"east":{"uv":[8,9,11,12],"texture":"#0"},"south":{"uv":[8.5,6,11,9],"texture":"#0"},"west":{"uv":[5.5,6,8.5,9],"texture":"#0"},"up":{"uv":[6,3,8.5,6],"texture":"#0"},"down":{"uv":[0,9,2.5,12],"texture":"#0","cullface":"down"}}},{"from":[4,6,5],"to":[10,12,11],"rotation":{"angle":0,"axis":"y","origin":[5,6,5]},"faces":{"north":{"uv":[3,0,0,3],"texture":"#0"},"east":{"uv":[3,0,6,3],"texture":"#0"},"south":{"uv":[0,0,3,3],"texture":"#0"},"west":{"uv":[0,3,3,6],"texture":"#0"},"down":{"uv":[3,3,6,6],"texture":"#0"}}},{"name":"cube inverted","from":[10,12,11],"to":[4,6,5],"rotation":{"angle":0,"axis":"y","origin":[5,6,5]},"faces":{"north":{"uv":[0,3,3,0],"texture":"#0"},"east":{"uv":[0,6,3,3],"texture":"#0"},"south":{"uv":[3,3,0,0],"texture":"#0"},"west":{"uv":[3,3,6,0],"texture":"#0"},"up":{"uv":[6,3,3,6],"texture":"#0"}}},{"from":[-2.45,6.3,6.6],"to":[4.75,11.7,8.4],"rotation":{"angle":45,"axis":"y","origin":[4.75,9,7.5]},"faces":{"north":{"uv":[10,0,6,3],"texture":"#0"},"south":{"uv":[6,0,10,3],"texture":"#0"},"up":{"uv":[6,0,10,0.5],"texture":"#0"},"down":{"uv":[6,2.5,10,3],"texture":"#0"}}},{"name":"cube inverted","from":[4.75,11.7,8.4],"to":[-2.45,6.3,6.6],"rotation":{"angle":45,"axis":"y","origin":[4.75,9,7.5]},"faces":{"north":{"uv":[6,3,10,0],"texture":"#0"},"south":{"uv":[10,3,6,0],"texture":"#0"},"up":{"uv":[10,2.5,6,3],"texture":"#0"},"down":{"uv":[10,0,6,0.5],"texture":"#0"}}}],"display":{"thirdperson_righthand":{"rotation":[90,0,0],"translation":[-0.5,-2,7]},"thirdperson_lefthand":{"rotation":[90,0,0],"translation":[-0.5,-2,7]},"firstperson_righthand":{"translation":[8.5,0,0],"scale":[0,0,0]},"firstperson_lefthand":{"translation":[8.5,0,0],"scale":[0,0,0]},"gui":{"rotation":[-30,150,36],"translation":[-1,2,0],"scale":[0.9,0.9,0.9]}}}