{"credit":"Made with Blockbench","texture_size":[64,64],"textures":{"0":"custom/aether/cosmetic/artifact/gravity_hammer","1":"custom/aether/decoration/archeology/gravity_effect","particle":"custom/aether/cosmetic/artifact/gravity_hammer"},"elements":[{"from":[5,4,-1.5],"to":[11,11,17.5],"rotation":{"angle":0,"axis":"x","origin":[8,-3.25,8]},"faces":{"north":{"uv":[4.75,1.5,6.25,3.25],"texture":"#0"},"east":{"uv":[0,1.5,4.75,3.25],"texture":"#0"},"south":{"uv":[4.75,1.5,6.25,3.25],"texture":"#0"},"west":{"uv":[0,1.5,4.75,3.25],"texture":"#0"},"up":{"uv":[0,0,4.75,1.5],"rotation":270,"texture":"#0"},"down":{"uv":[0,3.5,4.75,5],"rotation":90,"texture":"#0"}}},{"from":[5,4,5.5],"to":[11,11,10.5],"rotation":{"angle":0,"axis":"x","origin":[8,-3.25,8]},"faces":{"east":{"uv":[6.25,1.5,7.5,3.25],"texture":"#0","tintindex":0},"west":{"uv":[6.25,1.5,7.5,3.25],"texture":"#0","tintindex":0},"up":{"uv":[6.25,0,7.5,1.5],"rotation":270,"texture":"#0","tintindex":0},"down":{"uv":[6.25,3.5,7.5,5],"rotation":90,"texture":"#0","tintindex":0}}},{"from":[5,3,-1.5],"to":[11,4,2.5],"rotation":{"angle":0,"axis":"x","origin":[8,-3.25,8]},"faces":{"north":{"uv":[0,3.25,1,3.5],"texture":"#0"},"east":{"uv":[0,3.25,1,3.5],"texture":"#0"},"south":{"uv":[0.75,3.5,1,5],"rotation":90,"texture":"#0"},"west":{"uv":[0,3.25,1,3.5],"texture":"#0"},"down":{"uv":[1,3.5,0,5],"rotation":90,"texture":"#0"}}},{"from":[5,3,13.5],"to":[11,4,17.5],"rotation":{"angle":0,"axis":"x","origin":[8,-3.25,8]},"faces":{"north":{"uv":[0.75,5,1,3.5],"rotation":90,"texture":"#0"},"east":{"uv":[1,3.25,0,3.5],"texture":"#0"},"south":{"uv":[1,3.25,0,3.5],"texture":"#0"},"west":{"uv":[1,3.25,0,3.5],"texture":"#0"},"down":{"uv":[0,3.5,1,5],"rotation":90,"texture":"#0"}}},{"from":[6,-2,6],"to":[10,4,10],"rotation":{"angle":0,"axis":"x","origin":[8,-3.25,8]},"faces":{"north":{"uv":[0,5,1,6.5],"texture":"#0"},"east":{"uv":[0,5,1,6.5],"texture":"#0"},"south":{"uv":[0,5,1,6.5],"texture":"#0"},"west":{"uv":[0,5,1,6.5],"texture":"#0"},"down":{"uv":[0,6.5,1,7.5],"rotation":90,"texture":"#0"}}},{"from":[6,-2,6],"to":[10,4,10],"rotation":{"angle":0,"axis":"x","origin":[8,-3.25,8]},"faces":{"north":{"uv":[2.5,5,3.5,6.5],"texture":"#0","tintindex":0},"east":{"uv":[2.5,5,3.5,6.5],"texture":"#0","tintindex":0},"south":{"uv":[2.5,5,3.5,6.5],"texture":"#0","tintindex":0},"west":{"uv":[2.5,5,3.5,6.5],"texture":"#0","tintindex":0},"down":{"uv":[0,6.5,1,7.5],"rotation":90,"texture":"#0"}}},{"from":[7,-12,7],"to":[9,-2,9],"rotation":{"angle":0,"axis":"x","origin":[8,-3.25,8]},"faces":{"north":{"uv":[1,5,1.5,7.5],"texture":"#0"},"east":{"uv":[1,5,1.5,7.5],"texture":"#0"},"south":{"uv":[1,5,1.5,7.5],"texture":"#0"},"west":{"uv":[1,5,1.5,7.5],"texture":"#0"}}},{"from":[7,-12,7],"to":[9,-2,9],"rotation":{"angle":0,"axis":"x","origin":[8,-3.25,8]},"faces":{"north":{"uv":[4,5,3.5,7.5],"texture":"#0","tintindex":0},"east":{"uv":[3.5,5,4,7.5],"texture":"#0","tintindex":0},"south":{"uv":[4,5,3.5,7.5],"texture":"#0","tintindex":0},"west":{"uv":[3.5,5,4,7.5],"texture":"#0","tintindex":0}}},{"from":[7,-16,6],"to":[9,-12,10],"rotation":{"angle":0,"axis":"x","origin":[8,-3.25,8]},"faces":{"north":{"uv":[1.5,5,1.75,6],"texture":"#0"},"east":{"uv":[1.5,5,2.5,6],"texture":"#0"},"south":{"uv":[1.5,5,1.75,6],"texture":"#0"},"west":{"uv":[1.5,5,2.5,6],"texture":"#0"},"up":{"uv":[1.5,5,2.5,5.25],"rotation":270,"texture":"#0"},"down":{"uv":[1.5,5.75,2.5,6],"rotation":90,"texture":"#0"}}},{"from":[-3,-4,8],"to":[19,18,8],"rotation":{"angle":0,"axis":"y","origin":[8,7,8]},"faces":{"north":{"uv":[0,0,11,11],"texture":"#1"},"south":{"uv":[11,0,0,11],"texture":"#1"}}}],"display":{"thirdperson_righthand":{"rotation":[7,17,-11],"translation":[2,11,2],"scale":[0.87,0.87,0.87]},"thirdperson_lefthand":{"rotation":[7,17,-11],"translation":[2,11,2],"scale":[0.87,0.87,0.87]},"firstperson_righthand":{"rotation":[0,170,0],"translation":[34.75,12.25,-15.75],"scale":[0,0,0]},"firstperson_lefthand":{"rotation":[0,170,0],"translation":[34.75,12.25,-15.75],"scale":[0,0,0]},"gui":{"rotation":[-32.75,-52,-58],"translation":[1.5,3.75,0],"scale":[0.57,0.57,0.57]}}}