{"providers":[{"type":"space","advances":{" ":4,"‌":0,"":-82,"":82,"":8,"":-12,"":-1,"":-2,"":-4,"":-8,"":-16,"":-32,"":-64,"":-128,"":1,"":2,"":4,"":8,"":16,"":32,"":64,"":128}},{"type":"bitmap","file":"custom_ui/event_pass/level_hud_digits.png","ascent":7,"height":9,"chars":["0123456789"]},{"type":"bitmap","file":"custom_ui/event_pass/hud_exp_bar.png","ascent":6,"height":8,"chars":[""]},{"type":"bitmap","file":"custom_ui/event_pass/notification_icon.png","ascent":7,"height":10,"chars":[""]}]}