{"providers":[{"type":"space","advances":{" ":4,"‌":0,"":-177,"":-8,"":-27,"":-8,"":-3,"":6,"":-6,"":-13,"":13,"":3,"":-3,"":-1,"":-2,"":-4,"":-8,"":-16,"":-32,"":-64,"":-128,"":1,"":2,"":4,"":8,"":16,"":32,"":64,"":128}},{"type":"bitmap","file":"custom_ui/event_pass/event_pass.png","ascent":49,"height":256,"chars":[""]},{"type":"bitmap","file":"custom_ui/event_pass/first_page.png","ascent":19,"height":256,"chars":[""]},{"type":"bitmap","file":"custom_ui/event_pass/last_page.png","ascent":19,"height":256,"chars":[""]},{"type":"bitmap","file":"custom_ui/event_pass/event_pass_reset.png","ascent":19,"height":256,"chars":[""]},{"type":"bitmap","file":"custom_ui/event_pass/event_pass_slot_select.png","ascent":-36,"height":26,"chars":[""]},{"type":"bitmap","file":"custom_ui/event_pass/event_pass_bar_cap_left.png","ascent":19,"height":256,"chars":[""]},{"type":"bitmap","file":"custom_ui/event_pass/event_pass_bar_cap_right.png","ascent":19,"height":256,"chars":[""]},{"type":"bitmap","file":"custom_ui/event_pass/event_pass_slot_icons.png","ascent":-40,"height":8,"chars":[""]},{"type":"bitmap","file":"custom_ui/event_pass/event_pass_bar_conn.png","ascent":-60,"height":7,"chars":[""]},{"type":"bitmap","file":"custom_ui/event_pass/event_pass_reset_disabled.png","ascent":19,"height":256,"chars":[""]},{"type":"bitmap","file":"custom_ui/event_pass/event_pass_bar_full.png","ascent":-67,"height":9,"chars":["","","","","","","","","","","","","","","","","","","","","","","","","","","","","","","","","","","","","","","","","","","","","","","","","","","","","","","","","","","","","","","","","","","","","","","","","","","","","","","","","","","","","","","","","","","","","","","","","","","","","","","","","","","","","","","","","","","","","","","","","","","","","","","","","","","","","","","","","","","","","","","","","","","","","","","","","",""]},{"type":"bitmap","file":"custom_ui/event_pass/event_pass_bar_full_ends.png","ascent":-68,"height":7,"chars":["","","","",""]},{"type":"bitmap","file":"custom_ui/event_pass/event_pass_digits.png","ascent":-68,"height":6,"chars":["",""]}]}