{"credit":"Made with Blockbench","texture_size":[128,128],"textures":{"0":"custom/aether/decoration/crate/floating_cloud","particle":"custom/aether/decoration/crate/floating_cloud"},"elements":[{"from":[-4,-5,-4],"to":[20,4,20],"rotation":{"angle":0,"axis":"y","origin":[4,0,4]},"faces":{"north":{"uv":[10,6,7.75,0],"rotation":90,"texture":"#0","tintindex":1},"east":{"uv":[10,6,7.75,12],"rotation":90,"texture":"#0","tintindex":1},"south":{"uv":[6,0,0,2.25],"texture":"#0","tintindex":1},"west":{"uv":[10,6,7.75,12],"rotation":90,"texture":"#0","tintindex":1},"up":{"uv":[10,0,16,6],"rotation":90,"texture":"#0","tintindex":1},"down":{"uv":[16,12,10,6],"texture":"#0","tintindex":1}}},{"from":[-2,3,-4],"to":[9,7,7],"rotation":{"angle":0,"axis":"y","origin":[4,0,4]},"faces":{"north":{"uv":[0,2.375,2.75,3.375],"texture":"#0","tintindex":1},"east":{"uv":[3,2.375,5.75,3.125],"texture":"#0","tintindex":1},"south":{"uv":[3,2.375,5.75,3.125],"texture":"#0","tintindex":1},"west":{"uv":[3,2.375,5.75,3.125],"texture":"#0","tintindex":1},"up":{"uv":[0,5.25,2.75,8],"texture":"#0","tintindex":1}}},{"from":[6.5,-8,9],"to":[17.5,-1.5,20],"rotation":{"angle":0,"axis":"y","origin":[4,0,12]},"faces":{"north":{"uv":[5.75,3.5,3,5.125],"texture":"#0","tintindex":1},"east":{"uv":[5.75,3.5,3,5.125],"texture":"#0","tintindex":1},"south":{"uv":[2.75,3.5,0,5.125],"texture":"#0","tintindex":1},"west":{"uv":[5.75,3.5,3,5.125],"texture":"#0","tintindex":1},"down":{"uv":[3,8,5.75,5.25],"texture":"#0","tintindex":1}}},{"from":[17.727,6.3393,11.7815],"to":[27.151,11.0513,30.6295],"rotation":{"angle":-45,"axis":"y","origin":[21.85,11.0513,21.5]},"faces":{"north":{"uv":[4.25,14.5,6.25,15.5],"texture":"#0","tintindex":1},"east":{"uv":[0,14.5,4,15.5],"texture":"#0","tintindex":1},"south":{"uv":[4.25,14.5,6.25,15.5],"texture":"#0","tintindex":1},"west":{"uv":[4,14.5,0,15.5],"texture":"#0","tintindex":1},"up":{"uv":[0,14.375,4,12.375],"rotation":90,"texture":"#0","tintindex":1},"down":{"uv":[6.625,10.875,2.625,8.875],"rotation":270,"texture":"#0","tintindex":1}}},{"from":[17.727,11.0513,15.9045],"to":[24.795,15.7633,27.6845],"rotation":{"angle":-45,"axis":"y","origin":[21.85,11.0513,21.5]},"faces":{"north":{"uv":[2.75,11.125,4.25,12.125],"texture":"#0","tintindex":1},"east":{"uv":[2.5,11.125,0,12.125],"texture":"#0","tintindex":1},"south":{"uv":[2.75,11.125,4.25,12.125],"texture":"#0","tintindex":1},"west":{"uv":[0,11.125,2.5,12.125],"texture":"#0","tintindex":1},"up":{"uv":[0,9.375,2.5,10.875],"rotation":90,"texture":"#0","tintindex":1}}},{"from":[-15.8685,-11.6607,-9.801],"to":[2.9795,-6.9487,-0.377],"rotation":{"angle":22.5,"axis":"y","origin":[-5.70825,-11.05697,-5.089]},"faces":{"north":{"uv":[0,14.5,4,15.5],"texture":"#0","tintindex":1},"east":{"uv":[4.25,14.5,6.25,15.5],"texture":"#0","tintindex":1},"south":{"uv":[4,14.5,0,15.5],"texture":"#0","tintindex":1},"west":{"uv":[4.25,14.5,6.25,15.5],"texture":"#0","tintindex":1},"up":{"uv":[8.375,12.375,12.375,14.375],"texture":"#0","tintindex":1},"down":{"uv":[8.25,14.375,4.25,12.375],"texture":"#0","tintindex":1}}},{"from":[-9.9785,-13.98726,-9.801],"to":[0.0345,-11.63124,-0.377],"rotation":{"angle":22.5,"axis":"y","origin":[-5.70825,-11.05697,-5.089]},"faces":{"north":{"uv":[0.625,15.5,2.75,16],"texture":"#0","tintindex":1},"east":{"uv":[3,15.5,5,16],"texture":"#0","tintindex":1},"south":{"uv":[2.75,15.5,0.625,16],"texture":"#0","tintindex":1},"west":{"uv":[3,15.5,5,16],"texture":"#0","tintindex":1},"down":{"uv":[4.875,12.375,7,14.375],"texture":"#0","tintindex":1}}}],"display":{"thirdperson_righthand":{"rotation":[64,36,0],"translation":[0,2,2],"scale":[0.22,0.22,0.22]},"thirdperson_lefthand":{"rotation":[64,108,0],"translation":[0,2,2],"scale":[0.22,0.22,0.22]},"firstperson_righthand":{"rotation":[0,-40,-8],"translation":[1,4.75,0],"scale":[0.24,0.24,0.24]},"firstperson_lefthand":{"rotation":[0,45,3],"translation":[1,4.75,0],"scale":[0.24,0.24,0.24]},"ground":{"translation":[0,6.25,0],"scale":[0.25,0.25,0.25]},"gui":{"rotation":[22,17,17],"translation":[-0.5,2,0],"scale":[0.29,0.29,0.29]},"fixed":{"rotation":[-90,0,0],"translation":[0,0,-52],"scale":[4,4,4]}}}