{"credit":"Made with Blockbench","texture_size":[128,128],"textures":{"0":"custom/aether/decoration/crate/floating_cloud","particle":"custom/aether/decoration/crate/floating_cloud"},"elements":[{"from":[-2.16025,-2.6607,3.288],"to":[16.68775,2.0513,12.712],"rotation":{"angle":0,"axis":"y","origin":[8,-11.05697,8]},"faces":{"north":{"uv":[0,14.5,4,15.5],"texture":"#0","tintindex":1},"east":{"uv":[4.25,14.5,6.25,15.5],"texture":"#0","tintindex":1},"south":{"uv":[4,14.5,0,15.5],"texture":"#0","tintindex":1},"west":{"uv":[4.25,14.5,6.25,15.5],"texture":"#0","tintindex":1},"up":{"uv":[8.375,12.375,12.375,14.375],"texture":"#0","tintindex":1},"down":{"uv":[8.25,14.375,4.25,12.375],"texture":"#0","tintindex":1}}},{"from":[3.72975,-4.98726,3.288],"to":[13.74275,-2.63124,12.712],"rotation":{"angle":0,"axis":"y","origin":[8,-11.05697,8]},"faces":{"north":{"uv":[0.625,15.5,2.75,16],"texture":"#0","tintindex":1},"east":{"uv":[3,15.5,5,16],"texture":"#0","tintindex":1},"south":{"uv":[2.75,15.5,0.625,16],"texture":"#0","tintindex":1},"west":{"uv":[3,15.5,5,16],"texture":"#0","tintindex":1},"down":{"uv":[4.875,12.375,7,14.375],"texture":"#0","tintindex":1}}}],"display":{"thirdperson_righthand":{"rotation":[64,36,0],"translation":[0,2,2],"scale":[0.22,0.22,0.22]},"thirdperson_lefthand":{"rotation":[64,108,0],"translation":[0,2,2],"scale":[0.22,0.22,0.22]},"firstperson_righthand":{"rotation":[0,-40,-8],"translation":[1,4.75,0],"scale":[0.24,0.24,0.24]},"firstperson_lefthand":{"rotation":[0,45,3],"translation":[1,4.75,0],"scale":[0.24,0.24,0.24]},"ground":{"translation":[0,6.25,0],"scale":[0.25,0.25,0.25]},"gui":{"rotation":[22,17,17],"translation":[-0.5,2,0],"scale":[0.29,0.29,0.29]},"head":{"translation":[0,19.25,-0.5],"scale":[2.75,2.75,2.75]},"fixed":{"rotation":[-90,0,0],"translation":[0,0,-52],"scale":[4,4,4]}}}