{"credit":"Made with Blockbench","texture_size":[128,128],"textures":{"0":"custom/aether/decoration/crate/floating_cloud","particle":"custom/aether/decoration/crate/floating_cloud"},"elements":[{"from":[-0.86575,-1.6607,3.877],"to":[17.98225,3.0513,13.301],"rotation":{"angle":0,"axis":"y","origin":[8.26375,11.0513,8]},"faces":{"north":{"uv":[4,14.5,0,15.5],"texture":"#0","tintindex":1},"east":{"uv":[4.25,14.5,6.25,15.5],"texture":"#0","tintindex":1},"south":{"uv":[0,14.5,4,15.5],"texture":"#0","tintindex":1},"west":{"uv":[4.25,14.5,6.25,15.5],"texture":"#0","tintindex":1},"up":{"uv":[0,14.375,4,12.375],"rotation":180,"texture":"#0","tintindex":1},"down":{"uv":[6.625,10.875,2.625,8.875],"rotation":180,"texture":"#0","tintindex":1}}},{"from":[2.07925,3.0513,3.877],"to":[13.85925,7.7633,10.945],"rotation":{"angle":0,"axis":"y","origin":[8.26375,11.0513,8]},"faces":{"north":{"uv":[0,11.125,2.5,12.125],"texture":"#0","tintindex":1},"east":{"uv":[2.75,11.125,4.25,12.125],"texture":"#0","tintindex":1},"south":{"uv":[2.5,11.125,0,12.125],"texture":"#0","tintindex":1},"west":{"uv":[2.75,11.125,4.25,12.125],"texture":"#0","tintindex":1},"up":{"uv":[0,9.375,2.5,10.875],"rotation":180,"texture":"#0","tintindex":1}}}],"display":{"thirdperson_righthand":{"rotation":[64,36,0],"translation":[0,2,2],"scale":[0.22,0.22,0.22]},"thirdperson_lefthand":{"rotation":[64,108,0],"translation":[0,2,2],"scale":[0.22,0.22,0.22]},"firstperson_righthand":{"rotation":[0,-40,-8],"translation":[1,4.75,0],"scale":[0.24,0.24,0.24]},"firstperson_lefthand":{"rotation":[0,45,3],"translation":[1,4.75,0],"scale":[0.24,0.24,0.24]},"ground":{"translation":[0,6.25,0],"scale":[0.25,0.25,0.25]},"gui":{"rotation":[22,17,17],"translation":[-0.5,2,0],"scale":[0.29,0.29,0.29]},"head":{"translation":[0,14.25,-0.5],"scale":[2.75,2.75,2.75]},"fixed":{"rotation":[-90,0,0],"translation":[0,0,-52],"scale":[4,4,4]}}}