{"credit":"Made with Blockbench","texture_size":[128,128],"textures":{"2":"custom/aether/decoration/crate/glistening_planetarium","particle":"custom/aether/decoration/crate/glistening_planetarium_podium"},"elements":[{"from":[24.06,-8.06069,7.64819],"to":[24.79,24.05931,8.37819],"rotation":{"angle":0,"axis":"x","origin":[8,7.99931,8]},"faces":{"north":{"uv":[0.25,0.25,0,11.25],"rotation":180,"texture":"#2"},"east":{"uv":[0,0.25,0.125,11.25],"rotation":180,"texture":"#2"},"south":{"uv":[0,0.25,0.25,11.25],"rotation":180,"texture":"#2"},"west":{"uv":[0.25,15.25,11.25,15.375],"rotation":90,"texture":"#2"}}},{"from":[-8.79,24.05931,7.64819],"to":[24.79,24.78931,8.37819],"rotation":{"angle":0,"axis":"x","origin":[8,7.99931,8]},"faces":{"north":{"uv":[11.5,0.25,0,0],"rotation":180,"texture":"#2"},"east":{"uv":[0,0.25,0.125,0],"rotation":180,"texture":"#2"},"south":{"uv":[0,0.25,11.5,0],"rotation":180,"texture":"#2"},"west":{"uv":[0,0.25,0.125,0],"rotation":180,"texture":"#2"},"up":{"uv":[11.5,0.125,0,0],"texture":"#2"},"down":{"uv":[11.5,15.375,0,15.25],"texture":"#2"}}},{"from":[-8.79,-8.79069,7.64819],"to":[24.79,-8.06069,8.37819],"rotation":{"angle":0,"axis":"x","origin":[8,7.99931,8]},"faces":{"north":{"uv":[11.5,0,0,0.25],"rotation":180,"texture":"#2"},"east":{"uv":[0,0,0.125,0.25],"rotation":180,"texture":"#2"},"south":{"uv":[0,0,11.5,0.25],"rotation":180,"texture":"#2"},"west":{"uv":[0,0,0.125,0.25],"rotation":180,"texture":"#2"},"up":{"uv":[11.5,15.375,0,15.25],"texture":"#2"},"down":{"uv":[11.5,0,0,0.125],"texture":"#2"}}},{"from":[-8.79,-8.06069,7.64819],"to":[-8.06,24.05931,8.37819],"rotation":{"angle":0,"axis":"x","origin":[8,7.99931,8]},"faces":{"north":{"uv":[11.5,0.25,11.25,11.25],"rotation":180,"texture":"#2"},"east":{"uv":[0.25,15.125,11.25,15.25],"rotation":90,"texture":"#2"},"south":{"uv":[11.25,0.25,11.5,11.25],"rotation":180,"texture":"#2"},"west":{"uv":[11.5,0.25,11.375,11.25],"rotation":180,"texture":"#2"}}},{"from":[-10.25,7.63431,7.64819],"to":[-8.79,8.36431,8.37819],"rotation":{"angle":0,"axis":"x","origin":[8,7.99931,8]},"faces":{"north":{"uv":[12,5.625,11.5,5.875],"rotation":180,"texture":"#2"},"south":{"uv":[11.5,5.625,12,5.875],"rotation":180,"texture":"#2"},"west":{"uv":[11.875,5.625,12,5.875],"rotation":180,"texture":"#2"},"up":{"uv":[12,5.625,11.5,5.875],"texture":"#2"},"down":{"uv":[12,5.625,11.5,5.875],"texture":"#2"}}},{"from":[-5.14,24.67569,7.98681],"to":[21.14,31.97569,7.98681],"rotation":{"angle":0,"axis":"x","origin":[8,7.99931,8]},"faces":{"north":{"uv":[1.25,11.5,10.25,14],"rotation":180,"texture":"#2"},"south":{"uv":[1.25,11.5,10.25,14],"rotation":180,"texture":"#2"}}},{"from":[-5.14,-15.97569,7.98681],"to":[21.14,-8.67569,7.98681],"rotation":{"angle":0,"axis":"x","origin":[8,8.00069,8]},"faces":{"north":{"uv":[1.25,14,10.25,11.5],"rotation":180,"texture":"#2"},"south":{"uv":[1.25,14,10.25,11.5],"rotation":180,"texture":"#2"}}},{"from":[24.7,-5.50569,8.01319],"to":[32,20.77431,8.01319],"rotation":{"angle":0,"axis":"x","origin":[8,7.99931,8]},"faces":{"north":{"uv":[1.25,11.5,10.25,14],"rotation":90,"texture":"#2"},"south":{"uv":[1.25,11.5,10.25,14],"rotation":270,"texture":"#2"}}},{"from":[-16,-5.50569,8.01319],"to":[-8.7,20.77431,8.01319],"rotation":{"angle":0,"axis":"x","origin":[8,7.99931,8]},"faces":{"north":{"uv":[1.25,14,10.25,11.5],"rotation":90,"texture":"#2"},"south":{"uv":[1.25,14,10.25,11.5],"rotation":270,"texture":"#2"}}}],"display":{"thirdperson_righthand":{"rotation":[90,0,0],"translation":[0,-2,10],"scale":[2.75,2.75,2.75]},"thirdperson_lefthand":{"rotation":[37,-51,0],"translation":[0,2.25,1.5],"scale":[0.2,0.2,0.2]},"firstperson_righthand":{"rotation":[0,4,0],"translation":[2.5,3,0],"scale":[0.19,0.19,0.19]},"firstperson_lefthand":{"rotation":[0,4,0],"translation":[2.5,3,0],"scale":[0.19,0.19,0.19]},"ground":{"translation":[0,2.5,0],"scale":[0.16,0.16,0.16]},"gui":{"rotation":[25,45,0],"scale":[0.34,0.34,0.34]}},"groups":[{"name":"ring_0","origin":[8,36.52,8],"color":0,"children":[0,1,2,3,4,5,6,7,8]}]}