{"credit":"Made with Blockbench","texture_size":[128,128],"textures":{"2":"custom/aether/decoration/crate/glistening_planetarium","particle":"custom/aether/decoration/crate/glistening_planetarium_podium"},"elements":[{"from":[-0.76,15.92,7.4525],"to":[16.76,17.38,8.5475],"rotation":{"angle":0,"axis":"y","origin":[8,8.62,8]},"faces":{"north":{"uv":[2.75,2.75,8.75,3.25],"texture":"#2"},"east":{"uv":[8.625,2.75,9,3.25],"texture":"#2"},"south":{"uv":[2.75,2.75,8.75,3.25],"texture":"#2"},"west":{"uv":[8.625,2.75,9,3.25],"texture":"#2"},"up":{"uv":[2.75,2.5,8.75,2.875],"rotation":180,"texture":"#2"},"down":{"uv":[0,15.75,6,15.375],"rotation":180,"texture":"#2"}}},{"from":[-0.76,1.32,7.4525],"to":[0.7,15.92,8.5475],"rotation":{"angle":0,"axis":"y","origin":[8,8.62,8]},"faces":{"north":{"uv":[8.25,3.25,8.75,8.25],"texture":"#2"},"east":{"uv":[6.5,15.75,11.5,15.375],"rotation":90,"texture":"#2"},"south":{"uv":[8.75,3.25,8.25,8.25],"texture":"#2"},"west":{"uv":[8.625,3.375,9,8.375],"texture":"#2"}}},{"from":[-0.76,-0.14,7.4525],"to":[16.76,1.32,8.5475],"rotation":{"angle":0,"axis":"y","origin":[8,8.62,8]},"faces":{"north":{"uv":[2.75,8.25,8.75,8.75],"texture":"#2"},"east":{"uv":[8.625,3.25,9,2.75],"texture":"#2"},"south":{"uv":[2.75,8.25,8.75,8.75],"texture":"#2"},"west":{"uv":[8.625,3.25,9,2.75],"texture":"#2"},"up":{"uv":[6,15.75,12,15.375],"rotation":180,"texture":"#2"},"down":{"uv":[8.75,9,2.75,8.625],"rotation":180,"texture":"#2"}}},{"from":[15.3,1.32,7.4525],"to":[16.76,15.92,8.5475],"rotation":{"angle":0,"axis":"y","origin":[8,8.62,8]},"faces":{"north":{"uv":[8.75,3.25,8.25,8.25],"texture":"#2"},"east":{"uv":[9,3.375,8.625,8.375],"texture":"#2"},"south":{"uv":[8.25,3.25,8.75,8.25],"texture":"#2"},"west":{"uv":[6.5,15.75,11.5,15.375],"rotation":90,"texture":"#2"}}},{"from":[6.54,15.19,6.54],"to":[9.46,18.11,9.46],"rotation":{"angle":0,"axis":"y","origin":[8,8.62,8]},"faces":{"north":{"uv":[11.625,1.5,12.625,2.5],"texture":"#2"},"east":{"uv":[11.625,1.5,12.625,2.5],"texture":"#2"},"south":{"uv":[11.625,1.5,12.625,2.5],"texture":"#2"},"west":{"uv":[11.625,1.5,12.625,2.5],"texture":"#2"},"up":{"uv":[11.625,2.625,12.625,3.625],"rotation":180,"texture":"#2"},"down":{"uv":[11.625,3.75,12.625,4.75],"rotation":180,"texture":"#2"}}}],"display":{"thirdperson_righthand":{"rotation":[90,0,0],"translation":[0,-2,7.25],"scale":[2.75,2.75,2.75]},"thirdperson_lefthand":{"rotation":[37,-51,0],"translation":[0,2.25,1.5],"scale":[0.2,0.2,0.2]},"firstperson_righthand":{"rotation":[0,4,0],"translation":[2.5,3,0],"scale":[0.19,0.19,0.19]},"firstperson_lefthand":{"rotation":[0,4,0],"translation":[2.5,3,0],"scale":[0.19,0.19,0.19]},"ground":{"translation":[0,2.5,0],"scale":[0.16,0.16,0.16]},"gui":{"rotation":[25,45,0],"scale":[0.34,0.34,0.34]}},"groups":[{"name":"ring_3","origin":[8,36.52,8],"color":0,"children":[0,1,2,3,4]}]}