{"credit":"Made with Blockbench","texture_size":[128,128],"textures":{"1":"custom/aether/decoration/crate/glistening_planetarium_podium","particle":"custom/aether/decoration/crate/glistening_planetarium_podium"},"elements":[{"from":[0.5175,-9.835,0.5175],"to":[15.4825,-8.375,15.4825],"rotation":{"angle":0,"axis":"y","origin":[0.8825,-9.835,0.8825]},"faces":{"north":{"uv":[0,5.25,5.125,5.75],"texture":"#1"},"east":{"uv":[0,5.25,5.125,5.75],"texture":"#1"},"south":{"uv":[0,5.25,5.125,5.75],"texture":"#1"},"west":{"uv":[0,5.25,5.125,5.75],"texture":"#1"},"up":{"uv":[0,0,5.125,5.125],"texture":"#1"},"down":{"uv":[10,0,15.125,5.125],"texture":"#1"}}},{"from":[1.6125,-5.455,1.6125],"to":[14.3875,-3.995,14.3875],"rotation":{"angle":0,"axis":"y","origin":[1.9775,-5.455,1.9775]},"faces":{"north":{"uv":[0,5.875,4.375,6.375],"texture":"#1"},"east":{"uv":[0,5.875,4.375,6.375],"texture":"#1"},"south":{"uv":[0,5.875,4.375,6.375],"texture":"#1"},"west":{"uv":[0,5.875,4.375,6.375],"texture":"#1"},"up":{"uv":[5.25,0,9.625,4.375],"texture":"#1"},"down":{"uv":[10.375,0.375,14.75,4.75],"texture":"#1"}}},{"from":[2.16,-8.375,2.16],"to":[13.84,-5.455,13.84],"rotation":{"angle":0,"axis":"y","origin":[8,-9.835,2.525]},"faces":{"north":{"uv":[0,6.5,4,7.5],"texture":"#1"},"east":{"uv":[0,6.5,4,7.5],"texture":"#1"},"south":{"uv":[0,6.5,4,7.5],"texture":"#1"},"west":{"uv":[0,6.5,4,7.5],"texture":"#1"}}},{"from":[3.4375,-3.995,3.4375],"to":[12.5625,3.305,12.5625],"rotation":{"angle":0,"axis":"y","origin":[3.8025,-3.995,3.8025]},"faces":{"north":{"uv":[9.625,0,9.875,2.125],"texture":"#1","tintindex":1},"east":{"uv":[9.625,0,9.875,2.125],"texture":"#1","tintindex":1},"south":{"uv":[9.625,0,9.875,2.125],"texture":"#1","tintindex":1},"west":{"uv":[9.625,0,9.875,2.125],"texture":"#1","tintindex":1}}}],"display":{"thirdperson_righthand":{"rotation":[90,0,0],"translation":[-6,-2,36],"scale":[2.75,2.75,2.75]},"thirdperson_lefthand":{"rotation":[37,-51,0],"translation":[0,2.25,1.5],"scale":[0.2,0.2,0.2]},"firstperson_righthand":{"rotation":[0,4,0],"translation":[2.5,3,0],"scale":[0.19,0.19,0.19]},"firstperson_lefthand":{"rotation":[0,4,0],"translation":[2.5,3,0],"scale":[0.19,0.19,0.19]},"ground":{"translation":[0,2.5,0],"scale":[0.16,0.16,0.16]},"gui":{"rotation":[25,45,0],"scale":[0.34,0.34,0.34]}},"groups":[{"name":"root","origin":[8,19,8],"color":0,"children":[{"name":"ring_0","origin":[8,36.52,8],"color":0,"children":[]},{"name":"ring_2","origin":[8,36.52,8],"color":0,"children":[{"name":"ring_3","origin":[8,36.52,8],"color":0,"children":[]}]},{"name":"sun","origin":[8,36.52,8],"color":0,"children":[]}]},0,1,2,3,{"name":"ring_1","origin":[8,36.52,8],"color":0,"children":[]}]}