{"credit":"Made with Blockbench","texture_size":[128,128],"textures":{"2":"custom/aether/decoration/crate/glistening_planetarium","particle":"custom/aether/decoration/crate/glistening_planetarium_podium"},"elements":[{"from":[-6.6,16.3,6.77],"to":[22.6,19.22,8.23],"rotation":{"angle":0,"axis":"x","origin":[8,4.62,7.5]},"faces":{"north":{"uv":[0.75,0.75,10.75,1.75],"texture":"#2"},"east":{"uv":[0.375,0.75,0.875,1.75],"texture":"#2"},"south":{"uv":[10.75,0.75,0.75,1.75],"texture":"#2"},"west":{"uv":[10.625,10.75,11.125,9.75],"texture":"#2"},"up":{"uv":[10.75,0.25,0.75,0.75],"texture":"#2"},"down":{"uv":[0,14.625,10,15.125],"texture":"#2"}}},{"from":[19.68,-7.06,6.77],"to":[22.6,16.3,8.23],"rotation":{"angle":0,"axis":"x","origin":[8,4.62,7.5]},"faces":{"north":{"uv":[0.75,1.75,1.75,9.75],"texture":"#2"},"east":{"uv":[0.375,1.75,0.875,9.75],"texture":"#2"},"south":{"uv":[1.75,1.75,0.75,9.75],"texture":"#2"},"west":{"uv":[9.625,14.625,1.625,15.125],"rotation":90,"texture":"#2"}}},{"from":[-6.6,-7.06,6.77],"to":[-3.68,16.3,8.23],"rotation":{"angle":0,"axis":"x","origin":[8,4.62,7.5]},"faces":{"north":{"uv":[9.75,1.875,10.75,9.875],"texture":"#2"},"east":{"uv":[8.875,14.125,0.875,14.625],"rotation":90,"texture":"#2"},"south":{"uv":[10.75,1.875,9.75,9.875],"texture":"#2"},"west":{"uv":[11.125,1.875,10.625,9.875],"texture":"#2"}}},{"from":[-8.06,2.065,4.58],"to":[-2.22,7.905,10.42],"rotation":{"angle":0,"axis":"x","origin":[8,4.62,7.5]},"faces":{"north":{"uv":[13.125,0,15.125,2],"texture":"#2"},"east":{"uv":[15.125,8.625,13.125,10.625],"texture":"#2"},"south":{"uv":[15.125,0,13.125,2],"texture":"#2"},"west":{"uv":[13.125,0,15.125,2],"texture":"#2"},"up":{"uv":[13.125,2.125,15.125,4.125],"texture":"#2"},"down":{"uv":[13.125,4.25,15.125,6.25],"texture":"#2"}}},{"from":[-6.6,-9.98,6.77],"to":[22.6,-7.06,8.23],"rotation":{"angle":0,"axis":"x","origin":[8,4.62,7.5]},"faces":{"north":{"uv":[10.75,1.75,0.75,0.75],"texture":"#2"},"east":{"uv":[0.375,9.75,0.875,10.75],"texture":"#2"},"south":{"uv":[0.75,1.75,10.75,0.75],"texture":"#2"},"west":{"uv":[10.625,9.75,11.125,10.75],"texture":"#2"},"up":{"uv":[10,14.625,0,15.125],"texture":"#2"},"down":{"uv":[0.75,0.25,10.75,0.75],"texture":"#2"}}}],"display":{"thirdperson_righthand":{"rotation":[90,0,0],"translation":[0,-2,17],"scale":[2.75,2.75,2.75]},"thirdperson_lefthand":{"rotation":[37,-51,0],"translation":[0,2.25,1.5],"scale":[0.2,0.2,0.2]},"firstperson_righthand":{"rotation":[0,4,0],"translation":[2.5,3,0],"scale":[0.19,0.19,0.19]},"firstperson_lefthand":{"rotation":[0,4,0],"translation":[2.5,3,0],"scale":[0.19,0.19,0.19]},"ground":{"translation":[0,2.5,0],"scale":[0.16,0.16,0.16]},"gui":{"rotation":[25,45,0],"scale":[0.34,0.34,0.34]}},"groups":[{"name":"ring_1","origin":[8,36.52,8],"color":0,"children":[0,1,2,3,4]}]}