{"credit":"Made with Blockbench","texture_size":[128,128],"textures":{"2":"custom/aether/decoration/crate/glistening_planetarium","particle":"custom/aether/decoration/crate/glistening_planetarium_podium"},"elements":[{"from":[-2.22,20.11,7.635],"to":[18.22,20.84,8.365],"rotation":{"angle":0,"axis":"y","origin":[8,10.985,8]},"faces":{"north":{"uv":[2.25,2.25,9.25,2.5],"texture":"#2"},"east":{"uv":[2.25,2.25,2.375,2.5],"texture":"#2"},"south":{"uv":[2.25,2.25,9.25,2.5],"texture":"#2"},"west":{"uv":[2.25,2.25,2.375,2.5],"texture":"#2"},"up":{"uv":[2.25,2.25,9.25,2.375],"rotation":180,"texture":"#2"},"down":{"uv":[0,15.875,7,16],"rotation":180,"texture":"#2"}}},{"from":[-2.22,1.13,7.635],"to":[-1.49,20.11,8.365],"rotation":{"angle":0,"axis":"y","origin":[8,10.985,8]},"faces":{"north":{"uv":[2.5,2.5,2.25,9],"texture":"#2"},"east":{"uv":[6.75,15.875,0.25,15.75],"rotation":90,"texture":"#2"},"south":{"uv":[2.25,2.5,2.5,9],"texture":"#2"},"west":{"uv":[2.375,2.5,2.25,9],"texture":"#2"}}},{"from":[-2.22,0.4,7.635],"to":[18.22,1.13,8.365],"rotation":{"angle":0,"axis":"y","origin":[8,10.985,8]},"faces":{"north":{"uv":[2.25,9,9.25,9.25],"texture":"#2"},"east":{"uv":[2.25,2.5,2.375,2.25],"texture":"#2"},"south":{"uv":[2.25,9,9.25,9.25],"texture":"#2"},"west":{"uv":[2.25,2.5,2.375,2.25],"texture":"#2"},"up":{"uv":[0,15.75,7,15.875],"rotation":180,"texture":"#2"},"down":{"uv":[2.25,9.125,9.25,9.25],"rotation":180,"texture":"#2"}}},{"from":[17.49,1.13,7.635],"to":[18.22,20.11,8.365],"rotation":{"angle":0,"axis":"y","origin":[8,10.985,8]},"faces":{"north":{"uv":[2.25,2.5,2.5,9],"texture":"#2"},"east":{"uv":[2.25,2.5,2.375,9],"texture":"#2"},"south":{"uv":[2.5,2.5,2.25,9],"texture":"#2"},"west":{"uv":[6.75,15.875,0.25,15.75],"rotation":90,"texture":"#2"}}},{"from":[7.635,20.84,7.635],"to":[8.365,21.57,8.365],"rotation":{"angle":0,"axis":"y","origin":[8,10.985,8]},"faces":{"north":{"uv":[5.625,2,5.875,2.25],"texture":"#2"},"east":{"uv":[5.625,2,5.875,2.25],"texture":"#2"},"south":{"uv":[5.625,2,5.875,2.25],"texture":"#2"},"west":{"uv":[5.625,2,5.875,2.25],"texture":"#2"},"up":{"uv":[5.625,2,5.875,2.125],"rotation":180,"texture":"#2"}}}],"display":{"thirdperson_righthand":{"rotation":[90,0,0],"translation":[0,-2,2.5],"scale":[2.75,2.75,2.75]},"thirdperson_lefthand":{"rotation":[37,-51,0],"translation":[0,2.25,1.5],"scale":[0.2,0.2,0.2]},"firstperson_righthand":{"rotation":[0,4,0],"translation":[2.5,3,0],"scale":[0.19,0.19,0.19]},"firstperson_lefthand":{"rotation":[0,4,0],"translation":[2.5,3,0],"scale":[0.19,0.19,0.19]},"ground":{"translation":[0,2.5,0],"scale":[0.16,0.16,0.16]},"gui":{"rotation":[25,45,0],"scale":[0.34,0.34,0.34]}},"groups":[{"name":"ring_2","origin":[8,36.52,8],"color":0,"children":[0,1,2,3,{"name":"ring_3","origin":[8,36.52,8],"color":0,"children":[]},4]}]}