{"credit":"Made with Blockbench","texture_size":[128,128],"textures":{"1":"custom/aether/decoration/crate/glistening_planetarium_podium","2":"custom/aether/decoration/crate/glistening_planetarium","3":"custom/aether/decoration/crate/glistening_planetarium_rays","particle":"custom/aether/decoration/crate/glistening_planetarium_podium"},"elements":[{"from":[24.06,-3.69,9.635],"to":[24.79,28.43,10.365],"rotation":{"angle":45,"axis":"x","origin":[8,16.3625,10]},"faces":{"north":{"uv":[0,0.25,0.25,11.25],"texture":"#2"},"east":{"uv":[0,0.25,0.125,11.25],"texture":"#2"},"south":{"uv":[0.25,0.25,0,11.25],"texture":"#2"},"west":{"uv":[0.125,0.25,0.25,11.25],"texture":"#2"}}},{"from":[-8.79,-4.42,9.635],"to":[24.79,-3.69,10.365],"rotation":{"angle":45,"axis":"x","origin":[8,16.3625,10]},"faces":{"north":{"uv":[0,0.25,11.5,0],"texture":"#2"},"east":{"uv":[0,0.25,0.125,0],"texture":"#2"},"south":{"uv":[11.5,0.25,0,0],"texture":"#2"},"west":{"uv":[0,0.25,0.125,0],"texture":"#2"},"up":{"uv":[11.5,0.25,0,0.125],"texture":"#2"},"down":{"uv":[11.5,0.125,0,0],"texture":"#2"}}},{"from":[-8.79,28.43,9.635],"to":[24.79,29.16,10.365],"rotation":{"angle":45,"axis":"x","origin":[8,16.3625,10]},"faces":{"north":{"uv":[0,0,11.5,0.25],"texture":"#2"},"east":{"uv":[0,0,0.125,0.25],"texture":"#2"},"south":{"uv":[11.5,0,0,0.25],"texture":"#2"},"west":{"uv":[0,0,0.125,0.25],"texture":"#2"},"up":{"uv":[11.5,0,0,0.125],"texture":"#2"},"down":{"uv":[11.5,0.125,0,0.25],"texture":"#2"}}},{"from":[-8.79,-3.69,9.635],"to":[-8.06,28.43,10.365],"rotation":{"angle":45,"axis":"x","origin":[8,16.3625,10]},"faces":{"north":{"uv":[11.25,0.25,11.5,11.25],"texture":"#2"},"east":{"uv":[11.375,0.25,11.25,11.25],"texture":"#2"},"south":{"uv":[11.5,0.25,11.25,11.25],"texture":"#2"},"west":{"uv":[11.5,0.25,11.375,11.25],"texture":"#2"}}},{"from":[-10.25,12.005,9.635],"to":[-8.79,12.735,10.365],"rotation":{"angle":45,"axis":"x","origin":[8,16.3625,10]},"faces":{"north":{"uv":[11.5,5.625,12,5.875],"texture":"#2"},"south":{"uv":[12,5.625,11.5,5.875],"texture":"#2"},"west":{"uv":[11.875,5.625,12,5.875],"texture":"#2"},"up":{"uv":[12,5.625,11.5,5.875],"texture":"#2"},"down":{"uv":[12,5.625,11.5,5.875],"texture":"#2"}}},{"from":[-5.14,24.59059,21.12809],"to":[21.14,31.89059,21.12809],"rotation":{"angle":45,"axis":"x","origin":[8,27.49059,21.12809]},"faces":{"north":{"uv":[1.25,14,10.25,11.5],"texture":"#2"},"south":{"uv":[1.25,14,10.25,11.5],"texture":"#2"}}},{"from":[-5.14,-11.72,10],"to":[21.14,-4.42,10],"rotation":{"angle":45,"axis":"x","origin":[8,16.3625,10]},"faces":{"north":{"uv":[1.25,11.5,10.25,14],"texture":"#2"},"south":{"uv":[1.25,11.5,10.25,14],"texture":"#2"}}},{"from":[24.7,-0.405,10],"to":[32,25.875,10],"rotation":{"angle":45,"axis":"x","origin":[8,16.3625,10]},"faces":{"north":{"uv":[1.25,11.5,10.25,14],"rotation":90,"texture":"#2"},"south":{"uv":[1.25,11.5,10.25,14],"rotation":270,"texture":"#2"}}},{"from":[-16,-0.405,10],"to":[-8.7,25.875,10],"rotation":{"angle":45,"axis":"x","origin":[8,16.3625,10]},"faces":{"north":{"uv":[1.25,14,10.25,11.5],"rotation":90,"texture":"#2"},"south":{"uv":[1.25,14,10.25,11.5],"rotation":270,"texture":"#2"}}},{"from":[7.635,24.11,-2.22],"to":[8.365,24.84,18.22],"rotation":{"angle":0,"axis":"y","origin":[8,14.985,8]},"faces":{"north":{"uv":[2.25,2.25,2.375,2.5],"texture":"#2"},"east":{"uv":[2.25,2.25,9.25,2.5],"texture":"#2"},"south":{"uv":[2.25,2.25,2.375,2.5],"texture":"#2"},"west":{"uv":[2.25,2.25,9.25,2.5],"texture":"#2"},"up":{"uv":[2.25,2.25,9.25,2.375],"rotation":90,"texture":"#2"},"down":{"uv":[2.25,2.375,9.25,2.5],"rotation":270,"texture":"#2"}}},{"from":[7.635,5.13,17.49],"to":[8.365,24.11,18.22],"rotation":{"angle":0,"axis":"y","origin":[8,14.985,8]},"faces":{"north":{"uv":[2.5,2.5,2.375,9],"texture":"#2"},"east":{"uv":[2.25,2.5,2.5,9],"texture":"#2"},"south":{"uv":[2.375,2.5,2.25,9],"texture":"#2"},"west":{"uv":[2.5,2.5,2.25,9],"texture":"#2"}}},{"from":[7.635,4.4,-2.22],"to":[8.365,5.13,18.22],"rotation":{"angle":0,"axis":"y","origin":[8,14.985,8]},"faces":{"north":{"uv":[2.25,2.5,2.375,2.25],"texture":"#2"},"east":{"uv":[2.25,9,9.25,9.25],"texture":"#2"},"south":{"uv":[2.25,2.5,2.375,2.25],"texture":"#2"},"west":{"uv":[2.25,9,9.25,9.25],"texture":"#2"},"up":{"uv":[2.25,9,9.25,9.125],"rotation":90,"texture":"#2"},"down":{"uv":[2.25,9.125,9.25,9.25],"rotation":270,"texture":"#2"}}},{"from":[7.635,5.13,-2.22],"to":[8.365,24.11,-1.49],"rotation":{"angle":0,"axis":"y","origin":[8,14.985,8]},"faces":{"north":{"uv":[2.25,2.5,2.375,9],"texture":"#2"},"east":{"uv":[2.5,2.5,2.25,9],"texture":"#2"},"south":{"uv":[2.375,2.5,2.5,9],"texture":"#2"},"west":{"uv":[2.25,2.5,2.5,9],"texture":"#2"}}},{"from":[-0.76,21.92,7.4525],"to":[16.76,23.38,8.5475],"rotation":{"angle":22.5,"axis":"y","origin":[8,14.62,8]},"faces":{"north":{"uv":[2.75,2.75,8.75,3.25],"texture":"#2"},"east":{"uv":[8.625,2.75,9,3.25],"texture":"#2"},"south":{"uv":[2.75,2.75,8.75,3.25],"texture":"#2"},"west":{"uv":[8.625,2.75,9,3.25],"texture":"#2"},"up":{"uv":[2.75,2.5,8.75,2.875],"rotation":180,"texture":"#2"},"down":{"uv":[2.75,2.5,8.75,2.875],"rotation":180,"texture":"#2"}}},{"from":[-0.76,7.32,7.4525],"to":[0.7,21.92,8.5475],"rotation":{"angle":22.5,"axis":"y","origin":[8,14.62,8]},"faces":{"north":{"uv":[8.25,3.25,8.75,8.25],"texture":"#2"},"east":{"uv":[8.625,3.375,9,8.375],"texture":"#2"},"south":{"uv":[8.75,3.25,8.25,8.25],"texture":"#2"},"west":{"uv":[8.625,3.375,9,8.375],"texture":"#2"}}},{"from":[-0.76,5.86,7.4525],"to":[16.76,7.32,8.5475],"rotation":{"angle":22.5,"axis":"y","origin":[8,14.62,8]},"faces":{"north":{"uv":[2.75,8.25,8.75,8.75],"texture":"#2"},"east":{"uv":[8.625,3.25,9,2.75],"texture":"#2"},"south":{"uv":[2.75,8.25,8.75,8.75],"texture":"#2"},"west":{"uv":[8.625,3.25,9,2.75],"texture":"#2"},"up":{"uv":[2.75,9,8.75,8.625],"rotation":180,"texture":"#2"},"down":{"uv":[8.75,9,2.75,8.625],"rotation":180,"texture":"#2"}}},{"from":[15.3,7.32,7.4525],"to":[16.76,21.92,8.5475],"rotation":{"angle":22.5,"axis":"y","origin":[8,14.62,8]},"faces":{"north":{"uv":[8.75,3.25,8.25,8.25],"texture":"#2"},"east":{"uv":[9,3.375,8.625,8.375],"texture":"#2"},"south":{"uv":[8.25,3.25,8.75,8.25],"texture":"#2"},"west":{"uv":[9,3.375,8.625,8.375],"texture":"#2"}}},{"from":[6.54,21.19,6.54],"to":[9.46,24.11,9.46],"rotation":{"angle":22.5,"axis":"y","origin":[8,14.62,8]},"faces":{"north":{"uv":[11.625,1.5,12.625,2.5],"texture":"#2"},"east":{"uv":[11.625,1.5,12.625,2.5],"texture":"#2"},"south":{"uv":[11.625,1.5,12.625,2.5],"texture":"#2"},"west":{"uv":[11.625,1.5,12.625,2.5],"texture":"#2"},"up":{"uv":[11.625,2.625,12.625,3.625],"rotation":180,"texture":"#2"},"down":{"uv":[11.625,3.75,12.625,4.75],"rotation":180,"texture":"#2"}}},{"from":[7.635,24.84,7.635],"to":[8.365,25.57,8.365],"rotation":{"angle":0,"axis":"y","origin":[8,14.985,8]},"faces":{"north":{"uv":[5.625,2,5.875,2.25],"texture":"#2"},"east":{"uv":[5.625,2,5.875,2.25],"texture":"#2"},"south":{"uv":[5.625,2,5.875,2.25],"texture":"#2"},"west":{"uv":[5.625,2,5.875,2.25],"texture":"#2"},"up":{"uv":[5.625,2,5.875,2.125],"rotation":90,"texture":"#2"}}},{"from":[5.08,11.7,5.08],"to":[10.92,17.54,10.92],"rotation":{"angle":0,"axis":"y","origin":[5.445,11.7,5.445]},"faces":{"north":{"uv":[13.125,6.375,15.125,8.375],"texture":"#2"},"east":{"uv":[13.125,6.375,15.125,8.375],"texture":"#2"},"south":{"uv":[13.125,6.375,15.125,8.375],"texture":"#2"},"west":{"uv":[13.125,6.375,15.125,8.375],"texture":"#2"},"up":{"uv":[13.125,6.375,15.125,8.375],"texture":"#2"},"down":{"uv":[13.125,6.375,15.125,8.375],"texture":"#2"}}},{"name":"cube inverted","from":[11.212,17.832,11.212],"to":[4.788,11.408,4.788],"rotation":{"angle":0,"axis":"y","origin":[5.445,11.7,5.445]},"faces":{"north":{"uv":[12.625,7.125,13,6.375],"texture":"#2"},"east":{"uv":[12.625,7.125,13,6.375],"texture":"#2"},"south":{"uv":[12.625,7.125,13,6.375],"texture":"#2"},"west":{"uv":[12.625,7.125,13,6.375],"texture":"#2"},"up":{"uv":[12.625,7.125,13,6.875],"texture":"#2"},"down":{"uv":[12.625,6.625,13,6.375],"texture":"#2"}}},{"from":[6.175,17.53963,-4.775],"to":[7.27,17.53963,5.08],"rotation":{"angle":45,"axis":"x","origin":[6.7225,17.53963,5.08]},"faces":{"up":{"uv":[15.625,5,16,8.375],"texture":"#2"},"down":{"uv":[15.625,8.375,16,5],"texture":"#2"}}},{"from":[0.5175,-9.835,0.5175],"to":[15.4825,-8.375,15.4825],"rotation":{"angle":0,"axis":"y","origin":[0.8825,-9.835,0.8825]},"faces":{"north":{"uv":[0,5.25,5.125,5.75],"texture":"#1"},"east":{"uv":[0,5.25,5.125,5.75],"texture":"#1"},"south":{"uv":[0,5.25,5.125,5.75],"texture":"#1"},"west":{"uv":[0,5.25,5.125,5.75],"texture":"#1"},"up":{"uv":[0,0,5.125,5.125],"texture":"#1"},"down":{"uv":[10,0,15.125,5.125],"texture":"#1"}}},{"from":[1.6125,-5.455,1.6125],"to":[14.3875,-3.995,14.3875],"rotation":{"angle":0,"axis":"y","origin":[1.9775,-5.455,1.9775]},"faces":{"north":{"uv":[0,5.875,4.375,6.375],"texture":"#1"},"east":{"uv":[0,5.875,4.375,6.375],"texture":"#1"},"south":{"uv":[0,5.875,4.375,6.375],"texture":"#1"},"west":{"uv":[0,5.875,4.375,6.375],"texture":"#1"},"up":{"uv":[5.25,0,9.625,4.375],"texture":"#1"},"down":{"uv":[10.375,0.375,14.75,4.75],"texture":"#1"}}},{"from":[2.16,-8.375,2.16],"to":[13.84,-5.455,13.84],"rotation":{"angle":0,"axis":"y","origin":[8,-9.835,2.525]},"faces":{"north":{"uv":[0,6.5,4,7.5],"texture":"#1"},"east":{"uv":[0,6.5,4,7.5],"texture":"#1"},"south":{"uv":[0,6.5,4,7.5],"texture":"#1"},"west":{"uv":[0,6.5,4,7.5],"texture":"#1"}}},{"from":[3.4375,-3.995,3.4375],"to":[12.5625,3.305,12.5625],"rotation":{"angle":0,"axis":"y","origin":[3.8025,-3.995,3.8025]},"faces":{"north":{"uv":[9.625,0,9.875,2.125],"texture":"#1","tintindex":1},"east":{"uv":[9.625,0,9.875,2.125],"texture":"#1","tintindex":1},"south":{"uv":[9.625,0,9.875,2.125],"texture":"#1","tintindex":1},"west":{"uv":[9.625,0,9.875,2.125],"texture":"#1","tintindex":1}}},{"from":[-6.6,24.3,6.77],"to":[22.6,27.22,8.23],"rotation":{"angle":-45,"axis":"x","origin":[8,12.62,7.5]},"faces":{"north":{"uv":[0.75,0.75,10.75,1.75],"texture":"#2"},"east":{"uv":[0.375,0.75,0.875,1.75],"texture":"#2"},"south":{"uv":[10.75,0.75,0.75,1.75],"texture":"#2"},"west":{"uv":[10.625,10.75,11.125,9.75],"texture":"#2"},"up":{"uv":[10.75,0.25,0.75,0.75],"texture":"#2"},"down":{"uv":[0.75,0.25,10.75,0.75],"texture":"#2"}}},{"from":[19.68,0.94,6.77],"to":[22.6,24.3,8.23],"rotation":{"angle":-45,"axis":"x","origin":[8,12.62,7.5]},"faces":{"north":{"uv":[0.75,1.75,1.75,9.75],"texture":"#2"},"east":{"uv":[0.375,1.75,0.875,9.75],"texture":"#2"},"south":{"uv":[1.75,1.75,0.75,9.75],"texture":"#2"},"west":{"uv":[0.375,9.75,0.875,1.75],"texture":"#2"}}},{"from":[-6.6,0.94,6.77],"to":[-3.68,24.3,8.23],"rotation":{"angle":-45,"axis":"x","origin":[8,12.62,7.5]},"faces":{"north":{"uv":[9.75,1.875,10.75,9.875],"texture":"#2"},"east":{"uv":[11.125,1.875,10.625,9.875],"texture":"#2"},"south":{"uv":[10.75,1.875,9.75,9.875],"texture":"#2"},"west":{"uv":[11.125,1.875,10.625,9.875],"texture":"#2"}}},{"from":[-8.06,10.065,4.58],"to":[-2.22,15.905,10.42],"rotation":{"angle":-45,"axis":"x","origin":[8,12.62,7.5]},"faces":{"north":{"uv":[13.125,0,15.125,2],"texture":"#2"},"east":{"uv":[15.125,8.625,13.125,10.625],"texture":"#2"},"south":{"uv":[15.125,0,13.125,2],"texture":"#2"},"west":{"uv":[13.125,0,15.125,2],"texture":"#2"},"up":{"uv":[13.125,2.125,15.125,4.125],"texture":"#2"},"down":{"uv":[13.125,4.25,15.125,6.25],"texture":"#2"}}},{"from":[-6.6,-1.98,6.77],"to":[22.6,0.94,8.23],"rotation":{"angle":-45,"axis":"x","origin":[8,12.62,7.5]},"faces":{"north":{"uv":[10.75,1.75,0.75,0.75],"texture":"#2"},"east":{"uv":[0.375,9.75,0.875,10.75],"texture":"#2"},"south":{"uv":[0.75,1.75,10.75,0.75],"texture":"#2"},"west":{"uv":[10.625,9.75,11.125,10.75],"texture":"#2"},"up":{"uv":[10.75,0.25,0.75,0.75],"texture":"#2"},"down":{"uv":[0.75,0.25,10.75,0.75],"texture":"#2"}}},{"from":[9.095,17.53963,10.92],"to":[10.19,17.53963,22.775],"rotation":{"angle":-45,"axis":"x","origin":[9.6425,17.53963,10.92]},"faces":{"up":{"uv":[2,16,3.5,0],"texture":"#3"},"down":{"uv":[2,0,3.5,16],"texture":"#3"}}},{"from":[6.175,17.53963,-6.775],"to":[7.27,17.53963,5.08],"rotation":{"angle":45,"axis":"x","origin":[6.7225,17.53963,5.08]},"faces":{"up":{"uv":[0,0,1.5,16],"texture":"#3"},"down":{"uv":[0,16,1.5,0],"texture":"#3"}}},{"from":[5.81,11.70037,-6.775],"to":[6.905,11.70037,5.08],"rotation":{"angle":-45,"axis":"x","origin":[6.3575,11.70037,5.08]},"faces":{"up":{"uv":[2,0,3.5,16],"texture":"#3"},"down":{"uv":[2,16,3.5,0],"texture":"#3"}}},{"from":[8.73,11.70037,10.92],"to":[9.825,11.70037,22.775],"rotation":{"angle":45,"axis":"x","origin":[9.2775,11.70037,10.92]},"faces":{"up":{"uv":[4,16,5.5,0],"texture":"#3"},"down":{"uv":[4,0,5.5,16],"texture":"#3"}}},{"from":[10.91963,12.795,10.92],"to":[10.91963,13.89,22.775],"rotation":{"angle":45,"axis":"y","origin":[10.91963,13.3425,10.92]},"faces":{"east":{"uv":[4,16,5.5,0],"rotation":90,"texture":"#3"},"west":{"uv":[5.5,0,4,16],"rotation":90,"texture":"#3"}}},{"from":[5.08037,15.715,10.92],"to":[5.08037,16.81,22.775],"rotation":{"angle":-45,"axis":"y","origin":[5.08037,16.2625,10.92]},"faces":{"east":{"uv":[3.5,16,2,0],"rotation":90,"texture":"#3"},"west":{"uv":[2,0,3.5,16],"rotation":90,"texture":"#3"}}},{"from":[5.08037,15.715,-6.775],"to":[5.08037,16.81,5.08],"rotation":{"angle":45,"axis":"y","origin":[5.08037,16.2625,5.08]},"faces":{"east":{"uv":[1.5,0,0,16],"rotation":90,"texture":"#3"},"west":{"uv":[0,16,1.5,0],"rotation":90,"texture":"#3"}}},{"from":[10.91963,12.795,-6.775],"to":[10.91963,13.89,5.08],"rotation":{"angle":-45,"axis":"y","origin":[10.91963,13.3425,5.08]},"faces":{"east":{"uv":[2,0,3.5,16],"rotation":90,"texture":"#3"},"west":{"uv":[3.5,16,2,0],"rotation":90,"texture":"#3"}}},{"from":[12.12924,14.61974,9.095],"to":[23.98424,14.61974,10.19],"rotation":{"angle":45,"axis":"z","origin":[8,14.62,8]},"faces":{"up":{"uv":[0,0,1.5,16],"rotation":90,"texture":"#3"},"down":{"uv":[0,16,1.5,0],"rotation":270,"texture":"#3"}}},{"from":[-7.98424,14.61974,6.175],"to":[3.87076,14.61974,7.27],"rotation":{"angle":-45,"axis":"z","origin":[8,14.62,8]},"faces":{"up":{"uv":[4,16,5.5,0],"rotation":90,"texture":"#3"},"down":{"uv":[4,0,5.5,16],"rotation":270,"texture":"#3"}}},{"from":[-7.98424,14.62026,8.73],"to":[3.87076,14.62026,9.825],"rotation":{"angle":45,"axis":"z","origin":[8,14.62,8]},"faces":{"up":{"uv":[0,16,1.5,0],"rotation":90,"texture":"#3"},"down":{"uv":[0,0,1.5,16],"rotation":270,"texture":"#3"}}},{"from":[12.12924,14.62026,5.81],"to":[23.98424,14.62026,6.905],"rotation":{"angle":-45,"axis":"z","origin":[8,14.62,8]},"faces":{"up":{"uv":[2,0,3.5,16],"rotation":90,"texture":"#3"},"down":{"uv":[2,16,3.5,0],"rotation":270,"texture":"#3"}}}],"display":{"thirdperson_righthand":{"rotation":[37,-51,0],"translation":[0,2.25,1.5],"scale":[0.2,0.2,0.2]},"thirdperson_lefthand":{"rotation":[37,-51,0],"translation":[0,2.25,1.5],"scale":[0.2,0.2,0.2]},"firstperson_righthand":{"rotation":[0,4,0],"translation":[2.5,3,0],"scale":[0.19,0.19,0.19]},"firstperson_lefthand":{"rotation":[0,4,0],"translation":[2.5,3,0],"scale":[0.19,0.19,0.19]},"ground":{"translation":[0,2.5,0],"scale":[0.16,0.16,0.16]},"gui":{"rotation":[25,45,0],"scale":[0.34,0.34,0.34]}},"groups":[{"name":"root","origin":[8,19,8],"color":0,"children":[{"name":"ring_0","origin":[8,36.52,8],"color":0,"children":[0,1,2,3,4,5,6,7,8]},{"name":"ring_2","origin":[8,36.52,8],"color":0,"children":[9,10,11,12,{"name":"ring_3","origin":[8,36.52,8],"color":0,"children":[13,14,15,16,17]},18]},{"name":"sun","origin":[8,36.52,8],"color":0,"children":[19,20,21]}]},22,23,24,25,{"name":"ring_1","origin":[8,36.52,8],"color":0,"children":[26,27,28,29,30]},31,32,33,34,35,36,37,38,39,40,41,42]}