{"credit":"Made with Blockbench","texture_size":[64,64],"textures":{"1":"custom/aether/decoration/crate/sheepuff_plushie","2":"custom/aether/decoration/crate/sheepuff_plushie_tint","particle":"custom/aether/decoration/crate/sheepuff_plushie"},"elements":[{"from":[2.3,1.8,-8.7],"to":[13.7,12.2,-1.3],"rotation":{"angle":0,"axis":"y","origin":[37,9.25,9.5]},"faces":{"north":{"uv":[0,1.75,2.75,4.25],"texture":"#2","tintindex":1},"east":{"uv":[4.5,1.75,2.75,4.25],"texture":"#2","tintindex":1},"south":{"uv":[4.5,1.75,7.25,4.25],"texture":"#2","tintindex":1},"west":{"uv":[2.75,1.75,4.5,4.25],"texture":"#2","tintindex":1},"up":{"uv":[2.75,1.75,0,0],"texture":"#2","tintindex":1}}},{"from":[2.5,2,-8.5],"to":[13.5,12,-1.5],"rotation":{"angle":0,"axis":"y","origin":[37,9.25,9.5]},"faces":{"north":{"uv":[0,1.75,2.75,4.25],"texture":"#1"},"east":{"uv":[4.5,1.75,2.75,4.25],"texture":"#1"},"south":{"uv":[4.5,1.75,7.25,4.25],"texture":"#1"},"west":{"uv":[2.75,1.75,4.5,4.25],"texture":"#1"},"up":{"uv":[2.75,1.75,0,0],"texture":"#1"},"down":{"uv":[2.75,0,5.5,1.75],"texture":"#1"}}},{"from":[12.5,4,-6.5],"to":[16.5,7,-4.5],"rotation":{"angle":0,"axis":"y","origin":[13.25,5.5,-5.5]},"faces":{"north":{"uv":[2,4.5,3,5.25],"texture":"#1"},"east":{"uv":[2,4.75,2.5,4.25],"rotation":90,"texture":"#1"},"south":{"uv":[4,4.5,3,5.25],"texture":"#1"},"west":{"uv":[3.75,4.5,4,5.25],"texture":"#1"},"up":{"uv":[2,4.25,3,4.75],"rotation":180,"texture":"#1"},"down":{"uv":[2,4.75,3,4.25],"rotation":180,"texture":"#1"}}},{"from":[-0.5,4,-6.5],"to":[3.5,7,-4.5],"rotation":{"angle":0,"axis":"y","origin":[2.75,5.5,-5.5]},"faces":{"north":{"uv":[3,4.5,2,5.25],"texture":"#1"},"east":{"uv":[4,4.5,3.75,5.25],"texture":"#1"},"south":{"uv":[3,4.5,4,5.25],"texture":"#1"},"west":{"uv":[2,4.25,2.5,4.75],"rotation":90,"texture":"#1"},"up":{"uv":[3,4.25,2,4.75],"rotation":180,"texture":"#1"},"down":{"uv":[3,4.75,2,4.25],"rotation":180,"texture":"#1"}}},{"from":[13.5,7,-9.5],"to":[16.5,16,-1.5],"rotation":{"angle":0,"axis":"y","origin":[37,9.25,9.5]},"faces":{"north":{"uv":[10.5,0.75,9.75,3],"texture":"#1"},"east":{"uv":[13.25,0.75,11.25,3],"texture":"#1"},"south":{"uv":[14,0.75,13.25,3],"texture":"#1"},"west":{"uv":[16,0.75,14,3],"texture":"#1"},"up":{"uv":[11.25,0.75,13.25,0],"rotation":90,"texture":"#1"},"down":{"uv":[11.25,3.75,13.25,3],"rotation":270,"texture":"#1"}}},{"from":[13.5,7,-12.5],"to":[16.5,10,-9.5],"rotation":{"angle":0,"axis":"y","origin":[37,9.25,9.5]},"faces":{"north":{"uv":[9.75,2.25,10.5,3],"texture":"#1"},"east":{"uv":[11.25,2.25,10.5,3],"texture":"#1"},"south":{"uv":[11.25,1.5,12,2.25],"texture":"#1"},"west":{"uv":[10.5,2.25,11.25,3],"texture":"#1"},"up":{"uv":[10.5,0,11.25,0.75],"rotation":90,"texture":"#1"},"down":{"uv":[10.5,3,11.25,3.75],"rotation":270,"texture":"#1"}}},{"from":[-0.5,7,-9.5],"to":[2.5,16,-1.5],"rotation":{"angle":0,"axis":"y","origin":[-21,9.25,9.5]},"faces":{"north":{"uv":[9.75,0.75,10.5,3],"texture":"#1"},"east":{"uv":[14,0.75,16,3],"texture":"#1"},"south":{"uv":[13.25,0.75,14,3],"texture":"#1"},"west":{"uv":[11.25,0.75,13.25,3],"texture":"#1"},"up":{"uv":[11.25,0,13.25,0.75],"rotation":90,"texture":"#1"},"down":{"uv":[11.25,3,13.25,3.75],"rotation":270,"texture":"#1"}}},{"from":[-0.5,7,-12.5],"to":[2.5,10,-9.5],"rotation":{"angle":0,"axis":"y","origin":[-21,9.25,9.5]},"faces":{"north":{"uv":[10.5,2.25,9.75,3],"texture":"#1"},"east":{"uv":[11.25,2.25,10.5,3],"texture":"#1"},"south":{"uv":[12,1.5,11.25,2.25],"texture":"#1"},"west":{"uv":[10.5,2.25,11.25,3],"texture":"#1"},"up":{"uv":[10.5,0.75,11.25,0],"rotation":90,"texture":"#1"},"down":{"uv":[10.5,3.75,11.25,3],"rotation":270,"texture":"#1"}}},{"from":[-3,1,-2.5],"to":[19,23,19.5],"rotation":{"angle":0,"axis":"y","origin":[-1.75,1,-1.5]},"faces":{"north":{"uv":[0,10.5,5.5,16],"texture":"#2","tintindex":1},"east":{"uv":[11,10.5,5.5,16],"texture":"#2","tintindex":1},"south":{"uv":[10.5,0,16,5.5],"texture":"#2","tintindex":1},"west":{"uv":[5.5,10.5,11,16],"texture":"#2","tintindex":1},"up":{"uv":[5.5,10.5,0,5],"texture":"#2","tintindex":1},"down":{"uv":[5.5,5,11,10.5],"texture":"#2","tintindex":1}}},{"from":[5,3,19.5],"to":[11,9,25.5],"rotation":{"angle":0,"axis":"y","origin":[8,3,21.5]},"faces":{"north":{"uv":[11,14.75,11.25,15.75],"texture":"#2","tintindex":1},"east":{"uv":[11,14.5,12.5,16],"rotation":180,"texture":"#2","tintindex":1},"south":{"uv":[12.5,14.5,14,16],"texture":"#2","tintindex":1},"west":{"uv":[11,14.5,12.5,16],"texture":"#2","tintindex":1},"up":{"uv":[11,16,12.5,14.5],"rotation":90,"texture":"#2","tintindex":1},"down":{"uv":[11,16,12.5,14.5],"rotation":270,"texture":"#2","tintindex":1}}},{"from":[0,2,-1.5],"to":[16,15,17.5],"rotation":{"angle":0,"axis":"y","origin":[14,4,-0.25]},"faces":{"north":{"uv":[1.25,8.25,5.25,11.5],"texture":"#1"},"east":{"uv":[10,8.25,5.25,11.5],"texture":"#1"},"south":{"uv":[10,8.25,14,11.5],"texture":"#1"},"west":{"uv":[5.25,8.25,10,11.5],"texture":"#1"},"up":{"uv":[4.5,4.25,9.25,8.25],"rotation":90,"texture":"#1"},"down":{"uv":[9.25,4.25,14,8.25],"rotation":270,"texture":"#1"}}},{"from":[-8.5,1.5,18],"to":[-0.5,6.5,23],"rotation":{"angle":45,"axis":"y","origin":[-4.5,4,20.5]},"faces":{"north":{"uv":[1.25,5.5,0,7.5],"rotation":270,"texture":"#1"},"east":{"uv":[0,5.5,1.25,5.75],"rotation":90,"texture":"#1"},"south":{"uv":[3.75,5.5,2.5,7.5],"rotation":90,"texture":"#1"},"west":{"uv":[1.25,4.25,0,5.5],"rotation":90,"texture":"#1"},"up":{"uv":[1.25,5.5,2.5,7.5],"rotation":90,"texture":"#1"},"down":{"uv":[2.5,5.5,1.25,7.5],"rotation":90,"texture":"#1"}}},{"from":[-8.5,1.5,-5],"to":[-0.5,6.5,0],"rotation":{"angle":-45,"axis":"y","origin":[-4.5,4,-2.5]},"faces":{"north":{"uv":[1.25,5.5,0,7.5],"rotation":270,"texture":"#1"},"east":{"uv":[0,5.5,1.25,5.75],"rotation":90,"texture":"#1"},"south":{"uv":[3.75,5.5,2.5,7.5],"rotation":90,"texture":"#1"},"west":{"uv":[1.25,4.25,0,5.5],"rotation":90,"texture":"#1"},"up":{"uv":[1.25,5.5,2.5,7.5],"rotation":90,"texture":"#1"},"down":{"uv":[2.5,5.5,1.25,7.5],"rotation":90,"texture":"#1"}}},{"from":[16.5,1.5,18],"to":[24.5,6.5,23],"rotation":{"angle":-45,"axis":"y","origin":[20.5,4,20.5]},"faces":{"north":{"uv":[1.25,7.5,0,5.5],"rotation":270,"texture":"#1"},"east":{"uv":[1.25,5.5,0,4.25],"rotation":90,"texture":"#1"},"south":{"uv":[3.75,7.5,2.5,5.5],"rotation":90,"texture":"#1"},"west":{"uv":[0,5.75,1.25,5.5],"rotation":90,"texture":"#1"},"up":{"uv":[1.25,7.5,2.5,5.5],"rotation":90,"texture":"#1"},"down":{"uv":[2.5,7.5,1.25,5.5],"rotation":90,"texture":"#1"}}},{"from":[16.5,1.5,-5],"to":[24.5,6.5,0],"rotation":{"angle":45,"axis":"y","origin":[20.5,4,-2.5]},"faces":{"north":{"uv":[1.25,7.5,0,5.5],"rotation":270,"texture":"#1"},"east":{"uv":[1.25,5.5,0,4.25],"rotation":90,"texture":"#1"},"south":{"uv":[3.75,7.5,2.5,5.5],"rotation":90,"texture":"#1"},"west":{"uv":[0,5.75,1.25,5.5],"rotation":90,"texture":"#1"},"up":{"uv":[1.25,7.5,2.5,5.5],"rotation":90,"texture":"#1"},"down":{"uv":[2.5,7.5,1.25,5.5],"rotation":90,"texture":"#1"}}}],"display":{"thirdperson_righthand":{"rotation":[46,48,0],"scale":[0.15,0.15,0.15]},"thirdperson_lefthand":{"rotation":[46,48,0],"scale":[0.15,0.15,0.15]},"firstperson_righthand":{"rotation":[0,117,0],"translation":[1.25,2.75,0],"scale":[0.23,0.23,0.23]},"firstperson_lefthand":{"rotation":[0,117,0],"translation":[1.25,2.75,0],"scale":[0.23,0.23,0.23]},"ground":{"translation":[0,1.5,0],"scale":[0.17,0.17,0.17]},"gui":{"rotation":[27,139,0],"translation":[-0.25,-1.25,0],"scale":[0.32,0.32,0.32]},"fixed":{"rotation":[-90,0,0],"translation":[0,0,-14],"scale":[2,2,2]}},"groups":[{"name":"root","origin":[8,0,8],"color":0,"children":[{"name":"head","origin":[8,15,-1.5],"color":0,"children":[0,1,2,3,4,5,6,7]},{"name":"body","origin":[8,6,9.5],"color":0,"children":[{"name":"fleece","origin":[-1.75,5,-1.5],"color":0,"children":[8,9]},{"name":"sheared_body","origin":[14,8,-0.25],"color":0,"children":[10]}]},{"name":"leg_left_front","origin":[3.5,6,3.5],"color":0,"children":[]},{"name":"leg_right_front","origin":[12.5,6,3.5],"color":0,"children":[]},{"name":"leg_right_back","origin":[12.5,6,12.5],"color":0,"children":[]},{"name":"leg_left_back","origin":[3.5,6,12.5],"color":0,"children":[11,12,13,14]}]}]}