{"credit":"Made with Blockbench","texture_size":[128,128],"textures":{"4":"custom/aether/decoration/crate/zeus_aura","particle":"custom/aether/decoration/crate/zeus_statue"},"elements":[{"from":[-2,-3,15.25],"to":[18,17,15.25],"rotation":{"angle":-22.5,"axis":"x","origin":[8,4,14]},"faces":{"north":{"uv":[0,0,10,10],"texture":"#4","tintindex":1},"south":{"uv":[0,0,10,10],"texture":"#4","tintindex":1}}}],"display":{"thirdperson_righthand":{"rotation":[51,42,0],"translation":[0,1.75,0.75],"scale":[0.35,0.35,0.35]},"thirdperson_lefthand":{"rotation":[51,42,0],"translation":[0,1.75,0.75],"scale":[0.35,0.35,0.35]},"firstperson_righthand":{"rotation":[0,106,0],"translation":[13,0,-10.5]},"firstperson_lefthand":{"rotation":[0,106,0],"translation":[13,0,-10.5]},"ground":{"rotation":[0,-45,0],"translation":[0,4.75,0],"scale":[0.41,0.41,0.41]},"gui":{"rotation":[18,-156,0],"translation":[-0.75,3.5,0],"scale":[0.42,0.42,0.42]},"head":{"translation":[0,-3.75,-23.25],"scale":[4,4,4]},"fixed":{"rotation":[90,0,0],"translation":[0,-4.5,0],"scale":[4,4,4]}},"groups":[{"name":"group","origin":[8,13.90736,-0.11396],"color":0,"children":[]},{"name":"group","origin":[0,-3.5,-2],"color":0,"children":[]},0]}