{"credit":"Made with Blockbench","texture_size":[128,128],"textures":{"0":"custom/aether/decoration/crate/zeus_statue","1":"custom/aether/decoration/crate/lightning_rod","2":"custom/aether/cosmetic/crate/bolt_aura_small","4":"custom/aether/decoration/crate/zeus_aura","particle":"custom/aether/decoration/crate/zeus_statue"},"elements":[{"from":[3.75,-4.5,6],"to":[12.25,1,10],"rotation":{"angle":0,"axis":"x","origin":[8,0.25,6.78401]},"faces":{"north":{"uv":[2.125,0,0,1.375],"texture":"#0"},"east":{"uv":[5.25,0,4.25,1.375],"texture":"#0"},"south":{"uv":[4.25,2.125,2.125,3.5],"texture":"#0"},"west":{"uv":[4.25,0,5.25,1.375],"texture":"#0"},"up":{"uv":[4.25,2,2.125,1],"texture":"#0"},"down":{"uv":[4.25,0,2.125,1],"texture":"#0"}}},{"from":[5.25,-8,6.5],"to":[10.75,-4.5,9.5],"rotation":{"angle":0,"axis":"x","origin":[8,0.25,6.78401]},"faces":{"north":{"uv":[1.375,1.5,0,2.375],"texture":"#0"},"east":{"uv":[1.375,1.5,2.125,2.375],"texture":"#0"},"south":{"uv":[1.375,2.5,0,3.375],"texture":"#0"},"west":{"uv":[2.125,1.5,1.375,2.375],"texture":"#0"},"up":{"uv":[1.375,0,0,0.75],"texture":"#0"},"down":{"uv":[1.375,0,0,0.75],"texture":"#0"}}},{"from":[5.5,1,5.5],"to":[10.5,6,10.5],"rotation":{"angle":0,"axis":"x","origin":[8,0.25,6.78401]},"faces":{"north":{"uv":[1.25,4,0,5.25],"texture":"#0"},"east":{"uv":[2.625,4,1.375,5.25],"texture":"#0"},"south":{"uv":[4,4,2.75,5.25],"texture":"#0"},"west":{"uv":[1.375,4,2.625,5.25],"texture":"#0"},"down":{"uv":[5.375,4,4.125,5.25],"texture":"#0"}}},{"from":[5.5,1,5.5],"to":[10.5,6,10.5],"rotation":{"angle":0,"axis":"x","origin":[8,0.25,6.78401]},"faces":{"north":{"uv":[7.375,4,6.125,5.25],"texture":"#0","tintindex":1}}},{"from":[5,0.54935,5.3156],"to":[11,2.04935,11.3156],"rotation":{"angle":-45,"axis":"x","origin":[8,0.25,6.78401]},"faces":{"north":{"uv":[1.5,7.75,0,7.375],"rotation":180,"texture":"#0"},"east":{"uv":[1.625,7.75,3.125,7.375],"rotation":180,"texture":"#0"},"south":{"uv":[1.5,0,0,0.375],"texture":"#0"},"west":{"uv":[1.625,7.375,3.125,7.75],"texture":"#0"},"up":{"uv":[1.5,5.375,0,6.875],"rotation":180,"texture":"#0"},"down":{"uv":[6,5.375,4.5,6.875],"texture":"#0"}}},{"from":[10.5,1,5.425],"to":[12.5,3,10.425],"rotation":{"angle":0,"axis":"x","origin":[8,-2.75,6.70901]},"faces":{"north":{"uv":[2.125,5.375,1.625,5.875],"texture":"#0"},"east":{"uv":[3.25,5.375,2.25,5.875],"texture":"#0"},"south":{"uv":[1.625,5.375,2.125,5.875],"texture":"#0"},"west":{"uv":[3.25,5.375,2.25,5.875],"texture":"#0"},"up":{"uv":[2.25,5.375,3.25,5.875],"rotation":90,"texture":"#0"},"down":{"uv":[2.25,6,3.25,6.5],"rotation":90,"texture":"#0"}}},{"from":[5,6,5.5],"to":[11,7.5,10.5],"rotation":{"angle":0,"axis":"x","origin":[8,0.25,6.78401]},"faces":{"north":{"uv":[4.75,7.375,3.25,7.75],"texture":"#0"},"east":{"uv":[6.125,7.375,4.875,7.75],"texture":"#0"},"south":{"uv":[4.75,7.375,3.25,7.75],"texture":"#0"},"west":{"uv":[6.125,7.375,4.875,7.75],"texture":"#0"},"up":{"uv":[7.625,6.625,6.125,5.375],"texture":"#0"},"down":{"uv":[2.25,7.25,3.5,7.125],"rotation":90,"texture":"#0"}}},{"from":[3.5,1,5.425],"to":[5.5,3,10.425],"rotation":{"angle":0,"axis":"x","origin":[8,-2.75,6.70901]},"faces":{"north":{"uv":[1.625,5.375,2.125,5.875],"texture":"#0"},"east":{"uv":[2.25,5.375,3.25,5.875],"texture":"#0"},"south":{"uv":[2.125,5.375,1.625,5.875],"texture":"#0"},"west":{"uv":[2.25,5.375,3.25,5.875],"texture":"#0"},"up":{"uv":[2.25,5.875,3.25,5.375],"rotation":90,"texture":"#0"},"down":{"uv":[2.25,6.5,3.25,6],"rotation":90,"texture":"#0"}}},{"from":[10.5,3,6],"to":[11.025,6,10.5],"rotation":{"angle":0,"axis":"x","origin":[8,2.25,6.78401]},"faces":{"east":{"uv":[4.5,5.375,3.375,6.125],"texture":"#0"},"south":{"uv":[4.375,5.375,4.25,6.125],"texture":"#0"}}},{"from":[4.975,3,6],"to":[5.5,6,10.5],"rotation":{"angle":0,"axis":"x","origin":[8,2.25,6.78401]},"faces":{"south":{"uv":[4.25,5.375,4.375,6.125],"texture":"#0"},"west":{"uv":[3.375,5.375,4.5,6.125],"texture":"#0"}}},{"from":[5,2.04935,2.8156],"to":[11,2.04935,5.3156],"rotation":{"angle":-45,"axis":"x","origin":[8,0.25,6.78401]},"faces":{"up":{"uv":[7.625,8.625,6.125,9.25],"rotation":180,"texture":"#0"},"down":{"uv":[6.125,8.625,7.625,9.25],"texture":"#0"}}},{"name":"cube inverted","from":[5.5,6,10.5],"to":[4.975,3,6],"rotation":{"angle":0,"axis":"x","origin":[8,2.25,6.78401]},"faces":{"north":{"uv":[4.25,6.125,4.375,5.375],"texture":"#0"},"east":{"uv":[3.375,6.125,4.5,5.375],"texture":"#0"}}},{"name":"cube inverted","from":[11.025,6,10.5],"to":[10.5,3,6],"rotation":{"angle":0,"axis":"x","origin":[8,2.25,6.78401]},"faces":{"north":{"uv":[4.375,6.125,4.25,5.375],"texture":"#0"},"west":{"uv":[4.5,6.125,3.375,5.375],"texture":"#0"}}},{"from":[4.75,-13.5,6],"to":[11.25,-7.5,10],"rotation":{"angle":0,"axis":"y","origin":[8,-11.375,8]},"faces":{"north":{"uv":[1.625,7.875,0,9.375],"texture":"#0"},"east":{"uv":[2.75,7.875,1.75,9.375],"texture":"#0"},"south":{"uv":[4.5,7.875,2.875,9.375],"texture":"#0"},"west":{"uv":[1.75,7.875,2.75,9.375],"texture":"#0"},"up":{"uv":[6.125,7.875,4.5,8.875],"texture":"#0"}}},{"name":"cube inverted","from":[11.25,-7.5,10],"to":[4.75,-13.5,6],"rotation":{"angle":0,"axis":"y","origin":[8,-11.375,8]},"faces":{"north":{"uv":[4.5,9.375,2.875,7.875],"texture":"#0"},"east":{"uv":[1.75,9.375,2.75,7.875],"texture":"#0"},"south":{"uv":[1.625,9.375,0,7.875],"texture":"#0"},"west":{"uv":[2.75,9.375,1.75,7.875],"texture":"#0"},"down":{"uv":[4.5,7.875,6.125,8.875],"texture":"#0"}}},{"from":[5.25,-16,6.5],"to":[10.75,-7.5,9.5],"rotation":{"angle":0,"axis":"y","origin":[8,-10.875,8]},"faces":{"north":{"uv":[9.125,5.375,7.75,7.5],"texture":"#0"},"east":{"uv":[10,5.375,9.25,7.5],"texture":"#0"},"south":{"uv":[11.5,5.375,10.125,7.5],"texture":"#0"},"west":{"uv":[9.25,5.375,10,7.5],"texture":"#0"},"up":{"uv":[1.375,0,0,0.75],"texture":"#0"},"down":{"uv":[9.125,8.375,7.75,7.625],"texture":"#0"}}},{"from":[11.75,-8.97563,6.341],"to":[14.25,2.02437,8.841],"rotation":{"angle":22.5,"axis":"z","origin":[13,-3.47563,7.591]},"faces":{"north":{"uv":[5.375,0,6,2.75],"texture":"#0"},"east":{"uv":[6.875,0,6.25,2.75],"texture":"#0"},"south":{"uv":[6,0,5.375,2.75],"texture":"#0"},"west":{"uv":[7.625,0,7,2.75],"texture":"#0"},"up":{"uv":[7.75,0,8.375,0.625],"texture":"#0"},"down":{"uv":[7.75,1.375,8.375,0.75],"rotation":90,"texture":"#0"}}},{"from":[-0.75,-1.5,7],"to":[3.75,1,9.5],"rotation":{"angle":-45,"axis":"x","origin":[4,0,8.25]},"faces":{"north":{"uv":[8.5,0.75,9.625,1.375],"texture":"#0"},"south":{"uv":[9.625,0.75,8.5,1.375],"texture":"#0"},"west":{"uv":[10.375,0.625,9.75,0],"rotation":180,"texture":"#0"},"up":{"uv":[8.5,0,9.625,0.625],"texture":"#0"},"down":{"uv":[9.625,2.125,8.5,1.5],"texture":"#0"}}},{"from":[-0.75,1,7],"to":[1.75,7.5,9.5],"rotation":{"angle":-45,"axis":"x","origin":[4,0,8.25]},"faces":{"north":{"uv":[6,2.75,5.375,1.125],"texture":"#0"},"east":{"uv":[7.625,2.75,7,1.125],"texture":"#0"},"south":{"uv":[5.375,2.75,6,1.125],"texture":"#0"},"west":{"uv":[6.25,2.75,6.875,1.125],"texture":"#0"},"up":{"uv":[8.375,1.375,7.75,0.75],"rotation":90,"texture":"#0"}}},{"from":[4.5,-7.75,5.5],"to":[14.5,1.25,10.5],"rotation":{"angle":0,"axis":"y","origin":[12.5,-0.75,5.5]},"faces":{"north":{"uv":[0,9.5,2.5,11.75],"texture":"#0"},"east":{"uv":[2.625,9.5,3.875,11.75],"texture":"#0"},"south":{"uv":[2.5,9.5,0,11.75],"texture":"#0"},"west":{"uv":[3.875,9.5,5.125,11.75],"texture":"#0"},"up":{"uv":[2.5,11.875,0,13.125],"texture":"#0"}}},{"name":"cube inverted","from":[14.5,1.25,10.5],"to":[4.5,-7.75,5.5],"rotation":{"angle":0,"axis":"y","origin":[12.5,-0.75,5.5]},"faces":{"north":{"uv":[2.5,11.75,0,9.5],"texture":"#0"},"east":{"uv":[3.875,11.75,5.125,9.5],"texture":"#0"},"south":{"uv":[0,11.75,2.5,9.5],"texture":"#0"},"west":{"uv":[2.625,11.75,3.875,9.5],"texture":"#0"},"down":{"uv":[0,11.875,2.5,13.125],"texture":"#0"}}},{"from":[4.75,4.25,5],"to":[11.25,6.75,11.5],"rotation":{"angle":22.5,"axis":"x","origin":[8,5.75,8.25]},"faces":{"north":{"uv":[15.34375,0,13.75,0.59375],"texture":"#0"},"east":{"uv":[13.59375,0,12,0.59375],"texture":"#0"},"south":{"uv":[13.59375,0.875,12,1.46875],"texture":"#0"},"west":{"uv":[12,0,13.59375,0.59375],"texture":"#0"}}},{"name":"cube inverted","from":[11.25,6.75,11.5],"to":[4.75,4.25,5],"rotation":{"angle":22.5,"axis":"x","origin":[8,5.75,8.25]},"faces":{"north":{"uv":[13.59375,1.46875,12,0.875],"texture":"#0"},"east":{"uv":[12,0.59375,13.59375,0],"texture":"#0"},"south":{"uv":[15.34375,0.59375,13.75,0],"texture":"#0"},"west":{"uv":[13.59375,0.59375,12,0],"texture":"#0"}}},{"from":[0,-0.475,1.225],"to":[1,1.025,3.225],"rotation":{"angle":22.5,"axis":"x","origin":[0.5,4.275,4.225]},"faces":{"north":{"uv":[5.5,11,6,12.5],"texture":"#1","tintindex":1},"east":{"uv":[4,11,6,12.5],"texture":"#1","tintindex":1},"south":{"uv":[4,11,4.5,12.5],"texture":"#1","tintindex":1},"west":{"uv":[6,11,4,12.5],"texture":"#1","tintindex":1},"up":{"uv":[6,11.5,4,11],"rotation":90,"texture":"#1","tintindex":1},"down":{"uv":[4,12,6,12.5],"rotation":90,"texture":"#1","tintindex":1}}},{"from":[0,-3.975,1.225],"to":[1,-0.475,2.225],"rotation":{"angle":22.5,"axis":"x","origin":[0.5,4.275,4.225]},"faces":{"north":{"uv":[5.5,12.5,6,16],"texture":"#1","tintindex":1},"east":{"uv":[5,12.5,6,16],"texture":"#1","tintindex":1},"south":{"uv":[5,12.5,5.5,16],"texture":"#1","tintindex":1},"west":{"uv":[6,12.5,5,16],"texture":"#1","tintindex":1},"down":{"uv":[5,15.5,6,16],"texture":"#1","tintindex":1}}},{"from":[0.5,1.25,-4],"to":[0.5,9.25,-1.5],"rotation":{"angle":-45,"axis":"x","origin":[0,4,-1.75]},"faces":{"east":{"uv":[0,16,5.0625,0],"texture":"#2","tintindex":1},"west":{"uv":[5.0625,16,0,0],"texture":"#2","tintindex":1}}},{"from":[0.499,-4.07717,-2.47034],"to":[0.499,3.92283,0.02966],"rotation":{"angle":-22.5,"axis":"x","origin":[0.999,14.92283,10.52966]},"faces":{"east":{"uv":[6,16,11.0625,0],"rotation":180,"texture":"#2","tintindex":1},"west":{"uv":[11.0625,16,6,0],"rotation":180,"texture":"#2","tintindex":1}}},{"from":[0.499,-9.41612,-4.63936],"to":[0.499,-1.41612,-2.13936],"rotation":{"angle":22.5,"axis":"x","origin":[0.999,-5.41612,-4.38936]},"faces":{"east":{"uv":[10.9375,16,16,0],"rotation":180,"texture":"#2","tintindex":1},"west":{"uv":[16,16,10.9375,0],"rotation":180,"texture":"#2","tintindex":1}}},{"from":[0,7.525,5.225],"to":[1,9.025,7.225],"rotation":{"angle":22.5,"axis":"x","origin":[0.5,4.275,4.225]},"faces":{"east":{"uv":[0,3.5,2,5],"texture":"#1","tintindex":1},"south":{"uv":[0,3.5,0.5,5],"texture":"#1","tintindex":1},"west":{"uv":[2,3.5,0,5],"texture":"#1","tintindex":1},"up":{"uv":[0,3.5,2,4],"rotation":90,"texture":"#1","tintindex":1},"down":{"uv":[0,4.5,2,5],"texture":"#1","tintindex":1}}},{"from":[0,9.025,6.225],"to":[1,12.525,7.225],"rotation":{"angle":22.5,"axis":"x","origin":[0.5,4.275,4.225]},"faces":{"north":{"uv":[0.5,0,1,3.5],"texture":"#1","tintindex":1},"east":{"uv":[0,0,1,3.5],"texture":"#1","tintindex":1},"south":{"uv":[0,0,0.5,3.5],"texture":"#1","tintindex":1},"west":{"uv":[1,0,0,3.5],"texture":"#1","tintindex":1},"up":{"uv":[0,0,1,0.5],"texture":"#1","tintindex":1}}},{"from":[0,-0.475,3.225],"to":[1,9.025,5.225],"rotation":{"angle":22.5,"axis":"x","origin":[0.5,4.275,4.225]},"faces":{"north":{"uv":[3.5,3.5,4,13],"texture":"#1","tintindex":1},"east":{"uv":[2,3.5,4,13],"texture":"#1","tintindex":1},"south":{"uv":[2,3.5,2.5,13],"texture":"#1","tintindex":1},"west":{"uv":[4,3.5,2,13],"texture":"#1","tintindex":1},"up":{"uv":[4,4,2,3.5],"rotation":90,"texture":"#1","tintindex":1},"down":{"uv":[0,4.5,2,5],"texture":"#1","tintindex":1}}},{"from":[0.499,10.92283,9.27966],"to":[0.499,18.92283,11.77966],"rotation":{"angle":22.5,"axis":"x","origin":[0.999,14.92283,10.52966]},"faces":{"east":{"uv":[6,16,11.0625,0],"texture":"#2","tintindex":1},"west":{"uv":[11.0625,16,6,0],"texture":"#2","tintindex":1}}},{"from":[9.501,5.23388,5.43564],"to":[17.501,7.73388,5.43564],"rotation":{"angle":22.5,"axis":"z","origin":[14.001,4.83388,5.43564]},"faces":{"north":{"uv":[5.0625,0,0,16],"rotation":90,"texture":"#2","tintindex":1},"south":{"uv":[0,0,5.0625,16],"rotation":270,"texture":"#2","tintindex":1}}},{"from":[-1.501,5.23388,5.43564],"to":[6.499,7.73388,5.43564],"rotation":{"angle":-22.5,"axis":"z","origin":[1.999,4.83388,5.43564]},"faces":{"north":{"uv":[10.9375,16,16,0],"rotation":90,"texture":"#2","tintindex":1},"south":{"uv":[16,16,10.9375,0],"rotation":270,"texture":"#2","tintindex":1}}},{"from":[0.499,7.65888,2.38936],"to":[0.499,15.65888,4.88936],"rotation":{"angle":-22.5,"axis":"x","origin":[0.499,8.58388,3.88936]},"faces":{"east":{"uv":[10.9375,0,16,16],"rotation":180,"texture":"#2","tintindex":1},"west":{"uv":[16,0,10.9375,16],"rotation":180,"texture":"#2","tintindex":1}}},{"from":[-2,-3,15.25],"to":[18,17,15.25],"rotation":{"angle":-22.5,"axis":"x","origin":[8,4,14]},"faces":{"north":{"uv":[0,0,10,10],"texture":"#4","tintindex":1},"south":{"uv":[0,0,10,10],"texture":"#4","tintindex":1}}}],"display":{"thirdperson_righthand":{"rotation":[51,42,0],"translation":[0,1.75,0.75],"scale":[0.35,0.35,0.35]},"thirdperson_lefthand":{"rotation":[51,42,0],"translation":[0,1.75,0.75],"scale":[0.35,0.35,0.35]},"firstperson_righthand":{"rotation":[0,106,0],"translation":[13,7.25,-10.5]},"firstperson_lefthand":{"rotation":[0,106,0],"translation":[13,7.25,-10.5]},"ground":{"rotation":[0,-45,0],"translation":[0,4.75,0],"scale":[0.41,0.41,0.41]},"gui":{"rotation":[18,-156,0],"translation":[-0.75,3.5,0],"scale":[0.42,0.42,0.42]},"head":{"translation":[0,10.5,0],"scale":[0.97,0.97,0.97]},"fixed":{"rotation":[90,0,0],"translation":[0,-4.5,0],"scale":[4,4,4]}},"groups":[0,1,{"name":"group","origin":[8,13.90736,-0.11396],"color":0,"children":[2,3,4,5,6,7,8,9,10,11,12]},13,14,15,16,17,18,19,20,21,22,{"name":"group","origin":[0,-3.5,-2],"color":0,"children":[23,24,25,26,27,28,29,30,31,32,33,34]},35]}