{"providers":[{"type":"reference","id":"menus/common"},{"type":"reference","id":"menus/navigation"},{"type":"space","advances":{"":-177,"":-177,"":-177,"":-177,"":-177,"":-17,"":-17,"":-17,"":-17,"":-177}},{"type":"bitmap","file":"custom_ui/menus/badges/background_progress.png","ascent":19,"height":256,"chars":[""]},{"type":"bitmap","file":"custom_ui/menus/badges/background_activity.png","ascent":19,"height":256,"chars":[""]},{"type":"bitmap","file":"custom_ui/menus/badges/background_challenge.png","ascent":19,"height":256,"chars":[""]},{"type":"bitmap","file":"custom_ui/menus/overlay_remove.png","ascent":-59,"height":16,"chars":[""]},{"type":"bitmap","file":"custom_ui/menus/overlay_remove.png","ascent":-92,"height":16,"chars":[""]},{"type":"bitmap","file":"custom_ui/menus/overlay_add.png","ascent":-59,"height":16,"chars":[""]},{"type":"bitmap","file":"custom_ui/menus/overlay_add.png","ascent":-92,"height":16,"chars":[""]},{"type":"bitmap","file":"custom_ui/menus/badges/navigation_badges.png","ascent":19,"height":256,"chars":[""]},{"type":"bitmap","file":"custom_ui/menus/prev_page_on.png","ascent":19,"height":256,"chars":[""]},{"type":"bitmap","file":"custom_ui/menus/next_page_on.png","ascent":19,"height":256,"chars":[""]}]}