{"providers":[{"type":"space","advances":{" ":4,"‌":0,"":-177,"":-8,"":8,"":-193,"":-181,"":124,"":-124,"":8,"":-8,"":-90,"":90,"":-166,"":7,"":-7,"":21,"":-21,"":-1,"":-2,"":-4,"":-8,"":-16,"":-32,"":-64,"":-128,"":1,"":2,"":4,"":8,"":16,"":32,"":64,"":128}},{"type":"bitmap","file":"custom_ui/hints/hint_bg.png","ascent":87,"height":88,"chars":[""]},{"type":"bitmap","file":"custom_ui/hints/hint_footer.png","ascent":20,"height":20,"chars":[""]},{"type":"bitmap","file":"custom_ui/hints/hint_timer.png","ascent":6,"height":6,"chars":["","","","","","",""]},{"type":"bitmap","file":"custom_ui/hints/half_face_00.png","ascent":177,"height":192,"chars":[""]},{"type":"bitmap","file":"custom_ui/hints/half_face_01.png","ascent":177,"height":192,"chars":[""]},{"type":"bitmap","file":"custom_ui/hints/half_face_02.png","ascent":177,"height":192,"chars":[""]},{"type":"bitmap","file":"custom_ui/hints/half_face_03.png","ascent":177,"height":192,"chars":[""]},{"type":"bitmap","file":"custom_ui/hints/half_face_00.png","ascent":178,"height":192,"chars":[""]},{"type":"bitmap","file":"custom_ui/hints/half_face_01.png","ascent":178,"height":192,"chars":[""]},{"type":"bitmap","file":"custom_ui/hints/half_face_02.png","ascent":178,"height":192,"chars":[""]},{"type":"bitmap","file":"custom_ui/hints/half_face_03.png","ascent":178,"height":192,"chars":[""]},{"type":"bitmap","file":"custom_ui/hints/half_face_00.png","ascent":179,"height":192,"chars":[""]},{"type":"bitmap","file":"custom_ui/hints/half_face_01.png","ascent":179,"height":192,"chars":[""]},{"type":"bitmap","file":"custom_ui/hints/half_face_02.png","ascent":179,"height":192,"chars":[""]},{"type":"bitmap","file":"custom_ui/hints/half_face_03.png","ascent":179,"height":192,"chars":[""]},{"type":"bitmap","file":"custom_ui/hints/half_face_00.png","ascent":180,"height":192,"chars":[""]},{"type":"bitmap","file":"custom_ui/hints/half_face_01.png","ascent":180,"height":192,"chars":[""]},{"type":"bitmap","file":"custom_ui/hints/half_face_02.png","ascent":180,"height":192,"chars":[""]},{"type":"bitmap","file":"custom_ui/hints/half_face_03.png","ascent":180,"height":192,"chars":[""]},{"type":"bitmap","file":"custom_ui/hints/half_face_00.png","ascent":181,"height":192,"chars":[""]},{"type":"bitmap","file":"custom_ui/hints/half_face_01.png","ascent":181,"height":192,"chars":[""]},{"type":"bitmap","file":"custom_ui/hints/half_face_02.png","ascent":181,"height":192,"chars":[""]},{"type":"bitmap","file":"custom_ui/hints/half_face_03.png","ascent":181,"height":192,"chars":[""]},{"type":"bitmap","file":"custom_ui/hints/half_leg_00.png","ascent":81,"height":96,"chars":[""]},{"type":"bitmap","file":"custom_ui/hints/half_leg_01.png","ascent":81,"height":96,"chars":[""]},{"type":"bitmap","file":"custom_ui/hints/half_leg_02.png","ascent":81,"height":96,"chars":[""]},{"type":"bitmap","file":"custom_ui/hints/half_leg_03.png","ascent":81,"height":96,"chars":[""]},{"type":"bitmap","file":"custom_ui/hints/half_leg_04.png","ascent":81,"height":96,"chars":[""]},{"type":"bitmap","file":"custom_ui/hints/half_leg_00.png","ascent":82,"height":96,"chars":[""]},{"type":"bitmap","file":"custom_ui/hints/half_leg_01.png","ascent":82,"height":96,"chars":[""]},{"type":"bitmap","file":"custom_ui/hints/half_leg_02.png","ascent":82,"height":96,"chars":[""]},{"type":"bitmap","file":"custom_ui/hints/half_leg_03.png","ascent":82,"height":96,"chars":[""]},{"type":"bitmap","file":"custom_ui/hints/half_leg_04.png","ascent":82,"height":96,"chars":[""]},{"type":"bitmap","file":"custom_ui/hints/half_leg_00.png","ascent":83,"height":96,"chars":[""]},{"type":"bitmap","file":"custom_ui/hints/half_leg_01.png","ascent":83,"height":96,"chars":[""]},{"type":"bitmap","file":"custom_ui/hints/half_leg_02.png","ascent":83,"height":96,"chars":[""]},{"type":"bitmap","file":"custom_ui/hints/half_leg_03.png","ascent":83,"height":96,"chars":[""]},{"type":"bitmap","file":"custom_ui/hints/half_leg_04.png","ascent":83,"height":96,"chars":[""]},{"type":"bitmap","file":"custom_ui/hints/half_leg_00.png","ascent":84,"height":96,"chars":[""]},{"type":"bitmap","file":"custom_ui/hints/half_leg_01.png","ascent":84,"height":96,"chars":[""]},{"type":"bitmap","file":"custom_ui/hints/half_leg_02.png","ascent":84,"height":96,"chars":[""]},{"type":"bitmap","file":"custom_ui/hints/half_leg_03.png","ascent":84,"height":96,"chars":[""]},{"type":"bitmap","file":"custom_ui/hints/half_leg_04.png","ascent":84,"height":96,"chars":[""]},{"type":"bitmap","file":"custom_ui/hints/half_leg_00.png","ascent":85,"height":96,"chars":[""]},{"type":"bitmap","file":"custom_ui/hints/half_leg_01.png","ascent":85,"height":96,"chars":[""]},{"type":"bitmap","file":"custom_ui/hints/half_leg_02.png","ascent":85,"height":96,"chars":[""]},{"type":"bitmap","file":"custom_ui/hints/half_leg_03.png","ascent":85,"height":96,"chars":[""]},{"type":"bitmap","file":"custom_ui/hints/half_leg_04.png","ascent":85,"height":96,"chars":[""]}]}