{"credit":"Made with Blockbench","texture_size":[256,256],"textures":{"5":"custom/aether/cosmetic/crate/aerwhale","particle":"custom/aether/cosmetic/crate/aerwhale_trail_1"},"elements":[{"name":"2","from":[7.9225,2.06,4.3825],"to":[18.2225,3.09,11.5925],"rotation":{"angle":-22.5,"axis":"z","origin":[8.4375,2.3175,4.8975]},"faces":{"north":{"uv":[3.9375,3.1875,3.8125,4.4375],"rotation":90,"texture":"#5"},"east":{"uv":[4.9375,3.0625,4.0625,3.1875],"texture":"#5"},"south":{"uv":[0,0.01563,0,0.01563],"rotation":90,"texture":"#5"},"west":{"uv":[4.0625,3.1875,4.9375,3.25],"texture":"#5"},"up":{"uv":[4.0625,4.4375,4.9375,3.1875],"rotation":90,"texture":"#5"},"down":{"uv":[3,4.4375,3.875,3.1875],"rotation":90,"texture":"#5"}}},{"name":"3","from":[7.9225,2.06,10.02175],"to":[18.2225,3.09,10.02175],"rotation":{"angle":-22.5,"axis":"z","origin":[8.4375,2.3175,4.61425]},"faces":{"north":{"uv":[0,0,0,0],"rotation":270,"texture":"#5"},"east":{"uv":[0.03125,0,0,0],"rotation":180,"texture":"#5"},"south":{"uv":[4.9375,3.1875,5.0625,4.4375],"rotation":90,"texture":"#5"},"west":{"uv":[0,0,0,0],"rotation":180,"texture":"#5"},"up":{"uv":[0,0,0.03125,0],"rotation":90,"texture":"#5"},"down":{"uv":[0,0,0,0],"rotation":90,"texture":"#5"}}},{"name":"3 inverted","from":[18.2225,3.09,11.5925],"to":[7.9225,2.06,4.3825],"rotation":{"angle":-22.5,"axis":"z","origin":[8.4375,2.3175,4.8975]},"faces":{"north":{"uv":[0,0.01563,0,0.01563],"rotation":90,"texture":"#5"},"east":{"uv":[4.0625,3.25,4.9375,3.1875],"texture":"#5"},"south":{"uv":[3.8125,3.1875,3.9375,4.4375],"rotation":90,"texture":"#5"},"west":{"uv":[4.9375,3.1875,4.0625,3.0625],"texture":"#5"},"up":{"uv":[3,3.1875,3.875,4.4375],"rotation":90,"texture":"#5"},"down":{"uv":[4.0625,3.1875,4.9375,4.4375],"rotation":90,"texture":"#5"}}}],"display":{"head":{"translation":[0.25,16.75,4.25],"scale":[4,4,4]}},"groups":[{"name":"root","origin":[8,7,2],"color":0,"children":[{"name":"head","origin":[8,7,2],"color":0,"children":[{"name":"eyes","origin":[8,6,-5.75],"color":0,"children":[]},{"name":"horn","origin":[8,15,-11.75],"color":0,"children":[]},{"name":"front_left_fin","origin":[2,2.875,-2],"color":0,"children":[0,1,2]},{"name":"front_right_fin","origin":[14,2.875,-2],"color":0,"children":[]}]},{"name":"body","origin":[8,7,2],"color":0,"children":[{"name":"middle_left_fin","origin":[4,4,4.5],"color":0,"children":[]},{"name":"middle_right_fin","origin":[12,4,4.5],"color":0,"children":[]},{"name":"back_left_fin","origin":[4,4,9.5],"color":0,"children":[]},{"name":"back_right_fin","origin":[12,4,9.5],"color":0,"children":[]},{"name":"tail","origin":[8,9,14],"color":0,"children":[{"name":"tail_fin","origin":[8,9,21.5],"color":0,"children":[]}]}]}]}]}