{"credit":"Made with Blockbench","texture_size":[256,256],"textures":{"5":"custom/aether/cosmetic/crate/aerwhale","particle":"custom/aether/cosmetic/crate/aerwhale_trail_1"},"elements":[{"name":"26","from":[5.425,-0.79,-0.88375],"to":[10.575,3.33,9.41625],"rotation":{"angle":0,"axis":"y","origin":[3.1075,-3.365,-0.62625]},"faces":{"north":{"uv":[5,2.6875,5.625,3.1875],"texture":"#5"},"east":{"uv":[6.875,2.6875,5.625,3.1875],"texture":"#5"},"south":{"uv":[6.875,2.6875,7.5,3.1875],"texture":"#5"},"west":{"uv":[5.625,2.6875,6.875,3.1875],"texture":"#5"},"up":{"uv":[5,2.0625,6.25,2.6875],"rotation":90,"texture":"#5"},"down":{"uv":[7.5,2.0625,6.25,2.6875],"rotation":90,"texture":"#5"}}},{"name":"27","from":[5.425,-0.79,-0.88375],"to":[10.575,3.33,9.41625],"rotation":{"angle":0,"axis":"y","origin":[3.1075,-3.365,-0.62625]},"faces":{"north":{"uv":[13,2.6875,13.625,3.1875],"texture":"#5","tintindex":1},"east":{"uv":[14.875,2.6875,13.625,3.1875],"texture":"#5","tintindex":1},"south":{"uv":[14.875,2.6875,15.5,3.1875],"texture":"#5","tintindex":1},"west":{"uv":[13.625,2.6875,14.875,3.1875],"texture":"#5","tintindex":1},"up":{"uv":[13,2.0625,14.25,2.6875],"rotation":90,"texture":"#5","tintindex":1},"down":{"uv":[15.5,2.0625,14.25,2.6875],"rotation":90,"texture":"#5","tintindex":1}}},{"name":"27","from":[0.79,0.4975,5.81125],"to":[15.21,2.0425,14.05125],"rotation":{"angle":0,"axis":"y","origin":[1.82,0.755,6.06875]},"faces":{"north":{"uv":[3.25,6.625,5,6.8125],"texture":"#5"},"east":{"uv":[3.25,5.4375,3.0625,4.4375],"rotation":90,"texture":"#5"},"south":{"uv":[0,0.03125,0,0.03125],"texture":"#5"},"west":{"uv":[3.25,4.4375,3.0625,5.4375],"rotation":90,"texture":"#5"},"up":{"uv":[3.25,5.4375,5,4.4375],"texture":"#5"},"down":{"uv":[3.25,5.625,5,6.625],"texture":"#5"}}},{"name":"28","from":[0.79,0.4975,11.73375],"to":[15.21,2.0425,11.73375],"rotation":{"angle":0,"axis":"y","origin":[1.82,0.755,5.81125]},"faces":{"north":{"uv":[5,5.40625,3.25,5.59375],"texture":"#5"},"east":{"uv":[0,0,0,0],"rotation":90,"texture":"#5"},"south":{"uv":[3.25,5.40625,5,5.59375],"texture":"#5"},"west":{"uv":[0,0,0,0],"rotation":90,"texture":"#5"},"up":{"uv":[0,0,0,0],"texture":"#5"},"down":{"uv":[0,0,0,0],"texture":"#5"}}},{"name":"28 inverted","from":[15.21,2.0425,14.05125],"to":[0.79,0.4975,5.81125],"rotation":{"angle":0,"axis":"y","origin":[1.82,0.755,6.06875]},"faces":{"north":{"uv":[0,0.03125,0,0.03125],"texture":"#5"},"east":{"uv":[3.0625,4.4375,3.25,5.4375],"rotation":90,"texture":"#5"},"south":{"uv":[3.25,6.8125,5,6.625],"texture":"#5"},"west":{"uv":[3.0625,5.4375,3.25,4.4375],"rotation":90,"texture":"#5"},"up":{"uv":[5,5.625,3.25,6.625],"texture":"#5"},"down":{"uv":[5,5.4375,3.25,4.4375],"texture":"#5"}}}],"display":{"head":{"translation":[0,20.25,34],"scale":[4,4,4]}},"groups":[{"name":"root","origin":[8,7,2],"color":0,"children":[{"name":"head","origin":[8,7,2],"color":0,"children":[{"name":"eyes","origin":[8,6,-5.75],"color":0,"children":[]},{"name":"horn","origin":[8,15,-11.75],"color":0,"children":[]},{"name":"front_left_fin","origin":[2,2.875,-2],"color":0,"children":[]},{"name":"front_right_fin","origin":[14,2.875,-2],"color":0,"children":[]}]},{"name":"body","origin":[8,7,2],"color":0,"children":[{"name":"middle_left_fin","origin":[4,4,4.5],"color":0,"children":[]},{"name":"middle_right_fin","origin":[12,4,4.5],"color":0,"children":[]},{"name":"back_left_fin","origin":[4,4,9.5],"color":0,"children":[]},{"name":"back_right_fin","origin":[12,4,9.5],"color":0,"children":[]},{"name":"tail","origin":[8,9,14],"color":0,"children":[0,1,{"name":"tail_fin","origin":[8,9,21.5],"color":0,"children":[2,3,4]}]}]}]}]}