{"credit":"Made with Blockbench","texture_size":[256,256],"textures":{"5":"custom/aether/cosmetic/crate/aerwhale","6":"custom/aether/cosmetic/crate/aerwhale_trail_1","particle":"custom/aether/cosmetic/crate/aerwhale_trail_0"},"elements":[{"name":"13","from":[7.2275,3.5275,2.6225],"to":[8.7725,11.7675,7.7725],"rotation":{"angle":45,"axis":"x","origin":[7.7425,3.5275,5.1975]},"faces":{"north":{"uv":[2.0625,3.3125,2.25,4.3125],"texture":"#5"},"east":{"uv":[2.875,3.3125,2.25,4.3125],"texture":"#5"},"south":{"uv":[2.875,3.3125,3,4.3125],"texture":"#5"},"west":{"uv":[2.25,3.3125,2.875,4.3125],"texture":"#5"},"up":{"uv":[2.25,3.1875,2.875,3.375],"rotation":90,"texture":"#5"},"down":{"uv":[0,0,0,0],"texture":"#5"}}},{"name":"14","from":[3.88,-2.395,1.85],"to":[12.12,5.33,14.21],"rotation":{"angle":0,"axis":"y","origin":[3.1075,-1.88,2.1075]},"faces":{"north":{"uv":[4,1.6875,5,2.625],"texture":"#5"},"east":{"uv":[6.5,0.125,5,1.0625],"texture":"#5"},"south":{"uv":[6.5,0.125,7.5,1.0625],"texture":"#5"},"west":{"uv":[5,0.125,6.5,1.0625],"texture":"#5"},"up":{"uv":[5,1.0625,6.5,2.0625],"rotation":90,"texture":"#5"},"down":{"uv":[8,2.0625,6.5,1.0625],"rotation":90,"texture":"#5"}}},{"name":"15","from":[3.88,-2.395,1.85],"to":[12.12,5.33,14.21],"rotation":{"angle":0,"axis":"y","origin":[3.1075,-1.88,2.1075]},"faces":{"north":{"uv":[12,1.6875,13,2.625],"texture":"#5","tintindex":1},"east":{"uv":[14.5,0.125,13,1.0625],"texture":"#5","tintindex":1},"south":{"uv":[14.5,0.125,15.5,1.0625],"texture":"#5","tintindex":1},"west":{"uv":[13,0.125,14.5,1.0625],"texture":"#5","tintindex":1},"up":{"uv":[13,1.0625,14.5,2.0625],"rotation":90,"texture":"#5","tintindex":1},"down":{"uv":[16,2.0625,14.5,1.0625],"rotation":90,"texture":"#5","tintindex":1}}},{"name":"15","from":[3.88,5.33,1.85],"to":[12.12,6.36,14.21],"rotation":{"angle":0,"axis":"y","origin":[3.1075,5.845,2.1075]},"faces":{"north":{"uv":[0,0,0,0.03125],"texture":"#5"},"east":{"uv":[6.5,0,5,0.125],"texture":"#5"},"south":{"uv":[0,0,0,0.03125],"texture":"#5"},"west":{"uv":[5,0,6.5,0.125],"texture":"#5"},"up":{"uv":[0,0.03125,0,0.03125],"rotation":90,"texture":"#5"},"down":{"uv":[0,0.03125,0,0.03125],"rotation":90,"texture":"#5"}}},{"name":"17","from":[3.88,-0.85,7.515],"to":[3.88,3.785,18.33],"rotation":{"angle":-22.5,"axis":"y","origin":[3.88,-0.85,7.515]},"faces":{"east":{"uv":[10.5,3.4375,0,8],"texture":"#6"},"west":{"uv":[0,3.4375,10.5,8],"texture":"#6"}}},{"name":"18","from":[12.12,-0.85,7.515],"to":[12.12,3.785,18.33],"rotation":{"angle":22.5,"axis":"y","origin":[12.12,-0.85,7.515]},"faces":{"east":{"uv":[10.5,3.4375,0,8],"texture":"#6"},"west":{"uv":[0,3.4375,10.5,8],"texture":"#6"}}},{"name":"18","from":[-4.875,-2.395,1.85],"to":[4.91,-1.365,7.515],"rotation":{"angle":45,"axis":"z","origin":[4.395,-2.395,2.6225]},"faces":{"north":{"uv":[5.75,3.1875,5.875,4.375],"rotation":270,"texture":"#5"},"east":{"uv":[5.875,3.15625,6.5625,3.1875],"rotation":180,"texture":"#5"},"south":{"uv":[0,0,0,0],"rotation":90,"texture":"#5"},"west":{"uv":[6.5625,4.5,5.875,4.375],"rotation":180,"texture":"#5"},"up":{"uv":[5.875,3.1875,6.5625,4.375],"rotation":90,"texture":"#5"},"down":{"uv":[5.0625,3.1875,5.75,4.375],"rotation":90,"texture":"#5"}}},{"name":"19","from":[-4.875,-2.395,5.7125],"to":[4.91,-1.365,5.7125],"rotation":{"angle":45,"axis":"z","origin":[4.395,-2.395,2.1075]},"faces":{"north":{"uv":[0,0,0,0],"rotation":270,"texture":"#5"},"east":{"uv":[0,0,0,0],"rotation":180,"texture":"#5"},"south":{"uv":[6.5625,3.15625,6.6875,4.34375],"rotation":90,"texture":"#5"},"west":{"uv":[0,0,0,0],"rotation":180,"texture":"#5"},"up":{"uv":[0,0,0,0],"rotation":90,"texture":"#5"},"down":{"uv":[0,0,0,0],"rotation":90,"texture":"#5"}}},{"name":"19 inverted","from":[4.91,-1.365,7.515],"to":[-4.875,-2.395,1.85],"rotation":{"angle":45,"axis":"z","origin":[4.395,-2.395,2.6225]},"faces":{"north":{"uv":[0,0,0,0],"rotation":90,"texture":"#5"},"east":{"uv":[6.5625,4.34375,5.875,4.46875],"rotation":180,"texture":"#5"},"south":{"uv":[5.875,3.15625,5.75,4.34375],"rotation":270,"texture":"#5"},"west":{"uv":[5.875,3.1875,6.5625,3.15625],"rotation":180,"texture":"#5"},"up":{"uv":[5.0625,4.34375,5.75,3.15625],"rotation":90,"texture":"#5"},"down":{"uv":[5.875,4.34375,6.5625,3.15625],"rotation":90,"texture":"#5"}}},{"name":"19","from":[11.09,-2.395,1.85],"to":[20.875,-1.365,7.515],"rotation":{"angle":-45,"axis":"z","origin":[11.605,-2.395,2.6225]},"faces":{"north":{"uv":[5.75,4.375,5.875,3.1875],"rotation":270,"texture":"#5"},"east":{"uv":[5.875,4.5,6.5625,4.375],"rotation":180,"texture":"#5"},"south":{"uv":[0,0,0,0],"rotation":90,"texture":"#5"},"west":{"uv":[6.5625,3.15625,5.875,3.1875],"rotation":180,"texture":"#5"},"up":{"uv":[5.875,4.375,6.5625,3.1875],"rotation":90,"texture":"#5"},"down":{"uv":[5.0625,4.375,5.75,3.1875],"rotation":90,"texture":"#5"}}},{"name":"20","from":[11.09,-2.395,5.7125],"to":[20.875,-1.365,5.7125],"rotation":{"angle":-45,"axis":"z","origin":[11.605,-2.395,2.1075]},"faces":{"north":{"uv":[0,0,0,0],"rotation":270,"texture":"#5"},"east":{"uv":[0,0,0,0],"rotation":180,"texture":"#5"},"south":{"uv":[6.5625,4.34375,6.6875,3.15625],"rotation":90,"texture":"#5"},"west":{"uv":[0,0,0,0],"rotation":180,"texture":"#5"},"up":{"uv":[0,0,0,0],"rotation":90,"texture":"#5"},"down":{"uv":[0,0,0,0],"rotation":90,"texture":"#5"}}},{"name":"19 inverted","from":[20.875,-1.365,7.515],"to":[11.09,-2.395,1.85],"rotation":{"angle":-45,"axis":"z","origin":[11.605,-2.395,2.6225]},"faces":{"north":{"uv":[0,0,0,0],"rotation":90,"texture":"#5"},"east":{"uv":[6.5625,3.1875,5.875,3.15625],"rotation":180,"texture":"#5"},"south":{"uv":[5.875,4.34375,5.75,3.15625],"rotation":270,"texture":"#5"},"west":{"uv":[5.875,4.34375,6.5625,4.46875],"rotation":180,"texture":"#5"},"up":{"uv":[5.0625,3.15625,5.75,4.34375],"rotation":90,"texture":"#5"},"down":{"uv":[5.875,3.15625,6.5625,4.34375],"rotation":90,"texture":"#5"}}},{"name":"22","from":[3.365,-9.605,7.515],"to":[4.395,-1.88,13.18],"rotation":{"angle":-22.5,"axis":"z","origin":[4.395,-2.395,7.7725]},"faces":{"north":{"uv":[5.75,4.5,5.875,5.4375],"texture":"#5"},"east":{"uv":[5.0625,4.5,5.75,5.4375],"texture":"#5"},"south":{"uv":[0,0,0,0],"texture":"#5"},"west":{"uv":[5.875,4.5,6.5625,5.4375],"texture":"#5"},"up":{"uv":[5.875,4.46875,6.5625,4.5],"rotation":90,"texture":"#5"},"down":{"uv":[6.5625,5.5625,5.875,5.4375],"rotation":90,"texture":"#5"}}},{"name":"23","from":[3.365,-9.605,11.3775],"to":[4.395,-1.88,11.3775],"rotation":{"angle":-22.5,"axis":"z","origin":[4.395,-2.395,7.2575]},"faces":{"north":{"uv":[0,0,0,0],"texture":"#5"},"east":{"uv":[0,0,0,0],"texture":"#5"},"south":{"uv":[6.5625,4.46875,6.6875,5.40625],"texture":"#5"},"west":{"uv":[0,0,0,0],"texture":"#5"},"up":{"uv":[0,0,0,0],"rotation":90,"texture":"#5"},"down":{"uv":[0,0,0,0],"rotation":90,"texture":"#5"}}},{"name":"23 inverted","from":[4.395,-1.88,13.18],"to":[3.365,-9.605,7.515],"rotation":{"angle":-22.5,"axis":"z","origin":[4.395,-2.395,7.7725]},"faces":{"north":{"uv":[0,0,0,0],"rotation":180,"texture":"#5"},"east":{"uv":[5.875,5.40625,6.5625,4.46875],"texture":"#5"},"south":{"uv":[5.875,4.46875,5.75,5.40625],"rotation":180,"texture":"#5"},"west":{"uv":[5.0625,5.40625,5.75,4.46875],"texture":"#5"},"up":{"uv":[6.5625,5.40625,5.875,5.53125],"rotation":90,"texture":"#5"},"down":{"uv":[5.875,4.5,6.5625,4.46875],"rotation":90,"texture":"#5"}}},{"name":"23","from":[11.605,-9.605,7.515],"to":[12.635,-1.88,13.18],"rotation":{"angle":22.5,"axis":"z","origin":[11.605,-2.395,7.7725]},"faces":{"north":{"uv":[5.875,4.5,5.75,5.4375],"texture":"#5"},"east":{"uv":[6.5625,4.5,5.875,5.4375],"texture":"#5"},"south":{"uv":[0,0,0,0],"texture":"#5"},"west":{"uv":[5.75,4.5,5.0625,5.4375],"texture":"#5"},"up":{"uv":[5.875,4.5,6.5625,4.46875],"rotation":90,"texture":"#5"},"down":{"uv":[6.5625,5.4375,5.875,5.5625],"rotation":90,"texture":"#5"}}},{"name":"24","from":[11.605,-9.605,11.3775],"to":[12.635,-1.88,11.3775],"rotation":{"angle":22.5,"axis":"z","origin":[11.605,-2.395,7.2575]},"faces":{"north":{"uv":[0,0,0,0],"texture":"#5"},"east":{"uv":[0,0,0,0],"texture":"#5"},"south":{"uv":[6.6875,4.46875,6.5625,5.40625],"texture":"#5"},"west":{"uv":[0,0,0,0],"texture":"#5"},"up":{"uv":[0,0,0,0],"rotation":90,"texture":"#5"},"down":{"uv":[0,0,0,0],"rotation":90,"texture":"#5"}}},{"name":"23 inverted","from":[12.635,-1.88,13.18],"to":[11.605,-9.605,7.515],"rotation":{"angle":22.5,"axis":"z","origin":[11.605,-2.395,7.7725]},"faces":{"north":{"uv":[0,0,0,0],"rotation":180,"texture":"#5"},"east":{"uv":[5.75,5.40625,5.0625,4.46875],"texture":"#5"},"south":{"uv":[5.75,4.46875,5.875,5.40625],"rotation":180,"texture":"#5"},"west":{"uv":[6.5625,5.40625,5.875,4.46875],"texture":"#5"},"up":{"uv":[6.5625,5.53125,5.875,5.40625],"rotation":90,"texture":"#5"},"down":{"uv":[5.875,4.46875,6.5625,4.5],"rotation":90,"texture":"#5"}}},{"name":"16 inverted","from":[12.12,6.36,14.21],"to":[3.88,5.33,1.85],"rotation":{"angle":0,"axis":"y","origin":[3.1075,5.845,2.1075]},"faces":{"north":{"uv":[0,0.03125,0,0],"texture":"#5"},"east":{"uv":[5,0.125,6.5,0],"texture":"#5"},"south":{"uv":[0,0.03125,0,0],"texture":"#5"},"west":{"uv":[6.5,0.125,5,0],"texture":"#5"},"up":{"uv":[0,0.03125,0,0.03125],"rotation":90,"texture":"#5"},"down":{"uv":[0,0.03125,0,0.03125],"rotation":90,"texture":"#5"}}}],"display":{"head":{"translation":[0,17.75,5.25],"scale":[4,4,4]}},"groups":[{"name":"root","origin":[8,7,2],"color":0,"children":[{"name":"head","origin":[8,7,2],"color":0,"children":[{"name":"eyes","origin":[8,6,-5.75],"color":0,"children":[]},{"name":"horn","origin":[8,15,-11.75],"color":0,"children":[]},{"name":"front_left_fin","origin":[2,2.875,-2],"color":0,"children":[]},{"name":"front_right_fin","origin":[14,2.875,-2],"color":0,"children":[]}]},{"name":"body","origin":[8,7,2],"color":0,"children":[0,1,2,3,4,5,{"name":"middle_left_fin","origin":[4,4,4.5],"color":0,"children":[6,7,8,9,10,11]},{"name":"middle_right_fin","origin":[12,4,4.5],"color":0,"children":[]},{"name":"back_left_fin","origin":[4,4,9.5],"color":0,"children":[12,13,14,15,16,17]},{"name":"back_right_fin","origin":[12,4,9.5],"color":0,"children":[]},{"name":"tail","origin":[8,9,14],"color":0,"children":[{"name":"tail_fin","origin":[8,9,21.5],"color":0,"children":[]}]},18]}]}]}