{"credit":"Made with Blockbench","texture_size":[256,256],"textures":{"5":"custom/aether/cosmetic/crate/aerwhale","6":"custom/aether/cosmetic/crate/aerwhale_trail_1","7":"custom/aether/cosmetic/crate/aerwhale_trail_0"},"elements":[{"name":"eye","from":[1.69125,5.4075,-6.42],"to":[14.30875,6.9525,-4.36],"rotation":{"angle":0,"axis":"y","origin":[4.33062,5.4075,-6.1625]},"faces":{"east":{"uv":[3.75,0.25,3.5,0.4375],"texture":"#5","tintindex":1},"west":{"uv":[3.5,0.25,3.75,0.4375],"texture":"#5","tintindex":1}}},{"name":"9","from":[7.35625,10.609,-14.145],"to":[8.38625,26.059,-12.6],"rotation":{"angle":-45,"axis":"x","origin":[7.87125,17.0465,-13.3725]},"faces":{"north":{"uv":[1.25,3.3125,1.1875,5.1875],"texture":"#5"},"east":{"uv":[1.0625,3.3125,1.25,5.1875],"texture":"#5"},"south":{"uv":[1.125,3.3125,1.0625,5.1875],"texture":"#5"},"west":{"uv":[1.25,3.3125,1.0625,5.1875],"texture":"#5"},"up":{"uv":[1.25,3.3125,1.0625,3.375],"rotation":90,"texture":"#5"},"down":{"uv":[0.75,3.15625,0.9375,3.3125],"texture":"#5"}}},{"name":"10","from":[7.35625,16.789,-15.69],"to":[8.38625,20.394,-14.145],"rotation":{"angle":-45,"axis":"x","origin":[7.87125,17.0465,-13.3725]},"faces":{"north":{"uv":[1.4375,4.0625,1.375,4.5],"texture":"#5"},"east":{"uv":[1.25,4.0625,1.4375,4.5],"texture":"#5"},"south":{"uv":[0,0.03125,0,0.03125],"texture":"#5"},"west":{"uv":[1.4375,4.0625,1.25,4.5],"texture":"#5"},"up":{"uv":[1.4375,4.0625,1.25,4.125],"rotation":90,"texture":"#5"},"down":{"uv":[0.5625,3.1875,0.75,3.3125],"rotation":90,"texture":"#5"}}},{"name":"11","from":[7.35625,13.699,-12.6],"to":[8.38625,17.304,-11.055],"rotation":{"angle":-45,"axis":"x","origin":[7.87125,17.0465,-13.3725]},"faces":{"north":{"uv":[0,0,0,0],"texture":"#5"},"east":{"uv":[0.875,4.375,1.0625,4.8125],"texture":"#5"},"south":{"uv":[0.9375,4.375,0.875,4.8125],"texture":"#5"},"west":{"uv":[1.0625,4.375,0.875,4.8125],"texture":"#5"},"up":{"uv":[1.0625,4.375,0.875,4.4375],"rotation":90,"texture":"#5"},"down":{"uv":[1.125,3.1875,0.9375,3.3125],"rotation":90,"texture":"#5"}}},{"name":"4","from":[1.82,2.3175,-13.63],"to":[14.18,12.6175,2.85],"rotation":{"angle":0,"axis":"y","origin":[4.395,2.3175,-13.3725]},"faces":{"north":{"uv":[0,0.4375,1.5,1.6875],"texture":"#5"},"east":{"uv":[3.5,0.4375,1.5,1.6875],"texture":"#5"},"south":{"uv":[3.5,0.4375,5,1.6875],"texture":"#5"},"west":{"uv":[1.5,0.4375,3.5,1.6875],"texture":"#5"},"up":{"uv":[0,1.6875,2,3.1875],"rotation":90,"texture":"#5"},"down":{"uv":[4,3.1875,2,1.6875],"rotation":90,"texture":"#5"}}},{"name":"5","from":[1.82,2.3175,-13.63],"to":[14.18,12.6175,2.85],"rotation":{"angle":0,"axis":"y","origin":[4.395,2.3175,-13.3725]},"faces":{"north":{"uv":[8,0.4375,9.5,1.6875],"texture":"#5","tintindex":1},"east":{"uv":[11.5,0.4375,9.5,1.6875],"texture":"#5","tintindex":1},"south":{"uv":[11.5,0.4375,13,1.6875],"texture":"#5","tintindex":1},"west":{"uv":[9.5,0.4375,11.5,1.6875],"texture":"#5","tintindex":1},"up":{"uv":[8,1.6875,10,3.1875],"rotation":90,"texture":"#5","tintindex":1},"down":{"uv":[12,3.1875,10,1.6875],"rotation":90,"texture":"#5","tintindex":1}}},{"name":"5","from":[7.2275,10.815,-8.48],"to":[8.7725,17.51,-3.845],"rotation":{"angle":45,"axis":"x","origin":[7.485,10.815,-6.42]},"faces":{"north":{"uv":[2.125,4.5,2.3125,5.3125],"texture":"#5"},"east":{"uv":[2.8125,4.5,2.25,5.3125],"texture":"#5"},"south":{"uv":[2.8125,4.5,2.875,5.3125],"texture":"#5"},"west":{"uv":[2.25,4.5,2.8125,5.3125],"texture":"#5"},"up":{"uv":[2.25,4.3125,2.8125,4.5],"rotation":90,"texture":"#5"},"down":{"uv":[0,0,0,0],"texture":"#5"}}},{"name":"7","from":[1.82,12.6175,-13.63],"to":[14.18,16.2225,2.85],"rotation":{"angle":0,"axis":"y","origin":[4.395,12.6175,-13.3725]},"faces":{"north":{"uv":[0,0,1.5,0.4375],"texture":"#5"},"east":{"uv":[3.5,0,1.5,0.4375],"texture":"#5"},"south":{"uv":[0,0,0,0],"texture":"#5"},"west":{"uv":[1.5,0,3.5,0.4375],"texture":"#5"}}},{"name":"8","from":[1.82,6.9525,-6.6775],"to":[1.82,11.0725,0.275],"rotation":{"angle":-22.5,"axis":"y","origin":[1.82,7.33875,-6.6775]},"faces":{"east":{"uv":[13,8,0,16],"texture":"#7"},"west":{"uv":[0,8,13,16],"texture":"#7"}}},{"name":"9","from":[14.18,6.9525,-6.6775],"to":[14.18,11.0725,0.275],"rotation":{"angle":22.5,"axis":"y","origin":[14.18,7.33875,-6.6775]},"faces":{"east":{"uv":[13,8,0,16],"texture":"#7"},"west":{"uv":[0,8,13,16],"texture":"#7"}}},{"name":"2","from":[-8.2225,2.06,-4.6175],"to":[2.0775,3.09,2.5925],"rotation":{"angle":22.5,"axis":"z","origin":[1.5625,2.3175,-4.1025]},"faces":{"north":{"uv":[3.9375,4.4375,3.8125,3.1875],"rotation":90,"texture":"#5"},"east":{"uv":[4.9375,3.1875,4.0625,3.25],"texture":"#5"},"south":{"uv":[0,0.01563,0,0.01563],"rotation":90,"texture":"#5"},"west":{"uv":[4.0625,3.0625,4.9375,3.1875],"texture":"#5"},"up":{"uv":[4.0625,3.1875,4.9375,4.4375],"rotation":90,"texture":"#5"},"down":{"uv":[3,3.1875,3.875,4.4375],"rotation":90,"texture":"#5"}}},{"name":"3","from":[-8.2225,2.06,1.02175],"to":[2.0775,3.09,1.02175],"rotation":{"angle":22.5,"axis":"z","origin":[1.5625,2.3175,-4.38575]},"faces":{"north":{"uv":[0,0,0,0],"rotation":270,"texture":"#5"},"east":{"uv":[0,0,0,0],"rotation":180,"texture":"#5"},"south":{"uv":[4.9375,4.4375,5.0625,3.1875],"rotation":90,"texture":"#5"},"west":{"uv":[0,0,0.03125,0],"rotation":180,"texture":"#5"},"up":{"uv":[0,0,0.03125,0],"rotation":90,"texture":"#5"},"down":{"uv":[0,0,0,0],"rotation":90,"texture":"#5"}}},{"name":"3","from":[13.9225,2.06,-4.6175],"to":[24.2225,3.09,2.5925],"rotation":{"angle":-22.5,"axis":"z","origin":[14.4375,2.3175,-4.1025]},"faces":{"north":{"uv":[3.9375,3.1875,3.8125,4.4375],"rotation":90,"texture":"#5"},"east":{"uv":[4.9375,3.0625,4.0625,3.1875],"texture":"#5"},"south":{"uv":[0,0.01563,0,0.01563],"rotation":90,"texture":"#5"},"west":{"uv":[4.0625,3.1875,4.9375,3.25],"texture":"#5"},"up":{"uv":[4.0625,4.4375,4.9375,3.1875],"rotation":90,"texture":"#5"},"down":{"uv":[3,4.4375,3.875,3.1875],"rotation":90,"texture":"#5"}}},{"name":"4","from":[13.9225,2.06,1.02175],"to":[24.2225,3.09,1.02175],"rotation":{"angle":-22.5,"axis":"z","origin":[14.4375,2.3175,-4.38575]},"faces":{"north":{"uv":[0,0,0,0],"rotation":270,"texture":"#5"},"east":{"uv":[0.03125,0,0,0],"rotation":180,"texture":"#5"},"south":{"uv":[4.9375,3.1875,5.0625,4.4375],"rotation":90,"texture":"#5"},"west":{"uv":[0,0,0,0],"rotation":180,"texture":"#5"},"up":{"uv":[0,0,0.03125,0],"rotation":90,"texture":"#5"},"down":{"uv":[0,0,0,0],"rotation":90,"texture":"#5"}}},{"name":"8 inverted","from":[14.18,16.2225,2.85],"to":[1.82,12.6175,-13.63],"rotation":{"angle":0,"axis":"y","origin":[4.395,12.6175,-13.3725]},"faces":{"north":{"uv":[0,0,0,0],"texture":"#5"},"east":{"uv":[1.5,0.4375,3.5,0],"texture":"#5"},"south":{"uv":[0,0.4375,1.5,0],"texture":"#5"},"west":{"uv":[3.5,0.4375,1.5,0],"texture":"#5"},"up":{"uv":[0,0.03125,0,0.03125],"rotation":90,"texture":"#5"},"down":{"uv":[0,0.03125,0,0.03125],"rotation":90,"texture":"#5"}}},{"name":"13","from":[7.2275,9.5275,3.6225],"to":[8.7725,17.7675,8.7725],"rotation":{"angle":45,"axis":"x","origin":[7.7425,9.5275,6.1975]},"faces":{"north":{"uv":[2.0625,3.3125,2.25,4.3125],"texture":"#5"},"east":{"uv":[2.875,3.3125,2.25,4.3125],"texture":"#5"},"south":{"uv":[2.875,3.3125,3,4.3125],"texture":"#5"},"west":{"uv":[2.25,3.3125,2.875,4.3125],"texture":"#5"},"up":{"uv":[2.25,3.1875,2.875,3.375],"rotation":90,"texture":"#5"},"down":{"uv":[0,0,0,0],"texture":"#5"}}},{"name":"14","from":[3.88,3.605,2.85],"to":[12.12,11.33,15.21],"rotation":{"angle":0,"axis":"y","origin":[3.1075,4.12,3.1075]},"faces":{"north":{"uv":[4,1.6875,5,2.625],"texture":"#5"},"east":{"uv":[6.5,0.125,5,1.0625],"texture":"#5"},"south":{"uv":[6.5,0.125,7.5,1.0625],"texture":"#5"},"west":{"uv":[5,0.125,6.5,1.0625],"texture":"#5"},"up":{"uv":[5,1.0625,6.5,2.0625],"rotation":90,"texture":"#5"},"down":{"uv":[8,2.0625,6.5,1.0625],"rotation":90,"texture":"#5"}}},{"name":"15","from":[3.88,3.605,2.85],"to":[12.12,11.33,15.21],"rotation":{"angle":0,"axis":"y","origin":[3.1075,4.12,3.1075]},"faces":{"north":{"uv":[12,1.6875,13,2.625],"texture":"#5","tintindex":1},"east":{"uv":[14.5,0.125,13,1.0625],"texture":"#5","tintindex":1},"south":{"uv":[14.5,0.125,15.5,1.0625],"texture":"#5","tintindex":1},"west":{"uv":[13,0.125,14.5,1.0625],"texture":"#5","tintindex":1},"up":{"uv":[13,1.0625,14.5,2.0625],"rotation":90,"texture":"#5","tintindex":1},"down":{"uv":[16,2.0625,14.5,1.0625],"rotation":90,"texture":"#5","tintindex":1}}},{"name":"15","from":[3.88,11.33,2.85],"to":[12.12,12.36,15.21],"rotation":{"angle":0,"axis":"y","origin":[3.1075,11.845,3.1075]},"faces":{"north":{"uv":[0,0,0,0.03125],"texture":"#5"},"east":{"uv":[6.5,0,5,0.125],"texture":"#5"},"south":{"uv":[0,0,0,0.03125],"texture":"#5"},"west":{"uv":[5,0,6.5,0.125],"texture":"#5"},"up":{"uv":[0,0.03125,0,0.03125],"rotation":90,"texture":"#5"},"down":{"uv":[0,0.03125,0,0.03125],"rotation":90,"texture":"#5"}}},{"name":"17","from":[3.88,5.15,8.515],"to":[3.88,9.785,19.33],"rotation":{"angle":-22.5,"axis":"y","origin":[3.88,5.15,8.515]},"faces":{"east":{"uv":[10.5,3.4375,0,8],"texture":"#6"},"west":{"uv":[0,3.4375,10.5,8],"texture":"#6"}}},{"name":"18","from":[12.12,5.15,8.515],"to":[12.12,9.785,19.33],"rotation":{"angle":22.5,"axis":"y","origin":[12.12,5.15,8.515]},"faces":{"east":{"uv":[10.5,3.4375,0,8],"texture":"#6"},"west":{"uv":[0,3.4375,10.5,8],"texture":"#6"}}},{"name":"18","from":[-4.875,3.605,2.85],"to":[4.91,4.635,8.515],"rotation":{"angle":0,"axis":"z","origin":[4.395,3.605,3.6225]},"faces":{"north":{"uv":[5.75,3.1875,5.875,4.375],"rotation":270,"texture":"#5"},"east":{"uv":[5.875,3.15625,6.5625,3.1875],"rotation":180,"texture":"#5"},"south":{"uv":[0,0,0,0],"rotation":90,"texture":"#5"},"west":{"uv":[6.5625,4.5,5.875,4.375],"rotation":180,"texture":"#5"},"up":{"uv":[5.875,3.1875,6.5625,4.375],"rotation":90,"texture":"#5"},"down":{"uv":[5.0625,3.1875,5.75,4.375],"rotation":90,"texture":"#5"}}},{"name":"19","from":[-4.875,3.605,6.7125],"to":[4.91,4.635,6.7125],"rotation":{"angle":0,"axis":"z","origin":[4.395,3.605,3.1075]},"faces":{"north":{"uv":[0,0,0,0],"rotation":270,"texture":"#5"},"east":{"uv":[0,0,0,0],"rotation":180,"texture":"#5"},"south":{"uv":[6.5625,3.15625,6.6875,4.34375],"rotation":90,"texture":"#5"},"west":{"uv":[0,0,0,0],"rotation":180,"texture":"#5"},"up":{"uv":[0,0,0,0],"rotation":90,"texture":"#5"},"down":{"uv":[0,0,0,0],"rotation":90,"texture":"#5"}}},{"name":"19 inverted","from":[4.91,4.635,8.515],"to":[-4.875,3.605,2.85],"rotation":{"angle":0,"axis":"z","origin":[4.395,3.605,3.6225]},"faces":{"north":{"uv":[0,0,0,0],"rotation":90,"texture":"#5"},"east":{"uv":[6.5625,4.34375,5.875,4.46875],"rotation":180,"texture":"#5"},"south":{"uv":[5.875,3.15625,5.75,4.34375],"rotation":270,"texture":"#5"},"west":{"uv":[5.875,3.1875,6.5625,3.15625],"rotation":180,"texture":"#5"},"up":{"uv":[5.0625,4.34375,5.75,3.15625],"rotation":90,"texture":"#5"},"down":{"uv":[5.875,4.34375,6.5625,3.15625],"rotation":90,"texture":"#5"}}},{"name":"19","from":[11.09,3.605,2.85],"to":[20.875,4.635,8.515],"rotation":{"angle":0,"axis":"z","origin":[11.605,3.605,3.6225]},"faces":{"north":{"uv":[5.75,4.375,5.875,3.1875],"rotation":270,"texture":"#5"},"east":{"uv":[5.875,4.5,6.5625,4.375],"rotation":180,"texture":"#5"},"south":{"uv":[0,0,0,0],"rotation":90,"texture":"#5"},"west":{"uv":[6.5625,3.15625,5.875,3.1875],"rotation":180,"texture":"#5"},"up":{"uv":[5.875,4.375,6.5625,3.1875],"rotation":90,"texture":"#5"},"down":{"uv":[5.0625,4.375,5.75,3.1875],"rotation":90,"texture":"#5"}}},{"name":"20","from":[11.09,3.605,6.7125],"to":[20.875,4.635,6.7125],"rotation":{"angle":0,"axis":"z","origin":[11.605,3.605,3.1075]},"faces":{"north":{"uv":[0,0,0,0],"rotation":270,"texture":"#5"},"east":{"uv":[0,0,0,0],"rotation":180,"texture":"#5"},"south":{"uv":[6.5625,4.34375,6.6875,3.15625],"rotation":90,"texture":"#5"},"west":{"uv":[0,0,0,0],"rotation":180,"texture":"#5"},"up":{"uv":[0,0,0,0],"rotation":90,"texture":"#5"},"down":{"uv":[0,0,0,0],"rotation":90,"texture":"#5"}}},{"name":"19 inverted","from":[20.875,4.635,8.515],"to":[11.09,3.605,2.85],"rotation":{"angle":0,"axis":"z","origin":[11.605,3.605,3.6225]},"faces":{"north":{"uv":[0,0,0,0],"rotation":90,"texture":"#5"},"east":{"uv":[6.5625,3.1875,5.875,3.15625],"rotation":180,"texture":"#5"},"south":{"uv":[5.875,4.34375,5.75,3.15625],"rotation":270,"texture":"#5"},"west":{"uv":[5.875,4.34375,6.5625,4.46875],"rotation":180,"texture":"#5"},"up":{"uv":[5.0625,3.15625,5.75,4.34375],"rotation":90,"texture":"#5"},"down":{"uv":[5.875,3.15625,6.5625,4.34375],"rotation":90,"texture":"#5"}}},{"name":"22","from":[-2.815,3.605,8.515],"to":[4.91,4.635,14.18],"rotation":{"angle":-22.5,"axis":"z","origin":[4.395,3.605,8.7725]},"faces":{"north":{"uv":[5.75,4.5,5.875,5.4375],"rotation":270,"texture":"#5"},"east":{"uv":[5.875,4.46875,6.5625,4.5],"rotation":180,"texture":"#5"},"south":{"uv":[0,0,0,0],"rotation":90,"texture":"#5"},"west":{"uv":[6.5625,5.5625,5.875,5.4375],"rotation":180,"texture":"#5"},"up":{"uv":[5.875,4.5,6.5625,5.4375],"rotation":90,"texture":"#5"},"down":{"uv":[5.0625,4.5,5.75,5.4375],"rotation":90,"texture":"#5"}}},{"name":"23","from":[-2.815,3.605,12.3775],"to":[4.91,4.635,12.3775],"rotation":{"angle":-22.5,"axis":"z","origin":[4.395,3.605,8.2575]},"faces":{"north":{"uv":[0,0,0,0],"rotation":270,"texture":"#5"},"east":{"uv":[0,0,0,0],"rotation":180,"texture":"#5"},"south":{"uv":[6.5625,4.46875,6.6875,5.40625],"rotation":90,"texture":"#5"},"west":{"uv":[0,0,0,0],"rotation":180,"texture":"#5"},"up":{"uv":[0,0,0,0],"rotation":90,"texture":"#5"},"down":{"uv":[0,0,0,0],"rotation":90,"texture":"#5"}}},{"name":"23 inverted","from":[4.91,4.635,14.18],"to":[-2.815,3.605,8.515],"rotation":{"angle":-22.5,"axis":"z","origin":[4.395,3.605,8.7725]},"faces":{"north":{"uv":[0,0,0,0],"rotation":90,"texture":"#5"},"east":{"uv":[6.5625,5.40625,5.875,5.53125],"rotation":180,"texture":"#5"},"south":{"uv":[5.875,4.46875,5.75,5.40625],"rotation":270,"texture":"#5"},"west":{"uv":[5.875,4.5,6.5625,4.46875],"rotation":180,"texture":"#5"},"up":{"uv":[5.0625,5.40625,5.75,4.46875],"rotation":90,"texture":"#5"},"down":{"uv":[5.875,5.40625,6.5625,4.46875],"rotation":90,"texture":"#5"}}},{"name":"23","from":[11.09,3.605,8.515],"to":[18.815,4.635,14.18],"rotation":{"angle":22.5,"axis":"z","origin":[11.605,3.605,8.7725]},"faces":{"north":{"uv":[5.75,5.4375,5.875,4.5],"rotation":270,"texture":"#5"},"east":{"uv":[5.875,5.5625,6.5625,5.4375],"rotation":180,"texture":"#5"},"south":{"uv":[0,0,0,0],"rotation":90,"texture":"#5"},"west":{"uv":[6.5625,4.46875,5.875,4.5],"rotation":180,"texture":"#5"},"up":{"uv":[5.875,5.4375,6.5625,4.5],"rotation":90,"texture":"#5"},"down":{"uv":[5.0625,5.4375,5.75,4.5],"rotation":90,"texture":"#5"}}},{"name":"24","from":[11.09,3.605,12.3775],"to":[18.815,4.635,12.3775],"rotation":{"angle":22.5,"axis":"z","origin":[11.605,3.605,8.2575]},"faces":{"north":{"uv":[0,0,0,0],"rotation":270,"texture":"#5"},"east":{"uv":[0,0,0,0],"rotation":180,"texture":"#5"},"south":{"uv":[6.5625,5.40625,6.6875,4.46875],"rotation":90,"texture":"#5"},"west":{"uv":[0,0,0,0],"rotation":180,"texture":"#5"},"up":{"uv":[0,0,0,0],"rotation":90,"texture":"#5"},"down":{"uv":[0,0,0,0],"rotation":90,"texture":"#5"}}},{"name":"23 inverted","from":[18.815,4.635,14.18],"to":[11.09,3.605,8.515],"rotation":{"angle":22.5,"axis":"z","origin":[11.605,3.605,8.7725]},"faces":{"north":{"uv":[0,0,0,0],"rotation":90,"texture":"#5"},"east":{"uv":[6.5625,4.5,5.875,4.46875],"rotation":180,"texture":"#5"},"south":{"uv":[5.875,5.40625,5.75,4.46875],"rotation":270,"texture":"#5"},"west":{"uv":[5.875,5.40625,6.5625,5.53125],"rotation":180,"texture":"#5"},"up":{"uv":[5.0625,4.46875,5.75,5.40625],"rotation":90,"texture":"#5"},"down":{"uv":[5.875,4.46875,6.5625,5.40625],"rotation":90,"texture":"#5"}}},{"name":"26","from":[5.425,7.21,15.21],"to":[10.575,11.33,25.51],"rotation":{"angle":0,"axis":"y","origin":[3.1075,4.635,15.4675]},"faces":{"north":{"uv":[5,2.6875,5.625,3.1875],"texture":"#5"},"east":{"uv":[6.875,2.6875,5.625,3.1875],"texture":"#5"},"south":{"uv":[6.875,2.6875,7.5,3.1875],"texture":"#5"},"west":{"uv":[5.625,2.6875,6.875,3.1875],"texture":"#5"},"up":{"uv":[5,2.0625,6.25,2.6875],"rotation":90,"texture":"#5"},"down":{"uv":[7.5,2.0625,6.25,2.6875],"rotation":90,"texture":"#5"}}},{"name":"27","from":[5.425,7.21,15.21],"to":[10.575,11.33,25.51],"rotation":{"angle":0,"axis":"y","origin":[3.1075,4.635,15.4675]},"faces":{"north":{"uv":[13,2.6875,13.625,3.1875],"texture":"#5","tintindex":1},"east":{"uv":[14.875,2.6875,13.625,3.1875],"texture":"#5","tintindex":1},"south":{"uv":[14.875,2.6875,15.5,3.1875],"texture":"#5","tintindex":1},"west":{"uv":[13.625,2.6875,14.875,3.1875],"texture":"#5","tintindex":1},"up":{"uv":[13,2.0625,14.25,2.6875],"rotation":90,"texture":"#5","tintindex":1},"down":{"uv":[15.5,2.0625,14.25,2.6875],"rotation":90,"texture":"#5","tintindex":1}}},{"name":"27","from":[0.79,8.4975,21.905],"to":[15.21,10.0425,30.145],"rotation":{"angle":0,"axis":"y","origin":[1.82,8.755,22.1625]},"faces":{"north":{"uv":[3.25,6.625,5,6.8125],"texture":"#5"},"east":{"uv":[3.25,5.4375,3.0625,4.4375],"rotation":90,"texture":"#5"},"south":{"uv":[0,0.03125,0,0.03125],"texture":"#5"},"west":{"uv":[3.25,4.4375,3.0625,5.4375],"rotation":90,"texture":"#5"},"up":{"uv":[3.25,5.4375,5,4.4375],"texture":"#5"},"down":{"uv":[3.25,5.625,5,6.625],"texture":"#5"}}},{"name":"28","from":[0.79,8.4975,27.8275],"to":[15.21,10.0425,27.8275],"rotation":{"angle":0,"axis":"y","origin":[1.82,8.755,21.905]},"faces":{"north":{"uv":[5,5.40625,3.25,5.59375],"texture":"#5"},"east":{"uv":[0,0,0,0],"rotation":90,"texture":"#5"},"south":{"uv":[3.25,5.40625,5,5.59375],"texture":"#5"},"west":{"uv":[0,0,0,0],"rotation":90,"texture":"#5"},"up":{"uv":[0,0,0,0],"texture":"#5"},"down":{"uv":[0,0,0,0],"texture":"#5"}}},{"name":"28 inverted","from":[15.21,10.0425,30.145],"to":[0.79,8.4975,21.905],"rotation":{"angle":0,"axis":"y","origin":[1.82,8.755,22.1625]},"faces":{"north":{"uv":[0,0.03125,0,0.03125],"texture":"#5"},"east":{"uv":[3.0625,4.4375,3.25,5.4375],"rotation":90,"texture":"#5"},"south":{"uv":[3.25,6.8125,5,6.625],"texture":"#5"},"west":{"uv":[3.0625,5.4375,3.25,4.4375],"rotation":90,"texture":"#5"},"up":{"uv":[5,5.625,3.25,6.625],"texture":"#5"},"down":{"uv":[5,5.4375,3.25,4.4375],"texture":"#5"}}},{"name":"16 inverted","from":[12.12,12.36,15.21],"to":[3.88,11.33,2.85],"rotation":{"angle":0,"axis":"y","origin":[3.1075,11.845,3.1075]},"faces":{"north":{"uv":[0,0.03125,0,0],"texture":"#5"},"east":{"uv":[5,0.125,6.5,0],"texture":"#5"},"south":{"uv":[0,0.03125,0,0],"texture":"#5"},"west":{"uv":[6.5,0.125,5,0],"texture":"#5"},"up":{"uv":[0,0.03125,0,0.03125],"rotation":90,"texture":"#5"},"down":{"uv":[0,0.03125,0,0.03125],"rotation":90,"texture":"#5"}}}],"display":{"head":{"translation":[0,0,20.75],"scale":[4,4,4]}},"groups":[{"name":"root","origin":[8,7,2],"color":0,"children":[{"name":"head","origin":[8,7,2],"color":0,"children":[{"name":"eyes","origin":[8,6,-5.75],"color":0,"children":[0]},{"name":"horn","origin":[8,15,-11.75],"color":0,"children":[1,2,3]},4,5,6,7,8,9,{"name":"front_left_fin","origin":[2,2.875,-2],"color":0,"children":[10,11,12,13]},{"name":"front_right_fin","origin":[14,2.875,-2],"color":0,"children":[]},14]},{"name":"body","origin":[8,7,2],"color":0,"children":[15,16,17,18,19,20,{"name":"middle_left_fin","origin":[4,4,4.5],"color":0,"children":[21,22,23,24,25,26]},{"name":"middle_right_fin","origin":[12,4,4.5],"color":0,"children":[]},{"name":"back_left_fin","origin":[4,4,9.5],"color":0,"children":[27,28,29,30,31,32]},{"name":"back_right_fin","origin":[12,4,9.5],"color":0,"children":[]},{"name":"tail","origin":[8,9,14],"color":0,"children":[33,34,{"name":"tail_fin","origin":[8,9,21.5],"color":0,"children":[35,36,37]}]},38]}]}]}