{"credit":"Made with Blockbench","texture_size":[256,256],"textures":{"3":"custom/aether/cosmetic/crate/aerwhale_laser","5":"custom/aether/cosmetic/crate/aerwhale","7":"custom/aether/cosmetic/crate/aerwhale_trail_0","particle":"custom/aether/cosmetic/crate/aerwhale_laser"},"elements":[{"name":"eye","from":[1.69125,3.4075,14.58],"to":[14.30875,4.9525,16.64],"rotation":{"angle":0,"axis":"y","origin":[4.33062,3.4075,14.8375]},"faces":{"east":{"uv":[3.75,0.25,3.5,0.4375],"texture":"#5","tintindex":1},"west":{"uv":[3.5,0.25,3.75,0.4375],"texture":"#5","tintindex":1}}},{"name":"9","from":[7.485,8.609,6.855],"to":[8.515,24.059,8.4],"rotation":{"angle":-45,"axis":"x","origin":[8,15.0465,7.6275]},"faces":{"north":{"uv":[1.25,3.3125,1.1875,5.1875],"texture":"#5"},"east":{"uv":[1.0625,3.3125,1.25,5.1875],"texture":"#5"},"south":{"uv":[1.125,3.3125,1.0625,5.1875],"texture":"#5"},"west":{"uv":[1.25,3.3125,1.0625,5.1875],"texture":"#5"},"up":{"uv":[1.25,3.3125,1.0625,3.375],"rotation":90,"texture":"#5"},"down":{"uv":[0.75,3.15625,0.9375,3.3125],"texture":"#5"}}},{"name":"10","from":[7.485,14.789,5.31],"to":[8.515,18.394,6.855],"rotation":{"angle":-45,"axis":"x","origin":[8,15.0465,7.6275]},"faces":{"north":{"uv":[1.4375,4.0625,1.375,4.5],"texture":"#5"},"east":{"uv":[1.25,4.0625,1.4375,4.5],"texture":"#5"},"south":{"uv":[0,0.03125,0,0.03125],"texture":"#5"},"west":{"uv":[1.4375,4.0625,1.25,4.5],"texture":"#5"},"up":{"uv":[1.4375,4.0625,1.25,4.125],"rotation":90,"texture":"#5"},"down":{"uv":[0.5625,3.1875,0.75,3.3125],"rotation":90,"texture":"#5"}}},{"name":"11","from":[7.485,11.699,8.4],"to":[8.515,15.304,9.945],"rotation":{"angle":-45,"axis":"x","origin":[8,15.0465,7.6275]},"faces":{"north":{"uv":[0,0,0,0],"texture":"#5"},"east":{"uv":[0.875,4.375,1.0625,4.8125],"texture":"#5"},"south":{"uv":[0.9375,4.375,0.875,4.8125],"texture":"#5"},"west":{"uv":[1.0625,4.375,0.875,4.8125],"texture":"#5"},"up":{"uv":[1.0625,4.375,0.875,4.4375],"rotation":90,"texture":"#5"},"down":{"uv":[1.125,3.1875,0.9375,3.3125],"rotation":90,"texture":"#5"}}},{"name":"4","from":[1.82,0.3175,7.37],"to":[14.18,10.6175,23.85],"rotation":{"angle":0,"axis":"y","origin":[4.395,0.3175,7.6275]},"faces":{"north":{"uv":[0,0.4375,1.5,1.6875],"texture":"#5"},"east":{"uv":[3.5,0.4375,1.5,1.6875],"texture":"#5"},"south":{"uv":[3.5,0.4375,5,1.6875],"texture":"#5"},"west":{"uv":[1.5,0.4375,3.5,1.6875],"texture":"#5"},"up":{"uv":[0,1.6875,2,3.1875],"rotation":90,"texture":"#5"},"down":{"uv":[4,3.1875,2,1.6875],"rotation":90,"texture":"#5"}}},{"name":"5","from":[1.82,0.3175,7.37],"to":[14.18,10.6175,23.85],"rotation":{"angle":0,"axis":"y","origin":[4.395,0.3175,7.6275]},"faces":{"north":{"uv":[8,0.4375,9.5,1.6875],"texture":"#5","tintindex":1},"east":{"uv":[11.5,0.4375,9.5,1.6875],"texture":"#5","tintindex":1},"south":{"uv":[11.5,0.4375,13,1.6875],"texture":"#5","tintindex":1},"west":{"uv":[9.5,0.4375,11.5,1.6875],"texture":"#5","tintindex":1},"up":{"uv":[8,1.6875,10,3.1875],"rotation":90,"texture":"#5","tintindex":1},"down":{"uv":[12,3.1875,10,1.6875],"rotation":90,"texture":"#5","tintindex":1}}},{"name":"5","from":[7.2275,8.815,12.52],"to":[8.7725,15.51,17.155],"rotation":{"angle":45,"axis":"x","origin":[7.485,8.815,14.58]},"faces":{"north":{"uv":[2.125,4.5,2.3125,5.3125],"texture":"#5"},"east":{"uv":[2.8125,4.5,2.25,5.3125],"texture":"#5"},"south":{"uv":[2.8125,4.5,2.875,5.3125],"texture":"#5"},"west":{"uv":[2.25,4.5,2.8125,5.3125],"texture":"#5"},"up":{"uv":[2.25,4.3125,2.8125,4.5],"rotation":90,"texture":"#5"},"down":{"uv":[0,0,0,0],"texture":"#5"}}},{"name":"7","from":[1.82,10.6175,7.37],"to":[14.18,14.2225,23.85],"rotation":{"angle":0,"axis":"y","origin":[4.395,10.6175,7.6275]},"faces":{"north":{"uv":[0,0,1.5,0.4375],"texture":"#5"},"east":{"uv":[3.5,0,1.5,0.4375],"texture":"#5"},"south":{"uv":[0,0,0,0],"texture":"#5"},"west":{"uv":[1.5,0,3.5,0.4375],"texture":"#5"}}},{"name":"8","from":[1.82,4.9525,14.3225],"to":[1.82,9.0725,21.275],"rotation":{"angle":-22.5,"axis":"y","origin":[1.82,5.33875,14.3225]},"faces":{"east":{"uv":[13,8,0,16],"texture":"#7"},"west":{"uv":[0,8,13,16],"texture":"#7"}}},{"name":"9","from":[14.18,4.9525,14.3225],"to":[14.18,9.0725,21.275],"rotation":{"angle":22.5,"axis":"y","origin":[14.18,5.33875,14.3225]},"faces":{"east":{"uv":[13,8,0,16],"texture":"#7"},"west":{"uv":[0,8,13,16],"texture":"#7"}}},{"name":"8 inverted","from":[14.18,14.2225,23.85],"to":[1.82,10.6175,7.37],"rotation":{"angle":0,"axis":"y","origin":[4.395,10.6175,7.6275]},"faces":{"north":{"uv":[0,0,0,0],"texture":"#5"},"east":{"uv":[1.5,0.4375,3.5,0],"texture":"#5"},"south":{"uv":[0,0.4375,1.5,0],"texture":"#5"},"west":{"uv":[3.5,0.4375,1.5,0],"texture":"#5"},"up":{"uv":[0,0.03125,0,0.03125],"rotation":90,"texture":"#5"},"down":{"uv":[0,0.03125,0,0.03125],"rotation":90,"texture":"#5"}}},{"from":[-5,-4,-16],"to":[21,22,9],"rotation":{"angle":0,"axis":"y","origin":[0,0,-16]},"faces":{"north":{"uv":[4.125,0,9.125,5],"texture":"#3","tintindex":1},"east":{"uv":[14,0,9.25,5],"texture":"#3","tintindex":1},"west":{"uv":[9.25,0,14,5],"texture":"#3","tintindex":1},"up":{"uv":[9.25,0,14,5],"rotation":90,"texture":"#3","tintindex":1},"down":{"uv":[14,5,9.25,0],"rotation":90,"texture":"#3","tintindex":1}}},{"from":[-3,-2,9],"to":[19,20,22],"rotation":{"angle":0,"axis":"y","origin":[0,0,-16]},"faces":{"east":{"uv":[2.625,5.125,0.125,9.375],"texture":"#3","tintindex":1},"west":{"uv":[0.125,5.125,2.625,9.375],"texture":"#3","tintindex":1},"up":{"uv":[0.125,5.125,2.625,9.375],"rotation":90,"texture":"#3","tintindex":1},"down":{"uv":[2.625,5.125,0.125,9.375],"rotation":90,"texture":"#3","tintindex":1}}},{"from":[-1,0,22],"to":[17,18,32],"rotation":{"angle":0,"axis":"y","origin":[0,0,-16]},"faces":{"east":{"uv":[4.75,5.125,2.75,8.625],"texture":"#3","tintindex":1},"west":{"uv":[2.75,5.125,4.75,8.625],"texture":"#3","tintindex":1},"up":{"uv":[2.75,5.125,4.75,8.625],"rotation":90,"texture":"#3","tintindex":1},"down":{"uv":[4.75,8.625,2.75,5.125],"rotation":90,"texture":"#3","tintindex":1}}},{"name":"cube inverted","from":[21,22,9],"to":[-5,-4,-16],"rotation":{"angle":0,"axis":"y","origin":[0,0,-16]},"faces":{"east":{"uv":[9.25,5,14,0],"texture":"#3","tintindex":1},"south":{"uv":[4.125,5,9.125,0],"texture":"#3","tintindex":1},"west":{"uv":[14,5,9.25,0],"texture":"#3","tintindex":1},"up":{"uv":[14,0,9.25,5],"rotation":90,"texture":"#3","tintindex":1},"down":{"uv":[9.25,5,14,0],"rotation":90,"texture":"#3","tintindex":1}}},{"name":"cube inverted","from":[17,18,32],"to":[-1,0,22],"rotation":{"angle":0,"axis":"y","origin":[0,0,-16]},"faces":{"east":{"uv":[2.75,8.625,4.75,5.125],"texture":"#3","tintindex":1},"west":{"uv":[4.75,8.625,2.75,5.125],"texture":"#3","tintindex":1},"up":{"uv":[4.75,5.125,2.75,8.625],"rotation":90,"texture":"#3","tintindex":1},"down":{"uv":[2.75,8.625,4.75,5.125],"rotation":90,"texture":"#3","tintindex":1}}},{"name":"cube inverted","from":[19,20,22],"to":[-3,-2,9],"rotation":{"angle":0,"axis":"y","origin":[0,0,-16]},"faces":{"east":{"uv":[0.125,9.375,2.625,5.125],"texture":"#3","tintindex":1},"west":{"uv":[2.625,9.375,0.125,5.125],"texture":"#3","tintindex":1},"up":{"uv":[2.625,9.375,0.125,5.125],"rotation":90,"texture":"#3","tintindex":1},"down":{"uv":[0.125,9.375,2.625,5.125],"rotation":90,"texture":"#3","tintindex":1}}},{"from":[8,6.09315,-14.4939],"to":[8,8.59315,6.84924],"rotation":{"angle":-45,"axis":"x","origin":[8,7.34315,-14.65685]},"faces":{"east":{"uv":[4,4.4902,3.375,0],"rotation":90,"texture":"#3","tintindex":1},"west":{"uv":[3.375,0,4,4.4902],"rotation":90,"texture":"#3","tintindex":1}}},{"from":[6.75,7.34315,-14.4939],"to":[9.25,7.34315,6.84924],"rotation":{"angle":-45,"axis":"x","origin":[8,7.34315,-14.65685]},"faces":{"up":{"uv":[3.375,4.39645,4,0],"texture":"#3","tintindex":1},"down":{"uv":[3.375,0,4,4.39645],"texture":"#3","tintindex":1}}},{"from":[6.5,2,13],"to":[9.5,18,19],"rotation":{"angle":-45,"axis":"x","origin":[1.5,1,1]},"faces":{"east":{"uv":[0,0,1.375,3.5],"texture":"#3","tintindex":1},"west":{"uv":[0,0,1.375,3.5],"texture":"#3","tintindex":1}}},{"name":"cube inverted","from":[9.5,18,19],"to":[6.5,2,13],"rotation":{"angle":-45,"axis":"x","origin":[1.5,1,1]},"faces":{"east":{"uv":[0,3.5,1.375,0],"texture":"#3","tintindex":1},"west":{"uv":[0,3.5,1.375,0],"texture":"#3","tintindex":1}}},{"from":[4,18.75,0.5],"to":[12,26.75,0.5],"rotation":{"angle":-45,"axis":"y","origin":[8,22.75,0.5]},"faces":{"north":{"uv":[1.5,0,3.25,1.75],"texture":"#3","tintindex":1},"east":{"uv":[0,0,0,0.5],"texture":"#missing","tintindex":1},"south":{"uv":[1.5,0,3.25,1.75],"texture":"#3","tintindex":1},"west":{"uv":[0,0,0,0.5],"texture":"#missing","tintindex":1},"up":{"uv":[0,0,0.5,0],"texture":"#missing","tintindex":1},"down":{"uv":[0,0,0.5,0],"texture":"#missing","tintindex":1}}},{"from":[8,18.75,-3.5],"to":[8,26.75,4.5],"rotation":{"angle":-45,"axis":"y","origin":[8,22.75,0.5]},"faces":{"east":{"uv":[1.5,0,3.25,1.75],"texture":"#3","tintindex":1},"west":{"uv":[1.5,0,3.25,1.75],"texture":"#3","tintindex":1}}}],"display":{"head":{"translation":[0,5.25,-63.75],"scale":[4,4,4]}},"groups":[{"name":"root","origin":[8,7,2],"color":0,"children":[{"name":"head","origin":[8,7,2],"color":0,"children":[{"name":"eyes","origin":[8,6,-5.75],"color":0,"children":[0]},{"name":"horn","origin":[8,15,-11.75],"color":0,"children":[1,2,3]},4,5,6,7,8,9,{"name":"front_left_fin","origin":[2,2.875,-2],"color":0,"children":[]},{"name":"front_right_fin","origin":[14,2.875,-2],"color":0,"children":[]},10]},{"name":"body","origin":[8,7,2],"color":0,"children":[{"name":"middle_left_fin","origin":[4,4,4.5],"color":0,"children":[]},{"name":"middle_right_fin","origin":[12,4,4.5],"color":0,"children":[]},{"name":"back_left_fin","origin":[4,4,9.5],"color":0,"children":[]},{"name":"back_right_fin","origin":[12,4,9.5],"color":0,"children":[]},{"name":"tail","origin":[8,9,14],"color":0,"children":[{"name":"tail_fin","origin":[8,9,21.5],"color":0,"children":[]}]}]}]},11,12,13,14,15,16,17,18,19,20,21,22]}