{"credit":"Made with Blockbench","texture_size":[64,64],"textures":{"0":"custom/aether/cosmetic/crate/bolt_aura","1":"custom/aether/cosmetic/crate/bolt_aura_small","particle":"custom/aether/cosmetic/crate/bolt_aura"},"elements":[{"from":[-16,-16,18],"to":[32,32,18],"rotation":{"angle":22.5,"axis":"x","origin":[8,8,18]},"faces":{"north":{"uv":[4,0,16,12],"texture":"#0","tintindex":1},"south":{"uv":[4,0,16,12],"texture":"#0","tintindex":1}}},{"from":[-8,5,8],"to":[-3,21,8],"rotation":{"angle":45,"axis":"z","origin":[-5.5,13,8]},"faces":{"north":{"uv":[0,16,5,0],"texture":"#1","tintindex":1},"south":{"uv":[0,16,5,0],"texture":"#1","tintindex":1}}},{"from":[-13.5,0.75,13],"to":[2.5,5.75,13],"rotation":{"angle":45,"axis":"y","origin":[-5.5,3.25,13]},"faces":{"north":{"uv":[6,16,11,0],"rotation":90,"texture":"#1","tintindex":1},"south":{"uv":[6,16,11,0],"rotation":270,"texture":"#1","tintindex":1}}},{"from":[-12.5,-14.75,2.5],"to":[3.5,-14.75,7.5],"rotation":{"angle":0,"axis":"y","origin":[-4.5,-14.75,5]},"faces":{"up":{"uv":[6,16,11,0],"rotation":270,"texture":"#1","tintindex":1},"down":{"uv":[6,16,11,0],"rotation":270,"texture":"#1","tintindex":1}}},{"from":[-7.5,-14.75,-6.5],"to":[8.5,-14.75,-1.5],"rotation":{"angle":-45,"axis":"y","origin":[0.5,-14.75,-4]},"faces":{"up":{"uv":[11,16,16,0],"rotation":270,"texture":"#1","tintindex":1},"down":{"uv":[11,16,16,0],"rotation":270,"texture":"#1","tintindex":1}}},{"from":[-7.5,-14.75,13.5],"to":[8.5,-14.75,18.5],"rotation":{"angle":45,"axis":"y","origin":[0.5,-14.75,16]},"faces":{"up":{"uv":[5,16,0,0],"rotation":270,"texture":"#1","tintindex":1},"down":{"uv":[5,16,0,0],"rotation":270,"texture":"#1","tintindex":1}}},{"from":[12.5,-14.75,2.5],"to":[28.5,-14.75,7.5],"rotation":{"angle":0,"axis":"y","origin":[20.5,-14.75,5]},"faces":{"up":{"uv":[0,0,5,16],"rotation":270,"texture":"#1","tintindex":1},"down":{"uv":[0,0,5,16],"rotation":270,"texture":"#1","tintindex":1}}},{"from":[7.5,-14.75,-6.5],"to":[23.5,-14.75,-1.5],"rotation":{"angle":45,"axis":"y","origin":[15.5,-14.75,-4]},"faces":{"up":{"uv":[6,0,11,16],"rotation":270,"texture":"#1","tintindex":1},"down":{"uv":[6,0,11,16],"rotation":270,"texture":"#1","tintindex":1}}},{"from":[7.5,-14.75,13.5],"to":[23.5,-14.75,18.5],"rotation":{"angle":-45,"axis":"y","origin":[15.5,-14.75,16]},"faces":{"up":{"uv":[16,0,11,16],"rotation":270,"texture":"#1","tintindex":1},"down":{"uv":[16,0,11,16],"rotation":270,"texture":"#1","tintindex":1}}},{"from":[13.5,0.75,13],"to":[29.5,5.75,13],"rotation":{"angle":-45,"axis":"y","origin":[21.5,3.25,13]},"faces":{"north":{"uv":[11,0,16,16],"rotation":90,"texture":"#1","tintindex":1},"south":{"uv":[11,0,16,16],"rotation":270,"texture":"#1","tintindex":1}}},{"from":[19,5,8],"to":[24,21,8],"rotation":{"angle":-45,"axis":"z","origin":[21.5,13,8]},"faces":{"north":{"uv":[11,16,6,0],"texture":"#1","tintindex":1},"south":{"uv":[11,16,6,0],"texture":"#1","tintindex":1}}}],"gui_light":"front","display":{"ground":{"translation":[0,5,0],"scale":[0.23,0.23,0.23]},"gui":{"scale":[0.33,0.33,0.33]},"head":{"translation":[0,-52,1.5],"scale":[1.6,1.6,1.6]}}}