{"credit":"Made with Blockbench","texture_size":[32,32],"textures":{"0":"custom/aether/decoration/crate/floating_cloud","2":"custom/aether/cosmetic/crate/cloud_particles","3":"custom/aether/cosmetic/crate/cloud_particles_alt","4":"custom/aether/cosmetic/crate/cloud_wind_slow","particle":"custom/aether/decoration/crate/floating_cloud"},"elements":[{"from":[-2.16025,-2.6607,-13.712],"to":[16.68775,2.0513,-4.288],"rotation":{"angle":0,"axis":"y","origin":[8,-11.05697,-9]},"faces":{"north":{"uv":[0,14.5,4,15.5],"texture":"#0","tintindex":1},"east":{"uv":[4.25,14.5,6.25,15.5],"texture":"#0","tintindex":1},"south":{"uv":[4,14.5,0,15.5],"texture":"#0","tintindex":1},"west":{"uv":[4.25,14.5,6.25,15.5],"texture":"#0","tintindex":1},"up":{"uv":[8.375,12.375,12.375,14.375],"texture":"#0","tintindex":1},"down":{"uv":[8.25,14.375,4.25,12.375],"texture":"#0","tintindex":1}}},{"from":[2.76375,-1.6607,-4.288],"to":[12.18775,2.0513,4.56],"rotation":{"angle":0,"axis":"y","origin":[7.47575,-11.05697,-3.12775]},"faces":{"east":{"uv":[4.25,14.5,6.25,15.5],"texture":"#0","tintindex":1},"south":{"uv":[4.25,14.5,6.25,15.5],"texture":"#0","tintindex":1},"west":{"uv":[4.25,14.5,6.25,15.5],"texture":"#0","tintindex":1},"up":{"uv":[10.5,12.375,8.375,14.375],"rotation":90,"texture":"#0","tintindex":1},"down":{"uv":[7,14.375,4.875,12.375],"rotation":270,"texture":"#0","tintindex":1}}},{"from":[3.72975,-4.98726,-13.712],"to":[13.74275,-2.63124,-4.288],"rotation":{"angle":0,"axis":"y","origin":[8,-11.05697,-9]},"faces":{"north":{"uv":[0.625,15.5,2.75,16],"texture":"#0","tintindex":1},"east":{"uv":[3,15.5,5,16],"texture":"#0","tintindex":1},"south":{"uv":[2.75,15.5,0.625,16],"texture":"#0","tintindex":1},"west":{"uv":[3,15.5,5,16],"texture":"#0","tintindex":1},"down":{"uv":[4.875,12.375,7,14.375],"texture":"#0","tintindex":1}}},{"from":[-3,-5,-4],"to":[-3,3,20],"rotation":{"angle":-22.5,"axis":"y","origin":[-3,-1,8]},"faces":{"east":{"uv":[12.25,0,0,3.5],"texture":"#4","tintindex":1},"west":{"uv":[0,0,12.25,3.5],"texture":"#4","tintindex":1}}},{"from":[19,-5,-4],"to":[19,3,20],"rotation":{"angle":22.5,"axis":"y","origin":[19,-1,8]},"faces":{"east":{"uv":[12.25,4,0,7.5],"texture":"#4","tintindex":1},"west":{"uv":[0,4,12.25,7.5],"texture":"#4","tintindex":1}}},{"from":[-1,-1,4],"to":[7,-1,28],"rotation":{"angle":-22.5,"axis":"y","origin":[3,-1,16]},"faces":{"up":{"uv":[0,7.5,12.25,4],"rotation":90,"texture":"#4","tintindex":1},"down":{"uv":[12.25,7.5,0,4],"rotation":90,"texture":"#4","tintindex":1}}},{"from":[9,-1,4],"to":[17,-1,28],"rotation":{"angle":22.5,"axis":"y","origin":[13,-1,16]},"faces":{"up":{"uv":[0,0,12.25,3.5],"rotation":90,"texture":"#4","tintindex":1},"down":{"uv":[12.25,0,0,3.5],"rotation":90,"texture":"#4","tintindex":1}}},{"from":[12.5,2,-6.5],"to":[21.5,11,-6.5],"rotation":{"angle":-45,"axis":"y","origin":[17,6.5,-6.5]},"faces":{"north":{"uv":[9,7,0,16],"texture":"#2","tintindex":1},"south":{"uv":[0,7,9,16],"texture":"#2","tintindex":1}}},{"from":[17,-4,-3.75],"to":[17,5,5.25],"rotation":{"angle":45,"axis":"x","origin":[17,0.5,0.75]},"faces":{"east":{"uv":[9,7,0,16],"texture":"#3","tintindex":1},"west":{"uv":[0,7,9,16],"texture":"#3","tintindex":1}}},{"from":[-2.425,-4,-3.5],"to":[-2.425,5,5.5],"rotation":{"angle":45,"axis":"x","origin":[-2.425,0.5,1]},"faces":{"east":{"uv":[9,7,0,16],"texture":"#2","tintindex":1},"west":{"uv":[0,7,9,16],"texture":"#2","tintindex":1}}},{"from":[-5.5,2,-6.5],"to":[3.5,11,-6.5],"rotation":{"angle":45,"axis":"y","origin":[-1,6.5,-6.5]},"faces":{"north":{"uv":[0,7,9,16],"texture":"#3","tintindex":1},"south":{"uv":[9,7,0,16],"texture":"#3","tintindex":1}}}],"display":{"thirdperson_righthand":{"rotation":[90,0,0],"translation":[1.5,-29.5,26.5],"scale":[2,2,2]},"thirdperson_lefthand":{"rotation":[64,108,0],"translation":[0,2,2],"scale":[0.22,0.22,0.22]},"firstperson_righthand":{"rotation":[0,-40,-8],"translation":[1,4.75,0],"scale":[0.24,0.24,0.24]},"firstperson_lefthand":{"rotation":[0,45,3],"translation":[1,4.75,0],"scale":[0.24,0.24,0.24]},"ground":{"translation":[0,6.25,0],"scale":[0.25,0.25,0.25]},"gui":{"rotation":[22,17,17],"translation":[-0.5,2,0],"scale":[0.29,0.29,0.29]},"head":{"translation":[0,19.25,-0.5],"scale":[2.75,2.75,2.75]},"fixed":{"rotation":[-90,0,0],"translation":[0,0,-52],"scale":[4,4,4]}}}