{"credit":"Made with Blockbench","texture_size":[32,32],"textures":{"0":"custom/aether/cosmetic/crate/cloud_wings","1":"custom/aether/cosmetic/crate/cloud_wind","3":"custom/aether/cosmetic/crate/cloud_particles_alt","4":"custom/aether/cosmetic/crate/cloud_particles","particle":"custom/aether/cosmetic/crate/cloud_wings"},"elements":[{"from":[12.25,0,-3.25],"to":[12.75,4.5,4.75],"rotation":{"angle":22.5,"axis":"y","origin":[12.5,3.75,2.25]},"faces":{"north":{"uv":[0.5,4,0,8.5],"texture":"#0","tintindex":1},"east":{"uv":[8,4,0,8.5],"texture":"#0","tintindex":1},"west":{"uv":[0,4,8,8.5],"texture":"#0","tintindex":1},"up":{"uv":[0,4,8,4.5],"rotation":90,"texture":"#0","tintindex":1},"down":{"uv":[0,8,8,8.5],"rotation":270,"texture":"#0","tintindex":1}}},{"from":[11.75,-1,-3.25],"to":[13.25,2.5,0.25],"rotation":{"angle":22.5,"axis":"y","origin":[12.5,3.75,2.25]},"faces":{"north":{"uv":[1.5,10.5,0,14],"texture":"#0","tintindex":1},"east":{"uv":[3.5,6,0,9.5],"texture":"#0","tintindex":1},"south":{"uv":[5.5,10.5,4,14],"texture":"#0","tintindex":1},"west":{"uv":[0,6,3.5,9.5],"texture":"#0","tintindex":1},"up":{"uv":[1,11,4.5,9.5],"rotation":90,"texture":"#0","tintindex":1},"down":{"uv":[1,15,4.5,13.5],"rotation":270,"texture":"#0","tintindex":1}}},{"from":[11.75,-0.5,1.25],"to":[13.25,2.5,4.25],"rotation":{"angle":22.5,"axis":"y","origin":[12.5,3.75,2.25]},"faces":{"north":{"uv":[7,10.5,5.5,13.5],"texture":"#0","tintindex":1},"east":{"uv":[7.5,6,4.5,9],"texture":"#0","tintindex":1},"south":{"uv":[10.5,10.5,9,13.5],"texture":"#0","tintindex":1},"west":{"uv":[4.5,6,7.5,9],"texture":"#0","tintindex":1},"up":{"uv":[6.5,9.5,9.5,11],"rotation":90,"texture":"#0","tintindex":1},"down":{"uv":[6.5,9.5,9.5,11],"rotation":270,"texture":"#0","tintindex":1}}},{"from":[12.25,5,3.75],"to":[12.75,8.5,8.25],"rotation":{"angle":22.5,"axis":"y","origin":[12.5,3.75,2.25]},"faces":{"north":{"uv":[7.5,0,7,3.5],"texture":"#0","tintindex":1},"east":{"uv":[11.5,0,7,3.5],"texture":"#0","tintindex":1},"south":{"uv":[11.5,0,11,3.5],"texture":"#0","tintindex":1},"west":{"uv":[7,0,11.5,3.5],"texture":"#0","tintindex":1},"up":{"uv":[11.5,0,7,0.5],"rotation":90,"texture":"#0","tintindex":1},"down":{"uv":[7,3,11.5,3.5],"rotation":270,"texture":"#0","tintindex":1}}},{"from":[12.25,0.5,4.75],"to":[12.75,4.5,7.25],"rotation":{"angle":22.5,"axis":"y","origin":[12.5,3.75,2.25]},"faces":{"north":{"uv":[8.5,4,8,8],"texture":"#0","tintindex":1},"east":{"uv":[10.5,4,8,8],"texture":"#0","tintindex":1},"south":{"uv":[10.5,4,10,8],"texture":"#0","tintindex":1},"west":{"uv":[8,4,10.5,8],"texture":"#0","tintindex":1},"up":{"uv":[8,4,10.5,4.5],"rotation":90,"texture":"#0","tintindex":1},"down":{"uv":[10.5,7.5,8,8],"rotation":270,"texture":"#0","tintindex":1}}},{"from":[12.25,1,3.75],"to":[12.75,5,6.25],"rotation":{"angle":22.5,"axis":"y","origin":[12.5,3.75,2.25]},"faces":{"north":{"uv":[7.5,3.5,7,7.5],"texture":"#0","tintindex":1},"east":{"uv":[9.5,3.5,7,7.5],"texture":"#0","tintindex":1},"south":{"uv":[9.5,3.5,9,7.5],"texture":"#0","tintindex":1},"west":{"uv":[7,3.5,9.5,7.5],"texture":"#0","tintindex":1},"down":{"uv":[7,7,9.5,7.5],"rotation":270,"texture":"#0","tintindex":1}}},{"from":[3.25,0,-3.25],"to":[3.75,4.5,4.75],"rotation":{"angle":-22.5,"axis":"y","origin":[3.5,3.75,2.25]},"faces":{"north":{"uv":[0,4,0.5,8.5],"texture":"#0","tintindex":1},"east":{"uv":[8,4,0,8.5],"texture":"#0","tintindex":1},"west":{"uv":[0,4,8,8.5],"texture":"#0","tintindex":1},"up":{"uv":[0,4.5,8,4],"rotation":90,"texture":"#0","tintindex":1},"down":{"uv":[0,8.5,8,8],"rotation":270,"texture":"#0","tintindex":1}}},{"from":[2.75,-1,-3.25],"to":[4.25,2.5,0.25],"rotation":{"angle":-22.5,"axis":"y","origin":[3.5,3.75,2.25]},"faces":{"north":{"uv":[0,10.5,1.5,14],"texture":"#0","tintindex":1},"east":{"uv":[3.5,6,0,9.5],"texture":"#0","tintindex":1},"south":{"uv":[4,10.5,5.5,14],"texture":"#0","tintindex":1},"west":{"uv":[0,6,3.5,9.5],"texture":"#0","tintindex":1},"up":{"uv":[1,9.5,4.5,11],"rotation":90,"texture":"#0","tintindex":1},"down":{"uv":[1,13.5,4.5,15],"rotation":270,"texture":"#0","tintindex":1}}},{"from":[2.75,-0.5,1.25],"to":[4.25,2.5,4.25],"rotation":{"angle":-22.5,"axis":"y","origin":[3.5,3.75,2.25]},"faces":{"north":{"uv":[5.5,10.5,7,13.5],"texture":"#0","tintindex":1},"east":{"uv":[7.5,6,4.5,9],"texture":"#0","tintindex":1},"south":{"uv":[9,10.5,10.5,13.5],"texture":"#0","tintindex":1},"west":{"uv":[4.5,6,7.5,9],"texture":"#0","tintindex":1},"up":{"uv":[6.5,11,9.5,9.5],"rotation":90,"texture":"#0","tintindex":1},"down":{"uv":[6.5,11,9.5,9.5],"rotation":270,"texture":"#0","tintindex":1}}},{"from":[3.25,5,3.75],"to":[3.75,8.5,8.25],"rotation":{"angle":-22.5,"axis":"y","origin":[3.5,3.75,2.25]},"faces":{"north":{"uv":[7,0,7.5,3.5],"texture":"#0","tintindex":1},"east":{"uv":[11.5,0,7,3.5],"texture":"#0","tintindex":1},"south":{"uv":[11,0,11.5,3.5],"texture":"#0","tintindex":1},"west":{"uv":[7,0,11.5,3.5],"texture":"#0","tintindex":1},"up":{"uv":[11.5,0.5,7,0],"rotation":90,"texture":"#0","tintindex":1},"down":{"uv":[7,3.5,11.5,3],"rotation":270,"texture":"#0","tintindex":1}}},{"from":[3.25,0.5,4.75],"to":[3.75,4.5,7.25],"rotation":{"angle":-22.5,"axis":"y","origin":[3.5,3.75,2.25]},"faces":{"north":{"uv":[8,4,8.5,8],"texture":"#0","tintindex":1},"east":{"uv":[10.5,4,8,8],"texture":"#0","tintindex":1},"south":{"uv":[10,4,10.5,8],"texture":"#0","tintindex":1},"west":{"uv":[8,4,10.5,8],"texture":"#0","tintindex":1},"up":{"uv":[8,4.5,10.5,4],"rotation":90,"texture":"#0","tintindex":1},"down":{"uv":[10.5,8,8,7.5],"rotation":270,"texture":"#0","tintindex":1}}},{"from":[3.25,1,3.75],"to":[3.75,5,6.25],"rotation":{"angle":-22.5,"axis":"y","origin":[3.5,3.75,2.25]},"faces":{"north":{"uv":[7,3.5,7.5,7.5],"texture":"#0","tintindex":1},"east":{"uv":[9.5,3.5,7,7.5],"texture":"#0","tintindex":1},"south":{"uv":[9,3.5,9.5,7.5],"texture":"#0","tintindex":1},"west":{"uv":[7,3.5,9.5,7.5],"texture":"#0","tintindex":1},"down":{"uv":[7,7.5,9.5,7],"rotation":270,"texture":"#0","tintindex":1}}},{"from":[-6.5,7,4.5],"to":[2.5,16,4.5],"rotation":{"angle":-22.5,"axis":"z","origin":[-2,11.5,4.5]},"faces":{"north":{"uv":[0,7,9,16],"texture":"#4","tintindex":1},"south":{"uv":[9,7,0,16],"texture":"#4","tintindex":1}}},{"from":[-9.5,0.5,4.5],"to":[-0.5,9.5,4.5],"rotation":{"angle":22.5,"axis":"z","origin":[-5,5,4.5]},"faces":{"north":{"uv":[0,7,9,16],"texture":"#3","tintindex":1},"south":{"uv":[9,7,0,16],"texture":"#3","tintindex":1}}},{"from":[-3,1,4],"to":[-3,9,28],"rotation":{"angle":-22.5,"axis":"y","origin":[-3,5,16]},"faces":{"east":{"uv":[12.25,0,0,3.5],"texture":"#1","tintindex":1},"west":{"uv":[0,0,12.25,3.5],"texture":"#1","tintindex":1}}},{"from":[2,-5,4],"to":[2,3,28],"rotation":{"angle":22.5,"axis":"x","origin":[2,-1,16]},"faces":{"east":{"uv":[12.25,7.5,0,4],"texture":"#1","tintindex":1},"west":{"uv":[0,7.5,12.25,4],"texture":"#1","tintindex":1}}},{"from":[19,1,4],"to":[19,9,28],"rotation":{"angle":22.5,"axis":"y","origin":[19,5,16]},"faces":{"east":{"uv":[12.25,4,0,7.5],"texture":"#1","tintindex":1},"west":{"uv":[0,4,12.25,7.5],"texture":"#1","tintindex":1}}},{"from":[14,-5,4],"to":[14,3,28],"rotation":{"angle":22.5,"axis":"x","origin":[14,-1,16]},"faces":{"east":{"uv":[12.25,3.5,0,0],"texture":"#1","tintindex":1},"west":{"uv":[0,3.5,12.25,0],"texture":"#1","tintindex":1}}},{"from":[12.5,7,4.5],"to":[21.5,16,4.5],"rotation":{"angle":22.5,"axis":"z","origin":[17,11.5,4.5]},"faces":{"north":{"uv":[9,7,0,16],"texture":"#3","tintindex":1},"south":{"uv":[0,7,9,16],"texture":"#3","tintindex":1}}},{"from":[15.5,0.5,4.5],"to":[24.5,9.5,4.5],"rotation":{"angle":-22.5,"axis":"z","origin":[20,5,4.5]},"faces":{"north":{"uv":[9,7,0,16],"texture":"#4","tintindex":1},"south":{"uv":[0,7,9,16],"texture":"#4","tintindex":1}}}],"gui_light":"front","display":{"ground":{"rotation":[15,0,18],"translation":[0,3.25,0],"scale":[0.4,0.4,0.4]},"gui":{"rotation":[-20,0,-25],"translation":[0.75,1.75,0],"scale":[0.62,0.62,0.62]},"head":{"rotation":[-22,0,0],"translation":[0,-35,24],"scale":[2.64,2.64,2.64]}},"groups":[{"name":"group","origin":[-1.5,1,7.5],"color":0,"children":[0,1,2,3,4,5]},{"name":"group","origin":[-1.5,1,7.5],"color":0,"children":[6,7,8,9,10,11]},12,13,14,15,16,17,18,19]}