{"credit":"Made with Blockbench","textures":{"0":"custom/aether/cosmetic/crate/gleaming_harp","particle":"custom/aether/cosmetic/crate/gleaming_harp"},"elements":[{"from":[1.5,-6,7],"to":[14.5,-4,9],"faces":{"north":{"uv":[0,13,13,15],"texture":"#0","tintindex":1},"east":{"uv":[12,13,13,15],"texture":"#0","tintindex":1},"south":{"uv":[0,13,13,15],"texture":"#0","tintindex":1},"west":{"uv":[12,13,13,15],"texture":"#0","tintindex":1},"up":{"uv":[0,13,13,14],"texture":"#0","tintindex":1},"down":{"uv":[0,14,13,15],"texture":"#0","tintindex":1}}},{"from":[1.5,-4,7],"to":[3.5,3,9],"faces":{"north":{"uv":[11,6,13,13],"texture":"#0","tintindex":1},"east":{"uv":[11,6,12,13],"texture":"#0","tintindex":1},"south":{"uv":[13,6,11,13],"texture":"#0","tintindex":1},"west":{"uv":[12,6,13,13],"texture":"#0","tintindex":1},"up":{"uv":[11,6,13,7],"texture":"#0","tintindex":1},"down":{"uv":[0,0,2,2],"texture":"#missing","tintindex":1}}},{"from":[3.5,1,7],"to":[5.5,5,9],"faces":{"north":{"uv":[9,4,11,8],"texture":"#0","tintindex":1},"east":{"uv":[10,4,9,8],"texture":"#0","tintindex":1},"south":{"uv":[11,4,9,8],"texture":"#0","tintindex":1},"west":{"uv":[11,4,10,8],"texture":"#0","tintindex":1},"down":{"uv":[11,8,9,7],"texture":"#0","tintindex":1}}},{"from":[1.5,5,7],"to":[5.5,9,9],"faces":{"north":{"uv":[9,0,13,4],"texture":"#0","tintindex":1},"east":{"uv":[9,0,10,4],"texture":"#0","tintindex":1},"south":{"uv":[13,0,9,4],"texture":"#0","tintindex":1},"west":{"uv":[12,0,13,4],"texture":"#0","tintindex":1},"up":{"uv":[13,1,9,0],"texture":"#0","tintindex":1},"down":{"uv":[13,4,9,3],"texture":"#0","tintindex":1}}},{"from":[12.5,-4,7],"to":[14.5,3,9],"rotation":{"angle":0,"axis":"y","origin":[16,0,0]},"faces":{"north":{"uv":[13,6,11,13],"texture":"#0","tintindex":1},"east":{"uv":[13,6,12,13],"texture":"#0","tintindex":1},"south":{"uv":[11,6,13,13],"texture":"#0","tintindex":1},"west":{"uv":[12,6,11,13],"texture":"#0","tintindex":1},"up":{"uv":[13,6,11,7],"texture":"#0","tintindex":1},"down":{"uv":[2,0,0,2],"texture":"#missing","tintindex":1}}},{"from":[10.5,1,7],"to":[12.5,5,9],"rotation":{"angle":0,"axis":"y","origin":[16,0,0]},"faces":{"north":{"uv":[11,4,9,8],"texture":"#0","tintindex":1},"east":{"uv":[10,4,11,8],"texture":"#0","tintindex":1},"south":{"uv":[9,4,11,8],"texture":"#0","tintindex":1},"west":{"uv":[9,4,10,8],"texture":"#0","tintindex":1},"down":{"uv":[9,8,11,7],"texture":"#0","tintindex":1}}},{"from":[10.5,5,7],"to":[14.5,9,9],"rotation":{"angle":0,"axis":"y","origin":[16,0,0]},"faces":{"north":{"uv":[13,0,9,4],"texture":"#0","tintindex":1},"east":{"uv":[13,0,12,4],"texture":"#0","tintindex":1},"south":{"uv":[9,0,13,4],"texture":"#0","tintindex":1},"west":{"uv":[10,0,9,4],"texture":"#0","tintindex":1},"up":{"uv":[9,1,13,0],"texture":"#0","tintindex":1},"down":{"uv":[9,4,13,3],"texture":"#0","tintindex":1}}},{"from":[5.5,6,7],"to":[10.5,8,9],"rotation":{"angle":0,"axis":"y","origin":[5.5,0,7]},"faces":{"north":{"uv":[4,1,9,3],"texture":"#0","tintindex":1},"south":{"uv":[4,1,9,3],"texture":"#0","tintindex":1},"up":{"uv":[4,1,9,3],"texture":"#0","tintindex":1},"down":{"uv":[4,1,9,3],"texture":"#0","tintindex":1}}},{"from":[3.5,-4,8],"to":[12.5,1,8],"faces":{"north":{"uv":[2,8,11,13],"texture":"#0"},"south":{"uv":[2,8,11,13],"texture":"#0"}}},{"from":[5.5,1,8],"to":[10.5,6,8],"faces":{"north":{"uv":[4,3,9,8],"texture":"#0"},"south":{"uv":[4,3,9,8],"texture":"#0"}}}],"gui_light":"front","display":{"thirdperson_righthand":{"rotation":[0,-99,-1],"translation":[0.25,3.5,-1.5]},"thirdperson_lefthand":{"rotation":[0,-99,-1],"translation":[0.25,3.5,-1.5]},"ground":{"rotation":[18,-22,0],"translation":[0,1.75,0],"scale":[0.44,0.44,0.44]},"gui":{"rotation":[13,19,-19],"translation":[1.5,4,0],"scale":[0.68,0.68,0.68]}}}