{"credit":"Made with Blockbench","texture_size":[32,32],"textures":{"0":"custom/aether/cosmetic/crate/solar_staff","1":"custom/aether/cosmetic/crate/sun_orb","2":"custom/aether/cosmetic/crate/sun_flares","particle":"custom/aether/cosmetic/crate/solar_staff"},"elements":[{"from":[7,-8,7],"to":[9,6,9],"rotation":{"angle":0,"axis":"y","origin":[7,-6,7]},"faces":{"north":{"uv":[1,6,0,13],"texture":"#0"},"east":{"uv":[0,6,1,13],"texture":"#0"},"south":{"uv":[1,6,0,13],"texture":"#0"},"west":{"uv":[0,6,1,13],"texture":"#0"}}},{"from":[6,6,6],"to":[10,8,10],"rotation":{"angle":0,"axis":"y","origin":[6,6,6]},"faces":{"north":{"uv":[0,5,2,6],"texture":"#0"},"east":{"uv":[0,5,2,6],"texture":"#0"},"south":{"uv":[0,5,2,6],"texture":"#0"},"west":{"uv":[0,5,2,6],"texture":"#0"},"up":{"uv":[2.5,5,4.5,7],"texture":"#0"},"down":{"uv":[2.5,7.5,4.5,9.5],"texture":"#0"}}},{"from":[6,-10,6],"to":[10,-8,10],"rotation":{"angle":0,"axis":"y","origin":[6,-10,6]},"faces":{"north":{"uv":[0,5,2,6],"texture":"#0"},"east":{"uv":[0,5,2,6],"texture":"#0"},"south":{"uv":[0,5,2,6],"texture":"#0"},"west":{"uv":[0,5,2,6],"texture":"#0"},"up":{"uv":[2.5,5,4.5,7],"texture":"#0"},"down":{"uv":[2.5,7.5,4.5,9.5],"texture":"#0"}}},{"from":[6,-14,7],"to":[10,-10,9],"rotation":{"angle":45,"axis":"z","origin":[8,-12,8]},"faces":{"north":{"uv":[0,13.5,2,15.5],"rotation":270,"texture":"#0"},"east":{"uv":[2,14,0,13.5],"rotation":90,"texture":"#0"},"south":{"uv":[0,13.5,2,15.5],"texture":"#0"},"west":{"uv":[2,15.5,0,15],"rotation":90,"texture":"#0"},"up":{"uv":[0,13.5,2,14],"texture":"#0"},"down":{"uv":[0,15,2,15.5],"texture":"#0"}}},{"from":[3.5,9,6.5],"to":[12.5,18,9.5],"rotation":{"angle":-45,"axis":"z","origin":[8,13.5,8]},"faces":{"north":{"uv":[1,0,5.5,4.5],"texture":"#0"},"east":{"uv":[0,0,1.5,4.5],"texture":"#0"},"south":{"uv":[1,0,5.5,4.5],"rotation":270,"texture":"#0"},"west":{"uv":[5,0,6.5,4.5],"texture":"#0"},"up":{"uv":[5,4.5,6.5,0],"rotation":90,"texture":"#0"},"down":{"uv":[0,4.5,1.5,0],"rotation":90,"texture":"#0"}}},{"name":"cube inverted","from":[12.5,17.41421,9.5],"to":[5.5,10.41421,6.5],"rotation":{"angle":-45,"axis":"z","origin":[8,14.91421,8]},"faces":{"east":{"uv":[6.5,4,8,0.5],"texture":"#0"},"west":{"uv":[6.5,4,8,0.5],"texture":"#0"},"up":{"uv":[6.5,4,8,0.5],"rotation":90,"texture":"#0"},"down":{"uv":[6.5,4,8,0.5],"rotation":90,"texture":"#0"}}},{"name":"cube inverted","from":[11.24264,-13.58579,9],"to":[9.24264,-15.58579,7],"rotation":{"angle":-45,"axis":"z","origin":[12.24264,-10.58579,8]},"faces":{"east":{"uv":[1.5,15.5,2,14.5],"texture":"#0"},"west":{"uv":[1.5,14.5,2,15.5],"texture":"#0"},"up":{"uv":[1.5,15.5,2,14.5],"rotation":90,"texture":"#0"},"down":{"uv":[1.5,14.5,2,15.5],"rotation":90,"texture":"#0"}}},{"from":[6.5,18,8],"to":[9.5,25,8],"rotation":{"angle":0,"axis":"y","origin":[6.5,-6,8]},"faces":{"north":{"uv":[14.5,0,16,3.5],"texture":"#0"},"south":{"uv":[14.5,0,16,3.5],"texture":"#0"}}},{"from":[-3.75,12,8],"to":[3.25,15,8],"rotation":{"angle":0,"axis":"z","origin":[8,21.5,8]},"faces":{"north":{"uv":[14.5,0,16,3.5],"rotation":90,"texture":"#0"},"south":{"uv":[14.5,0,16,3.5],"rotation":270,"texture":"#0"}}},{"from":[12.75,12,8],"to":[19.75,15,8],"rotation":{"angle":0,"axis":"z","origin":[8,21.5,8]},"faces":{"north":{"uv":[14.5,3.5,16,0],"rotation":90,"texture":"#0"},"south":{"uv":[14.5,3.5,16,0],"rotation":270,"texture":"#0"}}},{"from":[10.21751,13.97487,8],"to":[13.21751,17.97487,8],"rotation":{"angle":-45,"axis":"z","origin":[14.71751,15.97487,6.5]},"faces":{"north":{"uv":[13,1,14.5,3],"texture":"#0"},"south":{"uv":[13,1,14.5,3],"texture":"#0"}}},{"from":[2.78249,13.97487,8],"to":[5.78249,17.97487,8],"rotation":{"angle":45,"axis":"z","origin":[1.28249,15.97487,6.5]},"faces":{"north":{"uv":[14.5,1,13,3],"texture":"#0"},"south":{"uv":[14.5,1,13,3],"texture":"#0"}}},{"from":[2.78249,9.02513,8],"to":[5.78249,13.02513,8],"rotation":{"angle":-45,"axis":"z","origin":[1.28249,11.02513,6.5]},"faces":{"north":{"uv":[14.5,3,13,1],"texture":"#0"},"south":{"uv":[14.5,3,13,1],"texture":"#0"}}},{"from":[10.21751,9.02513,8],"to":[13.21751,13.02513,8],"rotation":{"angle":45,"axis":"z","origin":[14.71751,11.02513,6.5]},"faces":{"north":{"uv":[13,3,14.5,1],"texture":"#0"},"south":{"uv":[13,3,14.5,1],"texture":"#0"}}},{"from":[6.5,2,6.5],"to":[9.5,5,9.5],"rotation":{"angle":0,"axis":"y","origin":[6.5,-6,6.5]},"faces":{"north":{"uv":[6,6,4.5,7.5],"texture":"#0","tintindex":1},"east":{"uv":[4.5,6,6,7.5],"texture":"#0","tintindex":1},"south":{"uv":[6,6,4.5,7.5],"texture":"#0","tintindex":1},"west":{"uv":[4.5,6,6,7.5],"texture":"#0","tintindex":1},"up":{"uv":[6,5,4.5,6.5],"texture":"#0","tintindex":1},"down":{"uv":[4.5,6.5,6,5],"rotation":90,"texture":"#0","tintindex":1}}},{"from":[5.58911,-2.33179,8],"to":[7.58911,3.66821,8],"rotation":{"angle":-22.5,"axis":"z","origin":[5.00357,1.21384,8.125]},"faces":{"north":{"uv":[6,8,7,11],"texture":"#0"},"south":{"uv":[7,8,6,11],"texture":"#0"}}},{"from":[4.19515,-1.96807,8.25],"to":[6.19515,4.03193,8.25],"rotation":{"angle":-45,"axis":"z","origin":[5.00357,1.21384,8.125]},"faces":{"north":{"uv":[4.5,8,5.5,11],"texture":"#0"},"south":{"uv":[5.5,8,4.5,11],"texture":"#0"}}},{"from":[7,-8,7],"to":[9,6,9],"rotation":{"angle":0,"axis":"y","origin":[7,-6,7]},"faces":{"north":{"uv":[2,6,1,13],"texture":"#0","tintindex":1},"east":{"uv":[1,6,2,13],"texture":"#0","tintindex":1},"south":{"uv":[2,6,1,13],"texture":"#0","tintindex":1},"west":{"uv":[1,6,2,13],"texture":"#0","tintindex":1}}},{"from":[5.58911,-2.33179,8],"to":[7.58911,3.66821,8],"rotation":{"angle":-22.5,"axis":"z","origin":[5.00357,1.21384,8.125]},"faces":{"north":{"uv":[9,8,10,11],"texture":"#0","tintindex":1},"south":{"uv":[10,8,9,11],"texture":"#0","tintindex":1}}},{"from":[4.19515,-1.96807,8.25],"to":[6.19515,4.03193,8.25],"rotation":{"angle":-45,"axis":"z","origin":[5.00357,1.21384,8.125]},"faces":{"north":{"uv":[7.5,8,8.5,11],"texture":"#0","tintindex":1},"south":{"uv":[8.5,8,7.5,11],"texture":"#0","tintindex":1}}},{"from":[6.5,12,6.5],"to":[9.5,15,9.5],"rotation":{"angle":45,"axis":"z","origin":[8,13.5,8]},"faces":{"north":{"uv":[5,0,8,3],"texture":"#1"},"east":{"uv":[8,0,5,3],"texture":"#1"},"south":{"uv":[5,0,8,3],"texture":"#1"},"west":{"uv":[8,0,5,3],"texture":"#1"},"up":{"uv":[5,0,8,3],"rotation":90,"texture":"#1"},"down":{"uv":[5,0,8,3],"rotation":90,"texture":"#1"}}},{"name":"cube inverted","from":[10,15.5,10],"to":[6,11.5,6],"rotation":{"angle":45,"axis":"z","origin":[8,13.5,8]},"faces":{"north":{"uv":[0,5,5,0],"texture":"#1"},"east":{"uv":[0,5,1,0],"texture":"#1"},"south":{"uv":[5,0,0,5],"rotation":270,"texture":"#1"},"west":{"uv":[5,0,0,1],"rotation":270,"texture":"#1"},"up":{"uv":[1,0,0,5],"texture":"#1"},"down":{"uv":[0,1,5,0],"rotation":180,"texture":"#1"}}},{"from":[6.5,11.725,6.5],"to":[9.5,14.725,9.5],"rotation":{"angle":45,"axis":"z","origin":[8,13.225,8]},"faces":{"north":{"uv":[13,0,16,3],"texture":"#1"},"east":{"uv":[16,0,13,3],"texture":"#1"},"south":{"uv":[13,0,16,3],"texture":"#1"},"west":{"uv":[16,0,13,3],"texture":"#1"},"up":{"uv":[13,0,16,3],"rotation":90,"texture":"#1"},"down":{"uv":[13,0,16,3],"rotation":90,"texture":"#1"}}},{"name":"cube inverted","from":[10,15.225,10],"to":[6,11.225,6],"rotation":{"angle":45,"axis":"z","origin":[8,13.225,8]},"faces":{"north":{"uv":[8,5,13,0],"texture":"#1"},"east":{"uv":[8,5,9,0],"texture":"#1"},"south":{"uv":[13,0,8,5],"rotation":270,"texture":"#1"},"west":{"uv":[13,0,8,1],"rotation":270,"texture":"#1"},"up":{"uv":[9,0,8,5],"texture":"#1"},"down":{"uv":[8,1,13,0],"rotation":180,"texture":"#1"}}},{"from":[6.5,11.225,6.5],"to":[9.5,14.225,9.5],"rotation":{"angle":45,"axis":"z","origin":[8,12.725,8]},"faces":{"north":{"uv":[13,5,16,8],"texture":"#1"},"east":{"uv":[16,5,13,8],"texture":"#1"},"south":{"uv":[13,5,16,8],"texture":"#1"},"west":{"uv":[16,5,13,8],"texture":"#1"},"up":{"uv":[13,5,16,8],"rotation":90,"texture":"#1"},"down":{"uv":[13,5,16,8],"rotation":90,"texture":"#1"}}},{"name":"cube inverted","from":[10,14.725,10],"to":[6,10.725,6],"rotation":{"angle":45,"axis":"z","origin":[8,12.725,8]},"faces":{"north":{"uv":[8,10,13,5],"texture":"#1"},"east":{"uv":[8,10,9,5],"texture":"#1"},"south":{"uv":[13,5,8,10],"rotation":270,"texture":"#1"},"west":{"uv":[13,5,8,6],"rotation":270,"texture":"#1"},"up":{"uv":[9,5,8,10],"texture":"#1"},"down":{"uv":[8,6,13,5],"rotation":180,"texture":"#1"}}},{"from":[6.5,12.2,6.5],"to":[9.5,15.2,9.5],"rotation":{"angle":45,"axis":"z","origin":[8,13.7,8]},"faces":{"north":{"uv":[5,5,8,8],"texture":"#1"},"east":{"uv":[8,5,5,8],"texture":"#1"},"south":{"uv":[5,5,8,8],"texture":"#1"},"west":{"uv":[8,5,5,8],"texture":"#1"},"up":{"uv":[5,5,8,8],"rotation":90,"texture":"#1"},"down":{"uv":[5,5,8,8],"rotation":90,"texture":"#1"}}},{"name":"cube inverted","from":[10,15.7,10],"to":[6,11.7,6],"rotation":{"angle":45,"axis":"z","origin":[8,13.7,8]},"faces":{"north":{"uv":[0,10,5,5],"texture":"#1"},"east":{"uv":[0,10,1,5],"texture":"#1"},"south":{"uv":[5,5,0,10],"rotation":270,"texture":"#1"},"west":{"uv":[5,5,0,6],"rotation":270,"texture":"#1"},"up":{"uv":[1,5,0,10],"texture":"#1"},"down":{"uv":[0,6,5,5],"rotation":180,"texture":"#1"}}},{"from":[6.5,12.7,6.5],"to":[9.5,15.7,9.5],"rotation":{"angle":45,"axis":"z","origin":[8,14.2,8]},"faces":{"north":{"uv":[5,10,8,13],"texture":"#1"},"east":{"uv":[8,10,5,13],"texture":"#1"},"south":{"uv":[5,10,8,13],"texture":"#1"},"west":{"uv":[8,10,5,13],"texture":"#1"},"up":{"uv":[5,10,8,13],"rotation":90,"texture":"#1"},"down":{"uv":[5,10,8,13],"rotation":90,"texture":"#1"}}},{"name":"cube inverted","from":[10,16.2,10],"to":[6,12.2,6],"rotation":{"angle":45,"axis":"z","origin":[8,14.2,8]},"faces":{"north":{"uv":[0,15,5,10],"texture":"#1"},"east":{"uv":[0,15,1,10],"texture":"#1"},"south":{"uv":[5,10,0,15],"rotation":270,"texture":"#1"},"west":{"uv":[5,10,0,11],"rotation":270,"texture":"#1"},"up":{"uv":[1,10,0,15],"texture":"#1"},"down":{"uv":[0,11,5,10],"rotation":180,"texture":"#1"}}},{"from":[7.675,16,6.425],"to":[8.675,32,6.425],"rotation":{"angle":0,"axis":"y","origin":[7.675,16,6.425]},"faces":{"north":{"uv":[7,0,8,16],"texture":"#2"},"south":{"uv":[7,0,8,16],"texture":"#2"}}},{"from":[8.175,16,5.925],"to":[8.175,32,6.925],"rotation":{"angle":0,"axis":"y","origin":[8.175,24,6.425]},"faces":{"east":{"uv":[7,0,8,16],"texture":"#2"},"west":{"uv":[7,0,8,16],"texture":"#2"}}},{"from":[0,13,6],"to":[1,29,6],"rotation":{"angle":45,"axis":"z","origin":[0.5,21,6]},"faces":{"north":{"uv":[10,0,11,16],"texture":"#2"},"south":{"uv":[10,0,11,16],"texture":"#2"}}},{"from":[0.5,13,5.5],"to":[0.5,29,6.5],"rotation":{"angle":45,"axis":"z","origin":[0.5,21,6]},"faces":{"east":{"uv":[10,0,11,16],"texture":"#2"},"west":{"uv":[10,0,11,16],"texture":"#2"}}},{"from":[-8.75,9.25,5.5],"to":[7.25,9.25,6.5],"rotation":{"angle":22.5,"axis":"z","origin":[-0.75,9.25,6]},"faces":{"up":{"uv":[7,0,8,16],"rotation":270,"texture":"#2"},"down":{"uv":[7,0,8,16],"rotation":270,"texture":"#2"}}},{"from":[-8.75,8.75,6],"to":[7.25,9.75,6],"rotation":{"angle":22.5,"axis":"z","origin":[-0.75,9.25,6]},"faces":{"north":{"uv":[7,0,8,16],"rotation":90,"texture":"#2"},"south":{"uv":[7,0,8,16],"rotation":270,"texture":"#2"}}},{"from":[8.75,9.25,5.5],"to":[24.75,9.25,6.5],"rotation":{"angle":-22.5,"axis":"z","origin":[16.75,9.25,6]},"faces":{"up":{"uv":[7,16,8,0],"rotation":270,"texture":"#2"},"down":{"uv":[7,16,8,0],"rotation":270,"texture":"#2"}}},{"from":[8.75,8.75,6],"to":[24.75,9.75,6],"rotation":{"angle":-22.5,"axis":"z","origin":[16.75,9.25,6]},"faces":{"north":{"uv":[7,16,8,0],"rotation":90,"texture":"#2"},"south":{"uv":[7,16,8,0],"rotation":270,"texture":"#2"}}},{"from":[15.5,13,5.5],"to":[15.5,29,6.5],"rotation":{"angle":-45,"axis":"z","origin":[15.5,21,6]},"faces":{"east":{"uv":[14,0,13,16],"texture":"#2"},"west":{"uv":[14,0,13,16],"texture":"#2"}}},{"from":[15,13,6],"to":[16,29,6],"rotation":{"angle":-45,"axis":"z","origin":[15.5,21,6]},"faces":{"north":{"uv":[14,0,13,16],"texture":"#2"},"south":{"uv":[14,0,13,16],"texture":"#2"}}}],"gui_light":"front","display":{"thirdperson_righthand":{"rotation":[37,-40,-7],"translation":[1.75,6.25,5.5]},"thirdperson_lefthand":{"rotation":[37,-40,-7],"translation":[1.75,6.25,5.5]},"firstperson_righthand":{"translation":[14,0,0],"scale":[0,0,0]},"firstperson_lefthand":{"translation":[14,0,0],"scale":[0,0,0]},"gui":{"rotation":[0,180,41],"translation":[0.25,0.75,0],"scale":[0.44,0.44,0.44]}},"groups":[0,1,2,3,4,5,6,7,8,9,10,11,12,13,14,15,16,17,18,19,{"name":"group","origin":[8,1.5,8],"color":0,"children":[20,21]},{"name":"group","origin":[8,1.5,8],"color":0,"children":[22,23]},{"name":"group","origin":[8,1.5,8],"color":0,"children":[24,25]},{"name":"group","origin":[8,1.5,8],"color":0,"children":[26,27]},{"name":"group","origin":[8,1.5,8],"color":0,"children":[28,29]},30,31,32,33,34,35,36,37,38,39]}