{"credit":"Made with Blockbench","texture_size":[64,64],"textures":{"0":"custom/aether/cosmetic/crate/spartan_helmet","particle":"custom/aether/cosmetic/crate/spartan_helmet"},"elements":[{"from":[3,0,3],"to":[13,10,13],"rotation":{"angle":0,"axis":"y","origin":[3,0,3]},"faces":{"north":{"uv":[0,0,2.5,2.5],"texture":"#0"},"east":{"uv":[5.25,0,2.75,2.5],"texture":"#0"},"south":{"uv":[5.5,0,8,2.5],"texture":"#0"},"west":{"uv":[2.75,0,5.25,2.5],"texture":"#0"},"up":{"uv":[8.25,2.5,10.75,0],"texture":"#0"}}},{"name":"cube inverted","from":[13,10,13],"to":[3,0,3],"rotation":{"angle":0,"axis":"y","origin":[3,0,3]},"faces":{"north":{"uv":[5.5,2.5,8,0],"texture":"#0"},"east":{"uv":[2.75,2.5,5.25,0],"texture":"#0"},"south":{"uv":[0,2.5,2.5,0],"texture":"#0"},"west":{"uv":[5.25,2.5,2.75,0],"texture":"#0"},"down":{"uv":[10.75,2.5,8.25,0],"texture":"#0"}}},{"from":[2.5,4,2],"to":[13.5,12,12],"rotation":{"angle":22.5,"axis":"x","origin":[8,8,6]},"faces":{"north":{"uv":[0,3.5,2.75,5.5],"texture":"#0"},"east":{"uv":[5.5,3.5,3,5.5],"texture":"#0"},"west":{"uv":[3,3.5,5.5,5.5],"texture":"#0"}}},{"name":"cube inverted","from":[13.5,12,12],"to":[2.5,4,2],"rotation":{"angle":22.5,"axis":"x","origin":[8,8,6]},"faces":{"east":{"uv":[3,5.5,5.5,3.5],"texture":"#0"},"south":{"uv":[0,5.5,2.75,3.5],"texture":"#0"},"west":{"uv":[5.5,5.5,3,3.5],"texture":"#0"}}},{"from":[3,-3,3],"to":[13,0,3],"rotation":{"angle":0,"axis":"y","origin":[3,-3,3]},"faces":{"north":{"uv":[0,2.5,2.5,3.25],"texture":"#0"},"south":{"uv":[0,2.5,2.5,3.25],"texture":"#0"}}},{"from":[6.5,2,6.25],"to":[9.5,13,16.25],"rotation":{"angle":22.5,"axis":"x","origin":[8.5,10,9.25]},"faces":{"north":{"uv":[5.5,3,6.25,5.75],"texture":"#0"},"east":{"uv":[8.5,3,6,5.75],"texture":"#0"},"south":{"uv":[8.25,3,9,5.75],"texture":"#0"},"west":{"uv":[6,3,8.5,5.75],"texture":"#0"},"up":{"uv":[6,2.5,8.5,3.25],"rotation":90,"texture":"#0"}}},{"from":[7,7.625,10.85895],"to":[9,21.625,27.85895],"rotation":{"angle":22.5,"axis":"x","origin":[9,21,7.10895]},"faces":{"north":{"uv":[14.75,0.5,15,4],"texture":"#0","tintindex":1},"east":{"uv":[10.75,0.5,15,4],"texture":"#0","tintindex":1},"south":{"uv":[10.75,0.5,11,4],"texture":"#0","tintindex":1},"west":{"uv":[15,0.5,10.75,4],"texture":"#0","tintindex":1},"up":{"uv":[15,0.5,10.75,0.75],"rotation":90,"texture":"#0","tintindex":1},"down":{"uv":[10.75,3.75,15,4],"rotation":90,"texture":"#0","tintindex":1}}},{"from":[7,16.09803,6.00821],"to":[9,21.09803,10.00821],"rotation":{"angle":22.5,"axis":"x","origin":[8,18.59803,8.00821]},"faces":{"east":{"uv":[15,0.5,16,1.75],"texture":"#0","tintindex":1},"west":{"uv":[16,0.5,15,1.75],"texture":"#0","tintindex":1},"up":{"uv":[16,0.5,15,0.75],"rotation":90,"texture":"#0","tintindex":1}}},{"name":"cube inverted","from":[9,21.09803,10.00821],"to":[7,16.09803,6.00821],"rotation":{"angle":22.5,"axis":"x","origin":[8,18.59803,8.00821]},"faces":{"east":{"uv":[16,1.75,15,0.5],"texture":"#0","tintindex":1},"west":{"uv":[15,1.75,16,0.5],"texture":"#0","tintindex":1},"down":{"uv":[16,0.75,15,0.5],"rotation":90,"texture":"#0","tintindex":1}}},{"from":[7,-3.53847,12.31749],"to":[9,2.46153,20.31749],"rotation":{"angle":22.5,"axis":"x","origin":[8,-0.53847,16.31749]},"faces":{"north":{"uv":[12.75,4,12.5,5.5],"texture":"#0","tintindex":1},"east":{"uv":[10.75,4,12.75,5.5],"texture":"#0","tintindex":1},"west":{"uv":[12.75,4,10.75,5.5],"texture":"#0","tintindex":1},"down":{"uv":[10.75,5.5,12.75,5.25],"rotation":90,"texture":"#0","tintindex":1}}},{"from":[7,-3.53847,13.31749],"to":[9,2.46153,13.31749],"rotation":{"angle":22.5,"axis":"x","origin":[8,-0.53847,16.31749]},"faces":{"north":{"uv":[12.75,4,12.5,5.5],"texture":"#0","tintindex":1},"south":{"uv":[12.75,4,12.5,5.5],"texture":"#0","tintindex":1}}},{"name":"cube inverted","from":[9,2.46153,20.31749],"to":[7,-3.53847,12.31749],"rotation":{"angle":22.5,"axis":"x","origin":[8,-0.53847,16.31749]},"faces":{"east":{"uv":[12.75,5.5,10.75,4],"texture":"#0","tintindex":1},"south":{"uv":[12.75,5.5,12.5,4],"texture":"#0","tintindex":1},"west":{"uv":[10.75,5.5,12.75,4],"texture":"#0","tintindex":1},"up":{"uv":[10.75,5.25,12.75,5.5],"rotation":90,"texture":"#0","tintindex":1}}}],"display":{"ground":{"rotation":[0,-17,-21],"translation":[0,3.5,0],"scale":[0.37,0.37,0.37]},"gui":{"rotation":[22,137,0],"translation":[-1.25,-0.25,0],"scale":[0.63,0.63,0.63]},"head":{"rotation":[5,0,0],"translation":[0,5.75,0.25],"scale":[1.61,1.61,1.61]}}}