{"credit":"Made with Blockbench","texture_size":[64,64],"textures":{"0":"custom/aether/cosmetic/crate/spartan_robe","particle":"custom/aether/cosmetic/crate/spartan_robe"},"elements":[{"from":[-3,-9.14626,6.3247],"to":[19,16.85374,13.3247],"rotation":{"angle":-45,"axis":"x","origin":[7.875,8.34018,8.54469]},"faces":{"east":{"uv":[5.75,0,7.5,6.5],"texture":"#0"},"south":{"uv":[0,0,5.5,6.5],"texture":"#0"},"west":{"uv":[9.5,0,7.75,6.5],"texture":"#0"}}},{"from":[-3.25,4.60748,0.9672],"to":[18.75,16.60748,7.9672],"rotation":{"angle":0,"axis":"x","origin":[7.875,8.34018,8.54469]},"faces":{"north":{"uv":[0,6.75,5.5,9.75],"texture":"#0"},"east":{"uv":[7.5,9.75,5.75,12.75],"texture":"#0"},"west":{"uv":[5.75,6.75,7.5,9.75],"texture":"#0"}}},{"from":[-3,-9.14626,6.3247],"to":[19,16.85374,13.3247],"rotation":{"angle":-45,"axis":"x","origin":[7.875,8.34018,8.54469]},"faces":{"east":{"uv":[16,13.75,9.5,12],"rotation":90,"texture":"#0","tintindex":1},"south":{"uv":[9.75,0,15.25,6.5],"texture":"#0","tintindex":1},"west":{"uv":[16,14,9.5,15.75],"rotation":90,"texture":"#0","tintindex":1},"up":{"uv":[0,13.5,5.5,11.75],"texture":"#0","tintindex":1}}},{"name":"cube inverted","from":[19,16.85374,13.3247],"to":[-3,-9.14626,6.3247],"rotation":{"angle":-45,"axis":"x","origin":[7.875,8.34018,8.54469]},"faces":{"north":{"uv":[9.75,6.5,15.25,0],"texture":"#0","tintindex":1},"east":{"uv":[9.5,14,16,15.75],"rotation":90,"texture":"#0","tintindex":1},"west":{"uv":[9.5,13.75,16,12],"rotation":90,"texture":"#0","tintindex":1},"down":{"uv":[5.5,13.5,0,11.75],"texture":"#0","tintindex":1}}},{"name":"cube inverted","from":[19,16.85374,13.3247],"to":[-3,-9.14626,6.3247],"rotation":{"angle":-45,"axis":"x","origin":[7.875,8.34018,8.54469]},"faces":{"north":{"uv":[0,6.5,5.5,0],"texture":"#0"},"east":{"uv":[9.5,6.5,7.75,0],"texture":"#0"},"west":{"uv":[5.75,6.5,7.5,0],"texture":"#0"}}},{"from":[-3.25,4.60748,0.9672],"to":[18.75,16.60748,7.9672],"rotation":{"angle":0,"axis":"x","origin":[7.875,8.34018,8.54469]},"faces":{"north":{"uv":[8,6.75,13.5,9.75],"texture":"#0","tintindex":1},"east":{"uv":[9.25,9.75,7.5,12.75],"texture":"#0","tintindex":1},"west":{"uv":[13.75,6.75,15.5,9.75],"texture":"#0","tintindex":1},"up":{"uv":[5.5,11.5,0,9.75],"texture":"#0","tintindex":1}}},{"name":"cube inverted","from":[18.75,16.60748,7.9672],"to":[-3.25,4.60748,0.9672],"rotation":{"angle":0,"axis":"x","origin":[7.875,8.34018,8.54469]},"faces":{"east":{"uv":[13.75,9.75,15.5,6.75],"texture":"#0","tintindex":1},"south":{"uv":[8,9.75,13.5,6.75],"texture":"#0","tintindex":1},"west":{"uv":[9.25,12.75,7.5,9.75],"texture":"#0","tintindex":1},"down":{"uv":[0,11.5,5.5,9.75],"texture":"#0","tintindex":1}}},{"name":"cube inverted","from":[18.75,16.60748,7.9672],"to":[-3.25,4.60748,0.9672],"rotation":{"angle":0,"axis":"x","origin":[7.875,8.34018,8.54469]},"faces":{"east":{"uv":[5.75,9.75,7.5,6.75],"texture":"#0"},"south":{"uv":[0,9.75,5.5,6.75],"texture":"#0"},"west":{"uv":[7.5,12.75,5.75,9.75],"texture":"#0"}}},{"from":[9,15,0],"to":[14,20,2],"rotation":{"angle":-22.5,"axis":"z","origin":[3,3,1]},"faces":{"north":{"uv":[0,13.75,1.25,15],"texture":"#0"},"east":{"uv":[1.5,13.75,1.75,15],"texture":"#0"},"south":{"uv":[0,13.75,1.25,15],"texture":"#0"},"west":{"uv":[1.5,13.75,1.75,15],"texture":"#0"},"up":{"uv":[0,15.25,1.25,15.5],"texture":"#0"},"down":{"uv":[0,15,1.25,15.25],"texture":"#0"}}}],"gui_light":"front","display":{"gui":{"rotation":[-16,144,2],"translation":[-0.75,0.75,0],"scale":[0.43,0.43,0.43]},"head":{"rotation":[26,0,0],"translation":[0,-64.75,1.25],"scale":[1.35,1.35,1.35]}}}