{"credit":"Made with Blockbench","texture_size":[128,128],"textures":{"0":"custom/aether/cosmetic/crate/solar_staff_spell","particle":"custom/aether/cosmetic/crate/solar_staff_spell"},"elements":[{"from":[-16,-16,8],"to":[32,32,8],"rotation":{"angle":0,"axis":"z","origin":[8,8,8]},"faces":{"north":{"uv":[8,0,16,8],"rotation":270,"texture":"#0"},"south":{"uv":[8,0,16,8],"rotation":270,"texture":"#0"}}}],"display":{"thirdperson_righthand":{"rotation":[90,0,0],"translation":[0,-2,10.5],"scale":[1.6,1.6,1.6]}}}