{"credit":"Made with Blockbench","texture_size":[128,128],"textures":{"3":"custom/aether/decoration/crate/glistening_planetarium_rays","particle":"custom/aether/decoration/crate/glistening_planetarium_podium"},"elements":[{"from":[9.095,17.53963,10.92],"to":[10.19,17.53963,22.775],"rotation":{"angle":-45,"axis":"x","origin":[9.6425,17.53963,10.92]},"faces":{"up":{"uv":[2,16,3.5,0],"texture":"#3"},"down":{"uv":[2,0,3.5,16],"texture":"#3"}}},{"from":[6.175,17.53963,-6.775],"to":[7.27,17.53963,5.08],"rotation":{"angle":45,"axis":"x","origin":[6.7225,17.53963,5.08]},"faces":{"up":{"uv":[0,0,1.5,16],"texture":"#3"},"down":{"uv":[0,16,1.5,0],"texture":"#3"}}},{"from":[5.81,6.70037,-6.775],"to":[6.905,6.70037,5.08],"rotation":{"angle":-45,"axis":"x","origin":[6.3575,6.70037,5.08]},"faces":{"up":{"uv":[2,0,3.5,16],"texture":"#3"},"down":{"uv":[2,16,3.5,0],"texture":"#3"}}},{"from":[8.73,6.70037,10.92],"to":[9.825,6.70037,22.775],"rotation":{"angle":45,"axis":"x","origin":[9.2775,6.70037,10.92]},"faces":{"up":{"uv":[4,16,5.5,0],"texture":"#3"},"down":{"uv":[4,0,5.5,16],"texture":"#3"}}},{"from":[12.12924,9.62026,5.81],"to":[23.98424,9.62026,6.905],"rotation":{"angle":-45,"axis":"z","origin":[8,9.62,8]},"faces":{"up":{"uv":[2,0,3.5,16],"rotation":90,"texture":"#3"},"down":{"uv":[2,16,3.5,0],"rotation":270,"texture":"#3"}}},{"from":[-7.98424,9.62026,8.73],"to":[3.87076,9.62026,9.825],"rotation":{"angle":45,"axis":"z","origin":[8,9.62,8]},"faces":{"up":{"uv":[0,16,1.5,0],"rotation":90,"texture":"#3"},"down":{"uv":[0,0,1.5,16],"rotation":270,"texture":"#3"}}},{"from":[-7.98424,14.61974,6.175],"to":[3.87076,14.61974,7.27],"rotation":{"angle":-45,"axis":"z","origin":[8,14.62,8]},"faces":{"up":{"uv":[4,16,5.5,0],"rotation":90,"texture":"#3"},"down":{"uv":[4,0,5.5,16],"rotation":270,"texture":"#3"}}},{"from":[12.12924,14.61974,9.095],"to":[23.98424,14.61974,10.19],"rotation":{"angle":45,"axis":"z","origin":[8,14.62,8]},"faces":{"up":{"uv":[0,0,1.5,16],"rotation":90,"texture":"#3"},"down":{"uv":[0,16,1.5,0],"rotation":270,"texture":"#3"}}},{"from":[10.91963,12.795,10.92],"to":[10.91963,13.89,22.775],"rotation":{"angle":45,"axis":"y","origin":[10.91963,13.3425,10.92]},"faces":{"east":{"uv":[4,16,5.5,0],"rotation":90,"texture":"#3"},"west":{"uv":[5.5,0,4,16],"rotation":90,"texture":"#3"}}},{"from":[5.08037,15.715,10.92],"to":[5.08037,16.81,22.775],"rotation":{"angle":-45,"axis":"y","origin":[5.08037,16.2625,10.92]},"faces":{"east":{"uv":[3.5,16,2,0],"rotation":90,"texture":"#3"},"west":{"uv":[2,0,3.5,16],"rotation":90,"texture":"#3"}}},{"from":[10.91963,12.795,-6.775],"to":[10.91963,13.89,5.08],"rotation":{"angle":-45,"axis":"y","origin":[10.91963,13.3425,5.08]},"faces":{"east":{"uv":[2,0,3.5,16],"rotation":90,"texture":"#3"},"west":{"uv":[3.5,16,2,0],"rotation":90,"texture":"#3"}}},{"from":[5.08037,15.715,-6.775],"to":[5.08037,16.81,5.08],"rotation":{"angle":45,"axis":"y","origin":[5.08037,16.2625,5.08]},"faces":{"east":{"uv":[1.5,0,0,16],"rotation":90,"texture":"#3"},"west":{"uv":[0,16,1.5,0],"rotation":90,"texture":"#3"}}},{"from":[5.08037,9.795,10.92],"to":[5.08037,10.89,22.775],"rotation":{"angle":-45,"axis":"y","origin":[5.08037,10.3425,10.92]},"faces":{"east":{"uv":[5.5,16,4,0],"rotation":90,"texture":"#3"},"west":{"uv":[4,0,5.5,16],"rotation":90,"texture":"#3"}}},{"from":[10.91963,7.715,10.92],"to":[10.91963,8.81,22.775],"rotation":{"angle":45,"axis":"y","origin":[10.91963,8.2625,10.92]},"faces":{"east":{"uv":[2,16,3.5,0],"rotation":90,"texture":"#3"},"west":{"uv":[3.5,0,2,16],"rotation":90,"texture":"#3"}}},{"from":[5.08037,9.795,-6.775],"to":[5.08037,10.89,5.08],"rotation":{"angle":45,"axis":"y","origin":[5.08037,10.3425,5.08]},"faces":{"east":{"uv":[3.5,0,2,16],"rotation":90,"texture":"#3"},"west":{"uv":[2,16,3.5,0],"rotation":90,"texture":"#3"}}},{"from":[10.91963,7.715,-6.775],"to":[10.91963,8.81,5.08],"rotation":{"angle":-45,"axis":"y","origin":[10.91963,8.2625,5.08]},"faces":{"east":{"uv":[0,0,1.5,16],"rotation":90,"texture":"#3"},"west":{"uv":[1.5,16,0,0],"rotation":90,"texture":"#3"}}}],"display":{"thirdperson_righthand":{"rotation":[90,0,0],"translation":[1.5,-2,-3.75],"scale":[2.75,2.75,2.75]},"thirdperson_lefthand":{"rotation":[37,-51,0],"translation":[0,2.25,1.5],"scale":[0.2,0.2,0.2]},"firstperson_righthand":{"rotation":[0,4,0],"translation":[2.5,3,0],"scale":[0.19,0.19,0.19]},"firstperson_lefthand":{"rotation":[0,4,0],"translation":[2.5,3,0],"scale":[0.19,0.19,0.19]},"ground":{"translation":[0,2.5,0],"scale":[0.16,0.16,0.16]},"gui":{"rotation":[25,45,0],"scale":[0.34,0.34,0.34]}},"groups":[{"name":"root","origin":[8,19,8],"color":0,"children":[{"name":"sun","origin":[8,36.52,8],"color":0,"children":[0,1,2,3,4,5,6,7,8,9,10,11,12,13,14,15]}]}]}