{"credit":"Made with Blockbench","texture_size":[128,128],"textures":{"2":"custom/aether/cosmetic/crate/zephyr_balloon","particle":"custom/aether/cosmetic/crate/zephyr_trail"},"elements":[{"from":[2.5,3,2],"to":[13.5,14,14],"rotation":{"angle":0,"axis":"y","origin":[10,3,-37.5]},"faces":{"north":{"uv":[4,1.625,4.5,2.25],"texture":"#2"},"east":{"uv":[3.25,6.875,1.75,5.5],"texture":"#2"},"south":{"uv":[3.25,4.125,4.625,5.5],"texture":"#2"},"west":{"uv":[1.75,5.5,3.25,6.875],"texture":"#2"},"up":{"uv":[1.75,4.125,3.25,5.5],"rotation":90,"texture":"#2"},"down":{"uv":[3.25,4.125,1.75,5.5],"rotation":90,"texture":"#2"}}},{"from":[2.5,3,2],"to":[13.5,14,14],"rotation":{"angle":0,"axis":"y","origin":[10,3,-37.5]},"faces":{"north":{"uv":[7.375,0,7.375,0],"texture":"#2","tintindex":1},"east":{"uv":[10.625,6.875,9.125,5.5],"texture":"#2","tintindex":1},"south":{"uv":[10.625,4.125,12,5.5],"texture":"#2","tintindex":1},"west":{"uv":[9.125,5.5,10.625,6.875],"texture":"#2","tintindex":1},"up":{"uv":[9.125,4.125,10.625,5.5],"rotation":90,"texture":"#2","tintindex":1},"down":{"uv":[10.625,4.125,9.125,5.5],"rotation":90,"texture":"#2","tintindex":1}}}],"display":{"ground":{"rotation":[-13,-46,0],"translation":[0,3.25,0],"scale":[0.39,0.39,0.39]},"gui":{"rotation":[34,147,0],"translation":[-1.5,-0.75,0],"scale":[0.3,0.3,0.3]},"head":{"translation":[0,-7.75,0],"scale":[2.61,2.61,2.61]}},"groups":[{"name":"root","origin":[8,14,8],"color":0,"children":[{"name":"body","origin":[8,13,8],"color":0,"children":[{"name":"left_cheek","origin":[0.75,9.75,-8.75],"color":0,"children":[]},{"name":"right_cheek","origin":[15.25,9.75,-8.75],"color":0,"children":[]},{"name":"left_arm","origin":[-1.5,10,1.5],"color":0,"children":[]},{"name":"right_arm","origin":[17.5,10,1.5],"color":0,"children":[]}]},{"name":"tail_0","origin":[8,13,8],"color":0,"children":[{"name":"tail_1","origin":[8,11,20],"color":0,"children":[{"name":"tail_2","origin":[8,9,32],"color":0,"children":[]}]},0,1]}]}]}