{"credit":"Made with Blockbench","texture_size":[128,128],"textures":{"1":"custom/aether/cosmetic/crate/zephyr_trail","2":"custom/aether/cosmetic/crate/zephyr_balloon","3":"custom/aether/cosmetic/crate/zephyr_wind","particle":"custom/aether/cosmetic/crate/zephyr_trail"},"elements":[{"from":[-3.5,2,5.5],"to":[5.5,11,14.5],"rotation":{"angle":0,"axis":"y","origin":[8,11.875,3.57537]},"faces":{"north":{"uv":[4.75,1.25,5.875,2.375],"texture":"#2"},"east":{"uv":[7.25,4.125,6.125,5.25],"texture":"#2"},"south":{"uv":[3.375,5.625,4.5,6.75],"texture":"#2"},"west":{"uv":[5.875,1.25,7,2.375],"texture":"#2"},"up":{"uv":[4.75,0.125,5.875,1.25],"rotation":180,"texture":"#2"},"down":{"uv":[5.875,0.125,7,1.25],"rotation":180,"texture":"#2"}}},{"from":[10.5,2,5.5],"to":[19.5,11,14.5],"rotation":{"angle":0,"axis":"y","origin":[8,11.875,3.57537]},"faces":{"north":{"uv":[5.875,1.25,4.75,2.375],"texture":"#2"},"east":{"uv":[7,1.25,5.875,2.375],"texture":"#2"},"south":{"uv":[4.5,5.625,3.375,6.75],"texture":"#2"},"west":{"uv":[6.125,4.125,7.25,5.25],"texture":"#2"},"up":{"uv":[5.875,0.125,4.75,1.25],"rotation":180,"texture":"#2"},"down":{"uv":[7,0.125,5.875,1.25],"rotation":180,"texture":"#2"}}},{"from":[-3.5,2,5.5],"to":[5.5,11,14.5],"rotation":{"angle":0,"axis":"y","origin":[8,11.875,3.57537]},"faces":{"north":{"uv":[12.125,1.25,13.25,2.375],"texture":"#2","tintindex":1},"east":{"uv":[14.625,4.125,13.5,5.25],"texture":"#2","tintindex":1},"south":{"uv":[10.75,5.625,11.875,6.75],"texture":"#2","tintindex":1},"west":{"uv":[13.25,1.25,14.375,2.375],"texture":"#2","tintindex":1},"up":{"uv":[12.125,0.125,13.25,1.25],"rotation":180,"texture":"#2","tintindex":1},"down":{"uv":[13.25,0.125,14.375,1.25],"rotation":180,"texture":"#2","tintindex":1}}},{"from":[10.5,2,5.5],"to":[19.5,11,14.5],"rotation":{"angle":0,"axis":"y","origin":[8,11.875,3.57537]},"faces":{"north":{"uv":[13.25,1.25,12.125,2.375],"texture":"#2","tintindex":1},"east":{"uv":[14.375,1.25,13.25,2.375],"texture":"#2","tintindex":1},"south":{"uv":[11.875,5.625,10.75,6.75],"texture":"#2","tintindex":1},"west":{"uv":[13.5,4.125,14.625,5.25],"texture":"#2","tintindex":1},"up":{"uv":[13.25,0.125,12.125,1.25],"rotation":180,"texture":"#2","tintindex":1},"down":{"uv":[14.375,0.125,13.25,1.25],"rotation":180,"texture":"#2","tintindex":1}}},{"from":[-7.25,2,17],"to":[0.75,8,23],"rotation":{"angle":45,"axis":"z","origin":[-3.25,5,20]},"faces":{"north":{"uv":[1,5.875,0,5.125],"rotation":180,"texture":"#2"},"east":{"uv":[0,3.6875,0.75,4.125],"texture":"#2"},"south":{"uv":[1,5.875,0,5.125],"texture":"#2"},"west":{"uv":[1,5.125,1.75,5.875],"texture":"#2"},"up":{"uv":[0,4.125,0.75,5.125],"rotation":90,"texture":"#2"},"down":{"uv":[0,4.125,0.75,5.125],"rotation":90,"texture":"#2"}}},{"from":[-7.25,2,17],"to":[0.75,8,23],"rotation":{"angle":45,"axis":"z","origin":[-3.25,5,20]},"faces":{"north":{"uv":[8.375,5.875,7.375,5.125],"rotation":180,"texture":"#2","tintindex":1},"east":{"uv":[7.375,3.6875,8.125,4.125],"texture":"#2","tintindex":1},"south":{"uv":[8.375,5.875,7.375,5.125],"texture":"#2","tintindex":1},"west":{"uv":[8.375,5.125,9.125,5.875],"texture":"#2","tintindex":1},"up":{"uv":[7.375,4.125,8.125,5.125],"rotation":90,"texture":"#2","tintindex":1},"down":{"uv":[7.375,4.125,8.125,5.125],"rotation":90,"texture":"#2","tintindex":1}}},{"from":[15.25,2,17],"to":[23.25,8,23],"rotation":{"angle":-45,"axis":"z","origin":[19.25,5,20]},"faces":{"north":{"uv":[0,5.875,1,5.125],"rotation":180,"texture":"#2"},"east":{"uv":[1.75,5.125,1,5.875],"texture":"#2"},"south":{"uv":[0,5.875,1,5.125],"texture":"#2"},"west":{"uv":[0.75,3.6875,0,4.125],"texture":"#2"},"up":{"uv":[0,5.125,0.75,4.125],"rotation":90,"texture":"#2"},"down":{"uv":[0,5.125,0.75,4.125],"rotation":90,"texture":"#2"}}},{"from":[15.25,2,17],"to":[23.25,8,23],"rotation":{"angle":-45,"axis":"z","origin":[19.25,5,20]},"faces":{"north":{"uv":[7.375,5.875,8.375,5.125],"rotation":180,"texture":"#2","tintindex":1},"east":{"uv":[9.125,5.125,8.375,5.875],"texture":"#2","tintindex":1},"south":{"uv":[7.375,5.875,8.375,5.125],"texture":"#2","tintindex":1},"west":{"uv":[8.125,3.6875,7.375,4.125],"texture":"#2","tintindex":1},"up":{"uv":[7.375,5.125,8.125,4.125],"rotation":90,"texture":"#2","tintindex":1},"down":{"uv":[7.375,5.125,8.125,4.125],"rotation":90,"texture":"#2","tintindex":1}}},{"from":[-1.5,4,7.5],"to":[17.5,18,26.5],"rotation":{"angle":0,"axis":"y","origin":[8,11.875,3.57537]},"faces":{"north":{"uv":[0,2.375,2.375,4.125],"texture":"#2"},"east":{"uv":[4.75,2.375,2.375,4.125],"texture":"#2"},"south":{"uv":[4.75,2.375,7.125,4.125],"texture":"#2"},"west":{"uv":[2.375,2.375,4.75,4.125],"texture":"#2"},"up":{"uv":[2.375,2.375,0,0],"texture":"#2"},"down":{"uv":[2.375,0,4.75,2.375],"texture":"#2"}}},{"from":[-1.5,4,7.5],"to":[17.5,18,26.5],"rotation":{"angle":0,"axis":"y","origin":[8,11.875,3.57537]},"faces":{"north":{"uv":[7.375,2.375,9.75,4.125],"texture":"#2","tintindex":1},"east":{"uv":[12.125,2.375,9.75,4.125],"texture":"#2","tintindex":1},"south":{"uv":[12.125,2.375,14.5,4.125],"texture":"#2","tintindex":1},"west":{"uv":[9.75,2.375,12.125,4.125],"texture":"#2","tintindex":1},"up":{"uv":[9.75,2.375,7.375,0],"texture":"#2","tintindex":1},"down":{"uv":[9.75,0,12.125,2.375],"texture":"#2","tintindex":1}}},{"from":[2.67442,13.25,10.97853],"to":[2.67442,23.75,31.97853],"rotation":{"angle":-22.5,"axis":"y","origin":[-15.61349,13.125,3.77408]},"faces":{"east":{"uv":[10.5,3.25,0,8.5],"texture":"#1","tintindex":1},"west":{"uv":[0,3.25,10.5,8.5],"texture":"#1","tintindex":1}}},{"from":[13.32558,13.25,10.97853],"to":[13.32558,23.75,31.97853],"rotation":{"angle":22.5,"axis":"y","origin":[31.61349,13.125,3.77408]},"faces":{"east":{"uv":[10.5,3.25,0,8.5],"texture":"#1","tintindex":1},"west":{"uv":[0,3.25,10.5,8.5],"texture":"#1","tintindex":1}}},{"from":[5.5,4,7.45],"to":[10.5,11,7.45],"rotation":{"angle":0,"axis":"y","origin":[8,11.875,3.57537]},"faces":{"north":{"uv":[0,8,2.5,11.5],"texture":"#3"}}},{"from":[8.925,3,-16],"to":[8.925,11,8],"rotation":{"angle":-22.5,"axis":"y","origin":[8.925,7,7]},"faces":{"east":{"uv":[0,3.5,12,7.5],"texture":"#3","tintindex":1},"west":{"uv":[12,3.5,0,7.5],"texture":"#3","tintindex":1}}},{"from":[7.35,3,-16],"to":[7.35,11,8],"rotation":{"angle":22.5,"axis":"y","origin":[7.35,7,7]},"faces":{"east":{"uv":[0,0,12,4],"texture":"#3","tintindex":1},"west":{"uv":[12,0,0,4],"texture":"#3","tintindex":1}}},{"from":[4.425,7.5,-16],"to":[12.425,7.5,8],"rotation":{"angle":22.5,"axis":"x","origin":[8.425,7.5,7]},"faces":{"up":{"uv":[0,3.5,12,7.5],"rotation":270,"texture":"#3","tintindex":1},"down":{"uv":[12,3.5,0,7.5],"rotation":270,"texture":"#3","tintindex":1}}},{"from":[4.425,5.925,-16],"to":[12.425,5.925,8],"rotation":{"angle":-22.5,"axis":"x","origin":[8.425,5.925,7]},"faces":{"up":{"uv":[0,0,12,4],"rotation":270,"texture":"#3","tintindex":1},"down":{"uv":[12,0,0,4],"rotation":270,"texture":"#3","tintindex":1}}}],"display":{"head":{"translation":[0,-11.5,-47.75],"scale":[2.61,2.61,2.61]}},"groups":[{"name":"root","origin":[8,14,8],"color":0,"children":[{"name":"body","origin":[8,13,8],"color":0,"children":[{"name":"left_cheek","origin":[0.75,9.75,-8.75],"color":0,"children":[0,1,2,3]},{"name":"right_cheek","origin":[15.25,9.75,-8.75],"color":0,"children":[]},{"name":"left_arm","origin":[-1.5,10,1.5],"color":0,"children":[4,5,6,7]},{"name":"right_arm","origin":[17.5,10,1.5],"color":0,"children":[]},8,9,10,11,12]},{"name":"tail_0","origin":[8,13,8],"color":0,"children":[{"name":"tail_1","origin":[8,11,20],"color":0,"children":[{"name":"tail_2","origin":[8,9,32],"color":0,"children":[]}]}]}]},13,14,15,16]}