{"credit":"Made with Blockbench","texture_size":[128,128],"textures":{"1":"custom/aether/cosmetic/crate/zephyr_trail","2":"custom/aether/cosmetic/crate/zephyr_balloon","particle":"custom/aether/cosmetic/crate/zephyr_trail"},"elements":[{"from":[-3.5,5,-9],"to":[5.5,14,0],"rotation":{"angle":0,"axis":"y","origin":[8,6.5,2.5]},"faces":{"north":{"uv":[4.75,1.25,5.875,2.375],"texture":"#2"},"east":{"uv":[7.25,4.125,6.125,5.25],"texture":"#2"},"south":{"uv":[3.375,5.625,4.5,6.75],"texture":"#2"},"west":{"uv":[5.875,1.25,7,2.375],"texture":"#2"},"up":{"uv":[4.75,0.125,5.875,1.25],"rotation":180,"texture":"#2"},"down":{"uv":[5.875,0.125,7,1.25],"rotation":180,"texture":"#2"}}},{"from":[10.5,5,-9],"to":[19.5,14,0],"rotation":{"angle":0,"axis":"y","origin":[8,6.5,2.5]},"faces":{"north":{"uv":[5.875,1.25,4.75,2.375],"texture":"#2"},"east":{"uv":[7,1.25,5.875,2.375],"texture":"#2"},"south":{"uv":[4.5,5.625,3.375,6.75],"texture":"#2"},"west":{"uv":[6.125,4.125,7.25,5.25],"texture":"#2"},"up":{"uv":[5.875,0.125,4.75,1.25],"rotation":180,"texture":"#2"},"down":{"uv":[7,0.125,5.875,1.25],"rotation":180,"texture":"#2"}}},{"from":[-3.5,5,-9],"to":[5.5,14,0],"rotation":{"angle":0,"axis":"y","origin":[8,6.5,2.5]},"faces":{"north":{"uv":[12.125,1.25,13.25,2.375],"texture":"#2","tintindex":1},"east":{"uv":[14.625,4.125,13.5,5.25],"texture":"#2","tintindex":1},"south":{"uv":[10.75,5.625,11.875,6.75],"texture":"#2","tintindex":1},"west":{"uv":[13.25,1.25,14.375,2.375],"texture":"#2","tintindex":1},"up":{"uv":[12.125,0.125,13.25,1.25],"rotation":180,"texture":"#2","tintindex":1},"down":{"uv":[13.25,0.125,14.375,1.25],"rotation":180,"texture":"#2","tintindex":1}}},{"from":[10.5,5,-9],"to":[19.5,14,0],"rotation":{"angle":0,"axis":"y","origin":[8,6.5,2.5]},"faces":{"north":{"uv":[13.25,1.25,12.125,2.375],"texture":"#2","tintindex":1},"east":{"uv":[14.375,1.25,13.25,2.375],"texture":"#2","tintindex":1},"south":{"uv":[11.875,5.625,10.75,6.75],"texture":"#2","tintindex":1},"west":{"uv":[13.5,4.125,14.625,5.25],"texture":"#2","tintindex":1},"up":{"uv":[13.25,0.125,12.125,1.25],"rotation":180,"texture":"#2","tintindex":1},"down":{"uv":[14.375,0.125,13.25,1.25],"rotation":180,"texture":"#2","tintindex":1}}},{"from":[-8.5,7,2.5],"to":[-0.5,13,8.5],"rotation":{"angle":0,"axis":"y","origin":[8,7,2]},"faces":{"north":{"uv":[1,5.875,0,5.125],"rotation":180,"texture":"#2"},"east":{"uv":[0,3.6875,0.75,4.125],"texture":"#2"},"south":{"uv":[1,5.875,0,5.125],"texture":"#2"},"west":{"uv":[1,5.125,1.75,5.875],"texture":"#2"},"up":{"uv":[0,4.125,0.75,5.125],"rotation":90,"texture":"#2"},"down":{"uv":[0,4.125,0.75,5.125],"rotation":90,"texture":"#2"}}},{"from":[-8.5,7,2.5],"to":[-0.5,13,8.5],"rotation":{"angle":0,"axis":"y","origin":[8,7,2]},"faces":{"north":{"uv":[8.375,5.875,7.375,5.125],"rotation":180,"texture":"#2","tintindex":1},"east":{"uv":[7.375,3.6875,8.125,4.125],"texture":"#2","tintindex":1},"south":{"uv":[8.375,5.875,7.375,5.125],"texture":"#2","tintindex":1},"west":{"uv":[8.375,5.125,9.125,5.875],"texture":"#2","tintindex":1},"up":{"uv":[7.375,4.125,8.125,5.125],"rotation":90,"texture":"#2","tintindex":1},"down":{"uv":[7.375,4.125,8.125,5.125],"rotation":90,"texture":"#2","tintindex":1}}},{"from":[16.5,7,2.5],"to":[24.5,13,8.5],"rotation":{"angle":0,"axis":"y","origin":[8,7,2]},"faces":{"north":{"uv":[0,5.875,1,5.125],"rotation":180,"texture":"#2"},"east":{"uv":[1.75,5.125,1,5.875],"texture":"#2"},"south":{"uv":[0,5.875,1,5.125],"texture":"#2"},"west":{"uv":[0.75,3.6875,0,4.125],"texture":"#2"},"up":{"uv":[0,5.125,0.75,4.125],"rotation":90,"texture":"#2"},"down":{"uv":[0,5.125,0.75,4.125],"rotation":90,"texture":"#2"}}},{"from":[16.5,7,2.5],"to":[24.5,13,8.5],"rotation":{"angle":0,"axis":"y","origin":[8,7,2]},"faces":{"north":{"uv":[7.375,5.875,8.375,5.125],"rotation":180,"texture":"#2","tintindex":1},"east":{"uv":[9.125,5.125,8.375,5.875],"texture":"#2","tintindex":1},"south":{"uv":[7.375,5.875,8.375,5.125],"texture":"#2","tintindex":1},"west":{"uv":[8.125,3.6875,7.375,4.125],"texture":"#2","tintindex":1},"up":{"uv":[7.375,5.125,8.125,4.125],"rotation":90,"texture":"#2","tintindex":1},"down":{"uv":[7.375,5.125,8.125,4.125],"rotation":90,"texture":"#2","tintindex":1}}},{"from":[-1.5,7,-7],"to":[17.5,21,12],"rotation":{"angle":0,"axis":"y","origin":[7,7,-6.5]},"faces":{"north":{"uv":[0,2.375,2.375,4.125],"texture":"#2"},"east":{"uv":[4.75,2.375,2.375,4.125],"texture":"#2"},"south":{"uv":[4.75,2.375,7.125,4.125],"texture":"#2"},"west":{"uv":[2.375,2.375,4.75,4.125],"texture":"#2"},"up":{"uv":[2.375,2.375,0,0],"texture":"#2"},"down":{"uv":[2.375,0,4.75,2.375],"texture":"#2"}}},{"from":[-1.5,7,-7],"to":[17.5,21,12],"rotation":{"angle":0,"axis":"y","origin":[7,7,-6.5]},"faces":{"north":{"uv":[7.375,2.375,9.75,4.125],"texture":"#2","tintindex":1},"east":{"uv":[12.125,2.375,9.75,4.125],"texture":"#2","tintindex":1},"south":{"uv":[12.125,2.375,14.5,4.125],"texture":"#2","tintindex":1},"west":{"uv":[9.75,2.375,12.125,4.125],"texture":"#2","tintindex":1},"up":{"uv":[9.75,2.375,7.375,0],"texture":"#2","tintindex":1},"down":{"uv":[9.75,0,12.125,2.375],"texture":"#2","tintindex":1}}},{"from":[-1.5,15,3.5],"to":[-1.5,25.5,24.5],"rotation":{"angle":-22.5,"axis":"y","origin":[-1.5,18.5,3.5]},"faces":{"east":{"uv":[10.5,3.25,0,8.5],"texture":"#1","tintindex":1},"west":{"uv":[0,3.25,10.5,8.5],"texture":"#1","tintindex":1}}},{"from":[17.5,15,3.5],"to":[17.5,25.5,24.5],"rotation":{"angle":22.5,"axis":"y","origin":[17.5,18.5,3.5]},"faces":{"east":{"uv":[10.5,3.25,0,8.5],"texture":"#1","tintindex":1},"west":{"uv":[0,3.25,10.5,8.5],"texture":"#1"}}},{"from":[-12,7,28],"to":[-8,11,32],"rotation":{"angle":0,"axis":"y","origin":[-11.5,7,-0.5]},"faces":{"north":{"uv":[5.5,4.125,6,4.625],"texture":"#2"},"east":{"uv":[5.5,4.125,6,4.625],"texture":"#2"},"south":{"uv":[5.5,4.125,6,4.625],"texture":"#2"},"west":{"uv":[5.5,4.125,6,4.625],"texture":"#2"},"up":{"uv":[5.5,4.625,6,4.125],"texture":"#2"},"down":{"uv":[5.5,4.125,6,4.625],"texture":"#2"}}},{"from":[-4.5,7,24],"to":[2.5,14,31],"rotation":{"angle":0,"axis":"y","origin":[-4,7,-1.5]},"faces":{"north":{"uv":[5.5,5,4.625,5.875],"texture":"#2"},"east":{"uv":[4.625,5.875,5.5,5],"texture":"#2"},"south":{"uv":[5.5,5,4.625,4.125],"texture":"#2"},"west":{"uv":[4.625,4.125,5.5,5],"texture":"#2"},"up":{"uv":[4.625,5.875,5.5,6.75],"rotation":270,"texture":"#2"},"down":{"uv":[4.625,5.875,5.5,6.75],"texture":"#2"}}},{"from":[2.5,7,11.5],"to":[13.5,18,23.5],"rotation":{"angle":0,"axis":"y","origin":[10,7,-28]},"faces":{"north":{"uv":[0,0,0,0],"texture":"#2"},"east":{"uv":[3.25,6.875,1.75,5.5],"texture":"#2"},"south":{"uv":[3.25,4.125,4.625,5.5],"texture":"#2"},"west":{"uv":[1.75,5.5,3.25,6.875],"texture":"#2"},"up":{"uv":[1.75,4.125,3.25,5.5],"rotation":90,"texture":"#2"},"down":{"uv":[3.25,4.125,1.75,5.5],"rotation":90,"texture":"#2"}}},{"from":[2.5,7,11.5],"to":[13.5,18,23.5],"rotation":{"angle":0,"axis":"y","origin":[10,7,-28]},"faces":{"north":{"uv":[7.375,0,7.375,0],"texture":"#2","tintindex":1},"east":{"uv":[10.625,6.875,9.125,5.5],"texture":"#2","tintindex":1},"south":{"uv":[10.625,4.125,12,5.5],"texture":"#2","tintindex":1},"west":{"uv":[9.125,5.5,10.625,6.875],"texture":"#2","tintindex":1},"up":{"uv":[9.125,4.125,10.625,5.5],"rotation":90,"texture":"#2","tintindex":1},"down":{"uv":[10.625,4.125,9.125,5.5],"rotation":90,"texture":"#2","tintindex":1}}}],"display":{"ground":{"rotation":[-13,-46,0],"translation":[0,3.25,0],"scale":[0.39,0.39,0.39]},"gui":{"rotation":[34,147,0],"translation":[-1.5,-0.75,0],"scale":[0.3,0.3,0.3]},"head":{"scale":[2.2857,2.2857,2.2857]}},"groups":[{"name":"root","origin":[8,14,8],"color":0,"children":[{"name":"body","origin":[8,13,8],"color":0,"children":[{"name":"left_cheek","origin":[0.75,9.75,-8.75],"color":0,"children":[0,1,2,3]},{"name":"right_cheek","origin":[15.25,9.75,-8.75],"color":0,"children":[]},{"name":"left_arm","origin":[-1.5,10,1.5],"color":0,"children":[4,5]},{"name":"right_arm","origin":[17.5,10,1.5],"color":0,"children":[6,7]},8,9,10,11]},{"name":"tail_0","origin":[8,13,8],"color":0,"children":[{"name":"tail_1","origin":[8,11,20],"color":0,"children":[{"name":"tail_2","origin":[8,9,32],"color":0,"children":[12]},13]},14,15]}]}]}