{"credit":"Made with Blockbench","texture_size":[128,128],"textures":{"2":"custom/aether/cosmetic/crate/zephyr_balloon","particle":"custom/aether/cosmetic/crate/zephyr_trail"},"elements":[{"from":[4.5,7,4.5],"to":[11.5,14,11.5],"rotation":{"angle":0,"axis":"y","origin":[5,7,-21]},"faces":{"north":{"uv":[5.5,5,4.625,5.875],"texture":"#2"},"east":{"uv":[4.625,5.875,5.5,5],"texture":"#2"},"south":{"uv":[5.5,5,4.625,4.125],"texture":"#2"},"west":{"uv":[4.625,4.125,5.5,5],"texture":"#2"},"up":{"uv":[4.625,5.875,5.5,6.75],"rotation":270,"texture":"#2"},"down":{"uv":[4.625,5.875,5.5,6.75],"texture":"#2"}}}],"display":{"ground":{"rotation":[-13,-46,0],"translation":[0,3.25,0],"scale":[0.39,0.39,0.39]},"gui":{"rotation":[34,147,0],"translation":[-1.5,-0.75,0],"scale":[0.3,0.3,0.3]},"head":{"translation":[0,-10.5,0],"scale":[2.61,2.61,2.61]}},"groups":[{"name":"root","origin":[8,14,8],"color":0,"children":[{"name":"body","origin":[8,13,8],"color":0,"children":[{"name":"left_cheek","origin":[0.75,9.75,-8.75],"color":0,"children":[]},{"name":"right_cheek","origin":[15.25,9.75,-8.75],"color":0,"children":[]},{"name":"left_arm","origin":[-1.5,10,1.5],"color":0,"children":[]},{"name":"right_arm","origin":[17.5,10,1.5],"color":0,"children":[]}]},{"name":"tail_0","origin":[8,13,8],"color":0,"children":[{"name":"tail_1","origin":[8,11,20],"color":0,"children":[{"name":"tail_2","origin":[8,9,32],"color":0,"children":[]},0]}]}]}]}