{"credit":"Made with Blockbench","texture_size":[64,64],"textures":{"0":"custom/aether/entity/moa/moa_egg_nest","particle":"custom/aether/entity/moa/moa_egg_nest"},"elements":[{"from":[4,2,4],"to":[12,14,12],"rotation":{"angle":0,"axis":"y","origin":[3,2,3]},"faces":{"north":{"uv":[8,6,10,9],"texture":"#0"},"east":{"uv":[10,6,12,9],"texture":"#0"},"south":{"uv":[8,6,10,9],"texture":"#0"},"west":{"uv":[10,6,12,9],"texture":"#0"},"up":{"uv":[10,6,8,4],"texture":"#0"},"down":{"uv":[10,4,12,6],"texture":"#0"}}},{"from":[0,0,0],"to":[16,7,2],"faces":{"north":{"uv":[8,2.25,12,4],"texture":"#0"},"east":{"uv":[11.5,2.25,12,4],"texture":"#0"},"south":{"uv":[7.5,0,11.5,1.75],"texture":"#0"},"west":{"uv":[8,2.25,8.5,4],"texture":"#0"},"up":{"uv":[0,0,4,0.5],"texture":"#0"},"down":{"uv":[4,3.5,8,4],"texture":"#0"}}},{"from":[0,7,0],"to":[9,8,0],"rotation":{"angle":0,"axis":"y","origin":[0,7,0]},"faces":{"north":{"uv":[9.75,2,12,2.25],"texture":"#0"},"east":{"uv":[0,0,0,0.25],"texture":"#0"},"south":{"uv":[0,0,2.25,0.25],"texture":"#0"},"west":{"uv":[0,0,0,0.25],"texture":"#0"},"up":{"uv":[0,0,2.25,0],"texture":"#0"},"down":{"uv":[0,0,2.25,0],"texture":"#0"}}},{"from":[13,7,0],"to":[16,8,0],"rotation":{"angle":0,"axis":"y","origin":[7,7,0]},"faces":{"north":{"uv":[8,2,8.75,2.25],"texture":"#0"},"south":{"uv":[8.75,2,8,2.25],"texture":"#0"}}},{"from":[13,8,0],"to":[15,9,0],"rotation":{"angle":0,"axis":"y","origin":[7,7,0]},"faces":{"north":{"uv":[8.25,1.75,8.75,2],"texture":"#0"},"south":{"uv":[8.25,1.75,8.75,2],"texture":"#0"}}},{"from":[10,7,0],"to":[12,8,0],"rotation":{"angle":0,"axis":"y","origin":[4,6,0]},"faces":{"north":{"uv":[9,2,9.5,2.25],"texture":"#0"},"south":{"uv":[9,2,9.5,2.25],"texture":"#0"}}},{"from":[1,8,0],"to":[3,9,0],"rotation":{"angle":0,"axis":"y","origin":[-5,7,0]},"faces":{"north":{"uv":[11.25,1.75,11.75,2],"texture":"#0"},"south":{"uv":[11.25,1.75,11.75,2],"texture":"#0"}}},{"from":[4,8,0],"to":[6,9,0],"rotation":{"angle":0,"axis":"y","origin":[-2,7,0]},"faces":{"north":{"uv":[10.5,1.75,11,2],"texture":"#0"},"south":{"uv":[10.5,1.75,11,2],"texture":"#0"}}},{"from":[16,8,4],"to":[16,9,6],"rotation":{"angle":0,"axis":"y","origin":[16,7,-2]},"faces":{"east":{"uv":[10.5,1.75,11,2],"texture":"#0"},"west":{"uv":[10.5,1.75,11,2],"texture":"#0"}}},{"from":[16,8,1],"to":[16,9,3],"rotation":{"angle":0,"axis":"y","origin":[16,7,-5]},"faces":{"east":{"uv":[11.25,1.75,11.75,2],"texture":"#0"},"west":{"uv":[11.25,1.75,11.75,2],"texture":"#0"}}},{"from":[16,7,10],"to":[16,8,12],"rotation":{"angle":0,"axis":"y","origin":[16,6,4]},"faces":{"east":{"uv":[9,2,9.5,2.25],"texture":"#0"},"west":{"uv":[9,2,9.5,2.25],"texture":"#0"}}},{"from":[16,8,13],"to":[16,9,15],"rotation":{"angle":0,"axis":"y","origin":[16,7,7]},"faces":{"east":{"uv":[8.25,1.75,8.75,2],"texture":"#0"},"west":{"uv":[8.25,1.75,8.75,2],"texture":"#0"}}},{"from":[16,7,13],"to":[16,8,16],"rotation":{"angle":0,"axis":"y","origin":[16,7,7]},"faces":{"east":{"uv":[8,2,8.75,2.25],"texture":"#0"},"west":{"uv":[8.75,2,8,2.25],"texture":"#0"}}},{"from":[16,7,0],"to":[16,8,9],"rotation":{"angle":0,"axis":"y","origin":[16,7,0]},"faces":{"north":{"uv":[0,0,0,0.25],"texture":"#0"},"east":{"uv":[9.75,2,12,2.25],"texture":"#0"},"south":{"uv":[0,0,0,0.25],"texture":"#0"},"west":{"uv":[0,0,2.25,0.25],"texture":"#0"},"up":{"uv":[0,0,2.25,0],"rotation":90,"texture":"#0"},"down":{"uv":[0,0,2.25,0],"rotation":270,"texture":"#0"}}},{"from":[10,8,16],"to":[12,9,16],"rotation":{"angle":0,"axis":"y","origin":[18,7,16]},"faces":{"north":{"uv":[10.5,1.75,11,2],"texture":"#0"},"south":{"uv":[10.5,1.75,11,2],"texture":"#0"}}},{"from":[13,8,16],"to":[15,9,16],"rotation":{"angle":0,"axis":"y","origin":[21,7,16]},"faces":{"north":{"uv":[11.25,1.75,11.75,2],"texture":"#0"},"south":{"uv":[11.25,1.75,11.75,2],"texture":"#0"}}},{"from":[4,7,16],"to":[6,8,16],"rotation":{"angle":0,"axis":"y","origin":[12,6,16]},"faces":{"north":{"uv":[9,2,9.5,2.25],"texture":"#0"},"south":{"uv":[9,2,9.5,2.25],"texture":"#0"}}},{"from":[1,8,16],"to":[3,9,16],"rotation":{"angle":0,"axis":"y","origin":[9,7,16]},"faces":{"north":{"uv":[8.25,1.75,8.75,2],"texture":"#0"},"south":{"uv":[8.25,1.75,8.75,2],"texture":"#0"}}},{"from":[0,7,16],"to":[3,8,16],"rotation":{"angle":0,"axis":"y","origin":[9,7,16]},"faces":{"north":{"uv":[8.75,2,8,2.25],"texture":"#0"},"south":{"uv":[8,2,8.75,2.25],"texture":"#0"}}},{"from":[7,7,16],"to":[16,8,16],"rotation":{"angle":0,"axis":"y","origin":[16,7,16]},"faces":{"north":{"uv":[0,0,2.25,0.25],"texture":"#0"},"east":{"uv":[0,0,0,0.25],"texture":"#0"},"south":{"uv":[9.75,2,12,2.25],"texture":"#0"},"west":{"uv":[0,0,0,0.25],"texture":"#0"},"up":{"uv":[0,0,2.25,0],"rotation":180,"texture":"#0"},"down":{"uv":[0,0,2.25,0],"rotation":180,"texture":"#0"}}},{"from":[0,8,10],"to":[0,9,12],"rotation":{"angle":0,"axis":"y","origin":[0,7,18]},"faces":{"east":{"uv":[10.5,1.75,11,2],"texture":"#0"},"west":{"uv":[10.5,1.75,11,2],"texture":"#0"}}},{"from":[0,8,13],"to":[0,9,15],"rotation":{"angle":0,"axis":"y","origin":[0,7,21]},"faces":{"east":{"uv":[11.25,1.75,11.75,2],"texture":"#0"},"west":{"uv":[11.25,1.75,11.75,2],"texture":"#0"}}},{"from":[0,7,4],"to":[0,8,6],"rotation":{"angle":0,"axis":"y","origin":[0,6,12]},"faces":{"east":{"uv":[9,2,9.5,2.25],"texture":"#0"},"west":{"uv":[9,2,9.5,2.25],"texture":"#0"}}},{"from":[0,8,1],"to":[0,9,3],"rotation":{"angle":0,"axis":"y","origin":[0,7,9]},"faces":{"east":{"uv":[8.25,1.75,8.75,2],"texture":"#0"},"west":{"uv":[8.25,1.75,8.75,2],"texture":"#0"}}},{"from":[0,7,0],"to":[0,8,3],"rotation":{"angle":0,"axis":"y","origin":[0,7,9]},"faces":{"east":{"uv":[8.75,2,8,2.25],"texture":"#0"},"west":{"uv":[8,2,8.75,2.25],"texture":"#0"}}},{"from":[0,7,7],"to":[0,8,16],"rotation":{"angle":0,"axis":"y","origin":[0,7,16]},"faces":{"north":{"uv":[0,0,0,0.25],"texture":"#0"},"east":{"uv":[0,0,2.25,0.25],"texture":"#0"},"south":{"uv":[0,0,0,0.25],"texture":"#0"},"west":{"uv":[9.75,2,12,2.25],"texture":"#0"},"up":{"uv":[0,0,2.25,0],"rotation":270,"texture":"#0"},"down":{"uv":[0,0,2.25,0],"rotation":90,"texture":"#0"}}},{"from":[0,0,14],"to":[16,7,16],"rotation":{"angle":0,"axis":"y","origin":[16,0,16]},"faces":{"north":{"uv":[7.5,0,11.5,1.75],"texture":"#0"},"east":{"uv":[8,2.25,8.5,4],"texture":"#0"},"south":{"uv":[8,2.25,12,4],"texture":"#0"},"west":{"uv":[11.5,2.25,12,4],"texture":"#0"},"up":{"uv":[4,0.5,0,0],"texture":"#0"},"down":{"uv":[4,0,8,0.5],"texture":"#0"}}},{"from":[0,0,2],"to":[2,7,14],"rotation":{"angle":0,"axis":"y","origin":[0,0,16]},"faces":{"east":{"uv":[8,0,11,1.75],"texture":"#0"},"west":{"uv":[8.5,2.25,11.5,4],"texture":"#0"},"up":{"uv":[3.5,0.5,0.5,0],"rotation":90,"texture":"#0"},"down":{"uv":[4.5,3.5,4,0.5],"rotation":180,"texture":"#0"}}},{"from":[14,0,2],"to":[16,7,14],"rotation":{"angle":0,"axis":"y","origin":[16,0,0]},"faces":{"east":{"uv":[8.5,2.25,11.5,4],"texture":"#0"},"west":{"uv":[8,0,11,1.75],"texture":"#0"},"up":{"uv":[0.5,0,3.5,0.5],"rotation":90,"texture":"#0"},"down":{"uv":[8,3.5,7.5,0.5],"rotation":180,"texture":"#0"}}},{"from":[2,0,2],"to":[14,2,14],"rotation":{"angle":0,"axis":"y","origin":[2,0,16]},"faces":{"up":{"uv":[12,3,15,0],"texture":"#0"},"down":{"uv":[7.5,3.5,4.5,0.5],"rotation":180,"texture":"#0"}}}],"groups":[0,{"name":"group","origin":[2,0,16],"color":0,"children":[1,2,3,4,5,6,7,8,9,10,11,12,13,14,15,16,17,18,19,20,21,22,23,24,25,26,27,28,29]}]}