{"credit":"Made with Blockbench","texture_size":[64,64],"textures":{"0":"custom/aether/entity/moa/moa_egg_nest","particle":"custom/aether/entity/moa/moa_egg_nest"},"elements":[{"from":[4,0,4],"to":[12,12,12],"rotation":{"angle":0,"axis":"y","origin":[3,0,3]},"faces":{"north":{"uv":[8,6,10,9],"texture":"#0"},"east":{"uv":[10,6,12,9],"texture":"#0"},"south":{"uv":[8,6,10,9],"texture":"#0"},"west":{"uv":[10,6,12,9],"texture":"#0"},"up":{"uv":[10,6,8,4],"texture":"#0"},"down":{"uv":[10,4,12,6],"texture":"#0"}}}]}