{"credit":"Made with Blockbench","texture_size":[64,64],"textures":{"0":"custom/aether/entity/moa/moa_egg_nest","particle":"custom/aether/entity/moa/moa_egg_nest"},"elements":[{"from":[4,0,4],"to":[12,12,12],"rotation":{"angle":0,"axis":"y","origin":[3,0,3]},"faces":{"north":{"uv":[4,11,6,14],"texture":"#0"},"east":{"uv":[6,11,8,14],"texture":"#0"},"south":{"uv":[4,11,6,14],"texture":"#0"},"west":{"uv":[6,11,8,14],"texture":"#0"},"up":{"uv":[6,11,4,9],"texture":"#0"},"down":{"uv":[6,9,8,11],"texture":"#0"}}}]}