{"credit":"Made with Blockbench","texture_size":[64,64],"textures":{"0":"custom/aether/entity/moa/moa_egg_nest","particle":"custom/aether/entity/moa/moa_egg_nest"},"elements":[{"from":[0,0,0],"to":[16,7,16],"faces":{"up":{"uv":[0,0,4,4],"texture":"#0"},"down":{"uv":[4,0,8,4],"texture":"#0"}}},{"from":[0,0,0],"to":[16,9,16],"faces":{"north":{"uv":[8,1.75,12,4],"texture":"#0"},"east":{"uv":[8,1.75,12,4],"texture":"#0"},"south":{"uv":[8,1.75,12,4],"texture":"#0"},"west":{"uv":[8,1.75,12,4],"texture":"#0"}}},{"name":"cube inverted","from":[14,7,14],"to":[2,2,2],"rotation":{"angle":0,"axis":"y","origin":[2,4,2]},"faces":{"north":{"uv":[8,1.25,11,0],"texture":"#0"},"east":{"uv":[8,1.25,11,0],"texture":"#0"},"south":{"uv":[8,1.25,11,0],"texture":"#0"},"west":{"uv":[8,1.25,11,0],"texture":"#0"},"up":{"uv":[15,0,12,3],"texture":"#0"}}},{"name":"cube inverted","from":[16,9,16],"to":[0,0,0],"faces":{"north":{"uv":[8,4,12,1.75],"texture":"#0"},"east":{"uv":[8,4,12,1.75],"texture":"#0"},"south":{"uv":[8,4,12,1.75],"texture":"#0"},"west":{"uv":[8,4,12,1.75],"texture":"#0"}}}]}