{"providers":[{"type":"space","advances":{" ":4,"‌":0,"":-177,"":-8,"":8,"":-20,"":52,"":70,"":88,"":-52,"":-70,"":-88,"":-1,"":-2,"":-4,"":-8,"":-16,"":-32,"":-64,"":-128,"":1,"":2,"":4,"":8,"":16,"":32,"":64,"":128}},{"type":"bitmap","file":"minecraft:font/ascii.png","ascent":3,"height":8,"chars":["\u0000\u0000\u0000\u0000\u0000\u0000\u0000\u0000\u0000\u0000\u0000\u0000\u0000\u0000\u0000\u0000","\u0000\u0000\u0000\u0000\u0000\u0000\u0000\u0000\u0000\u0000\u0000\u0000\u0000\u0000\u0000\u0000"," !\"#$%&'()*+,-./","0123456789:;<=>?","@ABCDEFGHIJKLMNO","PQRSTUVWXYZ[\\]^_","`abcdefghijklmno","pqrstuvwxyz{|}~\u0000","\u0000\u0000\u0000\u0000\u0000\u0000\u0000\u0000\u0000\u0000\u0000\u0000\u0000\u0000\u0000\u0000","\u0000\u0000\u0000\u0000\u0000\u0000\u0000\u0000\u0000\u0000\u0000\u0000£\u0000\u0000ƒ","\u0000\u0000\u0000\u0000\u0000\u0000ªº\u0000\u0000¬\u0000\u0000\u0000«»","░▒▓│┤╡╢╖╕╣║╗╝╜╛┐","└┴┬├─┼╞╟╚╔╩╦╠═╬╧","╨╤╥╙╘╒╓╫╪┘┌█▄▌▐▀","\u0000\u0000\u0000\u0000\u0000\u0000\u0000\u0000\u0000\u0000\u0000\u0000\u0000∅∈\u0000","≡±≥≤⌠⌡÷≈°∙\u0000√ⁿ²■\u0000"]},{"type":"bitmap","file":"custom_ui/archeology/reconstruction_table.png","ascent":19,"height":256,"chars":[""]},{"type":"bitmap","file":"custom_ui/archeology/artifact_deselect.png","ascent":-3,"height":32,"chars":[""]},{"type":"bitmap","file":"custom_ui/archeology/artifact_deselect.png","ascent":-21,"height":32,"chars":[""]},{"type":"bitmap","file":"custom_ui/archeology/artifact_deselect.png","ascent":-39,"height":32,"chars":[""]},{"type":"bitmap","file":"custom_ui/archeology/artifact_deselect.png","ascent":-57,"height":32,"chars":[""]},{"type":"bitmap","file":"custom_ui/archeology/artifact_disabled.png","ascent":-3,"height":32,"chars":[""]},{"type":"bitmap","file":"custom_ui/archeology/artifact_disabled.png","ascent":-21,"height":32,"chars":[""]},{"type":"bitmap","file":"custom_ui/archeology/artifact_disabled.png","ascent":-39,"height":32,"chars":[""]},{"type":"bitmap","file":"custom_ui/archeology/artifact_disabled.png","ascent":-57,"height":32,"chars":[""]},{"type":"bitmap","file":"custom_ui/archeology/artifact_select.png","ascent":-3,"height":32,"chars":[""]},{"type":"bitmap","file":"custom_ui/archeology/artifact_select.png","ascent":-21,"height":32,"chars":[""]},{"type":"bitmap","file":"custom_ui/archeology/artifact_select.png","ascent":-39,"height":32,"chars":[""]},{"type":"bitmap","file":"custom_ui/archeology/artifact_select.png","ascent":-57,"height":32,"chars":[""]},{"type":"bitmap","file":"custom_ui/archeology/reconstruction_table_fragment_outline.png","ascent":19,"height":256,"chars":[""]}]}