{"providers":[{"type":"space","advances":{" ":4,"‌":0}},{"type":"bitmap","file":"custom_ui/pixel.png","ascent":-2,"height":2,"chars":["꤁"]},{"type":"bitmap","file":"custom_ui/pixel.png","ascent":-4,"height":2,"chars":["꤂"]},{"type":"bitmap","file":"custom_ui/pixel.png","ascent":-6,"height":2,"chars":["꤃"]},{"type":"bitmap","file":"custom_ui/pixel.png","ascent":-8,"height":2,"chars":["꤄"]},{"type":"bitmap","file":"custom_ui/pixel.png","ascent":-10,"height":2,"chars":["꤅"]},{"type":"bitmap","file":"custom_ui/pixel.png","ascent":-12,"height":2,"chars":["꤆"]},{"type":"bitmap","file":"custom_ui/pixel.png","ascent":-14,"height":2,"chars":["꤇"]},{"type":"bitmap","file":"custom_ui/pixel.png","ascent":-16,"height":2,"chars":["꤈"]},{"type":"bitmap","file":"custom_ui/dungeons/party_ui_case.png","ascent":1,"height":22,"chars":["꤉"]},{"type":"bitmap","file":"custom_ui/heart_full.png","ascent":-6,"height":9,"chars":["ꤊ"]},{"type":"bitmap","file":"custom_ui/heart_flash.png","ascent":-6,"height":9,"chars":["ꤋ"]},{"type":"bitmap","file":"custom_ui/death_skull.png","ascent":-6,"height":9,"chars":["ꤌ"]},{"type":"bitmap","file":"custom_ui/ruby_hud_numbers.png","ascent":-7,"height":8,"chars":["0123456789"]}]}