{"providers":[{"type":"space","advances":{" ":4,"‌":0,"":8,"":-10,"":82,"":-82,"":-1,"":-2,"":-4,"":-8,"":-16,"":-32,"":-64,"":-128,"":1,"":2,"":4,"":8,"":16,"":32,"":64,"":128}},{"type":"bitmap","file":"minecraft:font/ascii.png","ascent":4,"height":8,"chars":["\u0000\u0000\u0000\u0000\u0000\u0000\u0000\u0000\u0000\u0000\u0000\u0000\u0000\u0000\u0000\u0000","\u0000\u0000\u0000\u0000\u0000\u0000\u0000\u0000\u0000\u0000\u0000\u0000\u0000\u0000\u0000\u0000"," !\"#$%&'()*+,-./","0123456789:;<=>?","@ABCDEFGHIJKLMNO","PQRSTUVWXYZ[\\]^_","`abcdefghijklmno","pqrstuvwxyz{|}~\u0000","\u0000\u0000\u0000\u0000\u0000\u0000\u0000\u0000\u0000\u0000\u0000\u0000\u0000\u0000\u0000\u0000","\u0000\u0000\u0000\u0000\u0000\u0000\u0000\u0000\u0000\u0000\u0000\u0000£\u0000\u0000ƒ","\u0000\u0000\u0000\u0000\u0000\u0000ªº\u0000\u0000¬\u0000\u0000\u0000«»","░▒▓│┤╡╢╖╕╣║╗╝╜╛┐","└┴┬├─┼╞╟╚╔╩╦╠═╬╧","╨╤╥╙╘╒╓╫╪┘┌█▄▌▐▀","\u0000\u0000\u0000\u0000\u0000\u0000\u0000\u0000\u0000\u0000\u0000\u0000\u0000∅∈\u0000","≡±≥≤⌠⌡÷≈°∙\u0000√ⁿ²■\u0000"]},{"type":"bitmap","file":"custom_ui/hunger_sprites.png","ascent":-26,"height":9,"chars":["",""]},{"type":"bitmap","file":"custom_ui/hunger_sprites.png","ascent":-25,"height":9,"chars":["",""]},{"type":"bitmap","file":"custom_ui/hunger_sprites.png","ascent":-27,"height":9,"chars":["",""]}]}