{"providers":[{"type":"space","advances":{" ":4,"‌":0,"":-177,"":-8,"":8,"":-24,"":24,"":6,"":-6,"":18,"":-241,"":-30,"":30,"":-20,"":-1,"":-2,"":-4,"":-8,"":-16,"":-32,"":-64,"":-128,"":1,"":2,"":4,"":8,"":16,"":32,"":64,"":128}},{"type":"bitmap","file":"minecraft:font/ascii.png","ascent":3,"height":8,"chars":["\u0000\u0000\u0000\u0000\u0000\u0000\u0000\u0000\u0000\u0000\u0000\u0000\u0000\u0000\u0000\u0000","\u0000\u0000\u0000\u0000\u0000\u0000\u0000\u0000\u0000\u0000\u0000\u0000\u0000\u0000\u0000\u0000"," !\"#$%&'()*+,-./","0123456789:;<=>?","@ABCDEFGHIJKLMNO","PQRSTUVWXYZ[\\]^_","`abcdefghijklmno","pqrstuvwxyz{|}~\u0000","\u0000\u0000\u0000\u0000\u0000\u0000\u0000\u0000\u0000\u0000\u0000\u0000\u0000\u0000\u0000\u0000","\u0000\u0000\u0000\u0000\u0000\u0000\u0000\u0000\u0000\u0000\u0000\u0000£\u0000\u0000ƒ","\u0000\u0000\u0000\u0000\u0000\u0000ªº\u0000\u0000¬\u0000\u0000\u0000«»","░▒▓│┤╡╢╖╕╣║╗╝╜╛┐","└┴┬├─┼╞╟╚╔╩╦╠═╬╧","╨╤╥╙╘╒╓╫╪┘┌█▄▌▐▀","\u0000\u0000\u0000\u0000\u0000\u0000\u0000\u0000\u0000\u0000\u0000\u0000\u0000∅∈\u0000","≡±≥≤⌠⌡÷≈°∙\u0000√ⁿ²■\u0000"]},{"type":"bitmap","file":"custom_ui/journal/journal_archeology.png","ascent":19,"height":256,"chars":[""]},{"type":"bitmap","file":"custom_ui/journal/journal_first_page.png","ascent":19,"height":256,"chars":[""]},{"type":"bitmap","file":"custom_ui/journal/journal_last_page.png","ascent":19,"height":256,"chars":[""]},{"type":"bitmap","file":"custom_ui/journal/journal_question_slot.png","ascent":-21,"height":32,"chars":[""]},{"type":"bitmap","file":"custom_ui/journal/journal_question_slot.png","ascent":-39,"height":32,"chars":[""]},{"type":"bitmap","file":"custom_ui/journal/journal_question_slot.png","ascent":-57,"height":32,"chars":[""]},{"type":"bitmap","file":"custom_ui/journal/journal_question_slot.png","ascent":-75,"height":32,"chars":[""]},{"type":"bitmap","file":"custom_ui/journal/journal_row.png","ascent":-21,"height":32,"chars":[""]},{"type":"bitmap","file":"custom_ui/journal/journal_row.png","ascent":-39,"height":32,"chars":[""]},{"type":"bitmap","file":"custom_ui/journal/journal_row.png","ascent":-57,"height":32,"chars":[""]},{"type":"bitmap","file":"custom_ui/journal/journal_row.png","ascent":-75,"height":32,"chars":[""]},{"type":"bitmap","file":"custom_ui/journal/journal_artifact_highlight.png","ascent":-21,"height":32,"chars":[""]},{"type":"bitmap","file":"custom_ui/journal/journal_artifact_highlight.png","ascent":-39,"height":32,"chars":[""]},{"type":"bitmap","file":"custom_ui/journal/journal_artifact_highlight.png","ascent":-57,"height":32,"chars":[""]},{"type":"bitmap","file":"custom_ui/journal/journal_artifact_highlight.png","ascent":-75,"height":32,"chars":[""]},{"type":"bitmap","file":"custom_ui/journal/journal_green_slot.png","ascent":-21,"height":32,"chars":[""]},{"type":"bitmap","file":"custom_ui/journal/journal_green_slot.png","ascent":-39,"height":32,"chars":[""]},{"type":"bitmap","file":"custom_ui/journal/journal_green_slot.png","ascent":-57,"height":32,"chars":[""]},{"type":"bitmap","file":"custom_ui/journal/journal_green_slot.png","ascent":-75,"height":32,"chars":[""]},{"type":"bitmap","file":"custom_ui/journal/journal_red_slot.png","ascent":-21,"height":32,"chars":[""]},{"type":"bitmap","file":"custom_ui/journal/journal_red_slot.png","ascent":-39,"height":32,"chars":[""]},{"type":"bitmap","file":"custom_ui/journal/journal_red_slot.png","ascent":-57,"height":32,"chars":[""]},{"type":"bitmap","file":"custom_ui/journal/journal_red_slot.png","ascent":-75,"height":32,"chars":[""]},{"type":"bitmap","file":"custom_ui/journal/journal_fragment_highlight.png","ascent":-21,"height":32,"chars":[""]},{"type":"bitmap","file":"custom_ui/journal/journal_fragment_highlight.png","ascent":-39,"height":32,"chars":[""]},{"type":"bitmap","file":"custom_ui/journal/journal_fragment_highlight.png","ascent":-57,"height":32,"chars":[""]},{"type":"bitmap","file":"custom_ui/journal/journal_fragment_highlight.png","ascent":-75,"height":32,"chars":[""]},{"type":"bitmap","file":"custom_ui/journal/journal_textbox.png","ascent":-118,"height":256,"chars":[""]},{"type":"bitmap","file":"custom_ui/journal/journal_first_page_highlight.png","ascent":19,"height":256,"chars":[""]},{"type":"bitmap","file":"custom_ui/journal/journal_last_page_highlight.png","ascent":19,"height":256,"chars":[""]}]}