{"providers":[{"type":"space","advances":{" ":4,"‌":0,"":-1,"":-2,"":-4,"":-8,"":-16,"":-32,"":-64,"":-128}},{"type":"bitmap","file":"minecraft:font/ascii.png","ascent":-129,"height":8,"chars":["\u0000\u0000\u0000\u0000\u0000\u0000\u0000\u0000\u0000\u0000\u0000\u0000\u0000\u0000\u0000\u0000","\u0000\u0000\u0000\u0000\u0000\u0000\u0000\u0000\u0000\u0000\u0000\u0000\u0000\u0000\u0000\u0000"," !\"#$%&'()*+,-./","0123456789:;<=>?","@ABCDEFGHIJKLMNO","PQRSTUVWXYZ[\\]^_","`abcdefghijklmno","pqrstuvwxyz{|}~\u0000","\u0000\u0000\u0000\u0000\u0000\u0000\u0000\u0000\u0000\u0000\u0000\u0000\u0000\u0000\u0000\u0000","\u0000\u0000\u0000\u0000\u0000\u0000\u0000\u0000\u0000\u0000\u0000\u0000£\u0000\u0000ƒ","\u0000\u0000\u0000\u0000\u0000\u0000ªº\u0000\u0000¬\u0000\u0000\u0000«»","░▒▓│┤╡╢╖╕╣║╗╝╜╛┐","└┴┬├─┼╞╟╚╔╩╦╠═╬╧","╨╤╥╙╘╒╓╫╪┘┌█▄▌▐▀","\u0000\u0000\u0000\u0000\u0000\u0000\u0000\u0000\u0000\u0000\u0000\u0000\u0000∅∈\u0000","≡±≥≤⌠⌡÷≈°∙\u0000√ⁿ²■\u0000"]},{"type":"bitmap","file":"custom_ui/fragment_icons.png","ascent":-128,"height":10,"chars":["꼀꼁꼂꼃꼄꼅꼆꼇","꼈꼉꼊꼋꼌꼍꼎꼏","꼐꼑꼒꼓꼔꼕꼖꼗","꼘꼙꼚꼛꼜꼝꼞꼟","꼠꼡꼢꼣꼤꼥꼦꼧","꼨꼩꼪꼫꼬꼭꼮꼯","꼰꼱꼲꼳꼴꼵꼶꼷","꼸꼹꼺꼻꼼꼽꼾꼿","꽀꽁꽂꽃꽄꽅꽆꽇","꽈꽉꽊꽋꽌꽍꽎꽏","꽐꽑꽒꽓꽔꽕꽖꽗","꽘꽙꽚꽛꽜꽝꽞꽟","꽠꽡꽢꽣꽤꽥꽦꽧"]},{"type":"bitmap","file":"custom_ui/chat_tags/common.png","ascent":-129,"height":7,"chars":["ꑲ"]},{"type":"bitmap","file":"custom_ui/chat_tags/rare.png","ascent":-129,"height":7,"chars":["ꑳ"]},{"type":"bitmap","file":"custom_ui/chat_tags/epic.png","ascent":-129,"height":7,"chars":["ꑴ"]},{"type":"bitmap","file":"custom_ui/chat_tags/legendary.png","ascent":-129,"height":7,"chars":["ꑵ"]},{"type":"bitmap","file":"custom_ui/chat_tags/limited.png","ascent":-129,"height":7,"chars":["ꑶ"]},{"type":"bitmap","file":"custom_ui/chat_tags/exclusive.png","ascent":-129,"height":7,"chars":["ꑷ"]}]}