{"providers":[{"type":"space","advances":{" ":4,"‌":0}},{"type":"bitmap","file":"custom_ui/rank_admin_dark.png","ascent":7,"height":7,"chars":["ꐁ"]},{"type":"bitmap","file":"custom_ui/rank_team_dark.png","ascent":7,"height":7,"chars":["ꑛ"]},{"type":"bitmap","file":"custom_ui/rank_mod_dark.png","ascent":7,"height":7,"chars":["ꑥ"]},{"type":"bitmap","file":"custom_ui/rank_creator_dark.png","ascent":7,"height":7,"chars":["ꐃ"]},{"type":"bitmap","file":"custom_ui/rank_elite_dark.png","ascent":7,"height":7,"chars":["ꐄ"]},{"type":"bitmap","file":"custom_ui/rank_mvp_dark.png","ascent":7,"height":7,"chars":["ꐅ"]},{"type":"bitmap","file":"custom_ui/rank_pro_dark.png","ascent":7,"height":7,"chars":["ꐆ"]},{"type":"bitmap","file":"custom_ui/rank_vip_dark.png","ascent":7,"height":7,"chars":["ꐇ"]},{"type":"bitmap","file":"custom_ui/rank_player_dark.png","ascent":7,"height":7,"chars":["ꑡ"]},{"type":"bitmap","file":"minecraft:font/ascii_dark.png","ascent":7,"chars":["\u0000\u0000\u0000\u0000\u0000\u0000\u0000\u0000\u0000\u0000\u0000\u0000\u0000\u0000\u0000\u0000","\u0000\u0000\u0000\u0000\u0000\u0000\u0000\u0000\u0000\u0000\u0000\u0000\u0000\u0000\u0000\u0000"," !\"#$%&'()*+,-./","0123456789:;<=>?","@ABCDEFGHIJKLMNO","PQRSTUVWXYZ[\\]^_","`abcdefghijklmno","pqrstuvwxyz{|}~\u0000","\u0000\u0000\u0000\u0000\u0000\u0000\u0000\u0000\u0000\u0000\u0000\u0000\u0000\u0000\u0000\u0000","\u0000\u0000\u0000\u0000\u0000\u0000\u0000\u0000\u0000\u0000\u0000\u0000£\u0000\u0000ƒ","\u0000\u0000\u0000\u0000\u0000\u0000ªº\u0000\u0000¬\u0000\u0000\u0000«»","░▒▓│┤╡╢╖╕╣║╗╝╜╛┐","└┴┬├─┼╞╟╚╔╩╦╠═╬╧","╨╤╥╙╘╒╓╫╪┘┌█▄▌▐▀","\u0000\u0000\u0000\u0000\u0000\u0000\u0000\u0000\u0000\u0000\u0000\u0000\u0000∅∈\u0000","≡±≥≤⌠⌡÷≈°∙\u0000√ⁿ²■\u0000"]},{"type":"bitmap","file":"custom/ui/pixel_split.png","ascent":-32768,"height":0,"chars":[""]},{"type":"bitmap","file":"custom/ui/pixel_split.png","ascent":-32768,"height":-3,"chars":[""]}]}