{"providers":[{"type":"space","advances":{" ":4,"‌":0,"":-124,"":-1,"":-2,"":-4,"":-8,"":-16,"":-32,"":-64,"":-128,"":1,"":2,"":4,"":8,"":16,"":32,"":64,"":128}},{"type":"bitmap","file":"custom_ui/realm_preset_select_hud/realm_presets.png","ascent":4,"height":24,"chars":["",""]},{"type":"bitmap","file":"custom_ui/realm_preset_select_hud/create_realm.png","ascent":4,"height":257,"chars":[""]},{"type":"bitmap","file":"custom_ui/realm_preset_select_hud/realm_guide_1.png","ascent":4,"height":257,"chars":[""]},{"type":"bitmap","file":"custom_ui/realm_preset_select_hud/realm_guide_2.png","ascent":4,"height":257,"chars":[""]},{"type":"bitmap","file":"custom_ui/realm_preset_select_hud/claim_preset.png","ascent":4,"height":257,"chars":[""]}]}