{"providers":[{"type":"space","advances":{" ":4,"‌":0,"":-177,"":-8,"":-1,"":-2,"":-4,"":-8,"":-16,"":-32,"":-64,"":-128,"":1,"":2,"":4,"":8,"":16,"":32,"":64,"":128}},{"type":"bitmap","file":"minecraft:font/ascii.png","ascent":3,"height":8,"chars":["\u0000\u0000\u0000\u0000\u0000\u0000\u0000\u0000\u0000\u0000\u0000\u0000\u0000\u0000\u0000\u0000","\u0000\u0000\u0000\u0000\u0000\u0000\u0000\u0000\u0000\u0000\u0000\u0000\u0000\u0000\u0000\u0000"," !\"#$%&'()*+,-./","0123456789:;<=>?","@ABCDEFGHIJKLMNO","PQRSTUVWXYZ[\\]^_","`abcdefghijklmno","pqrstuvwxyz{|}~\u0000","\u0000\u0000\u0000\u0000\u0000\u0000\u0000\u0000\u0000\u0000\u0000\u0000\u0000\u0000\u0000\u0000","\u0000\u0000\u0000\u0000\u0000\u0000\u0000\u0000\u0000\u0000\u0000\u0000£\u0000\u0000ƒ","\u0000\u0000\u0000\u0000\u0000\u0000ªº\u0000\u0000¬\u0000\u0000\u0000«»","░▒▓│┤╡╢╖╕╣║╗╝╜╛┐","└┴┬├─┼╞╟╚╔╩╦╠═╬╧","╨╤╥╙╘╒╓╫╪┘┌█▄▌▐▀","\u0000\u0000\u0000\u0000\u0000\u0000\u0000\u0000\u0000\u0000\u0000\u0000\u0000∅∈\u0000","≡±≥≤⌠⌡÷≈°∙\u0000√ⁿ²■\u0000"]},{"type":"bitmap","file":"custom_ui/stasis/main.png","ascent":19,"height":256,"chars":[""]},{"type":"bitmap","file":"custom_ui/stasis/first_page.png","ascent":19,"height":256,"chars":[""]},{"type":"bitmap","file":"custom_ui/stasis/last_page.png","ascent":19,"height":256,"chars":[""]},{"type":"bitmap","file":"custom_ui/stasis/sort_most_recent.png","ascent":19,"height":256,"chars":[""]},{"type":"bitmap","file":"custom_ui/stasis/sort_count.png","ascent":19,"height":256,"chars":[""]},{"type":"bitmap","file":"custom_ui/stasis/sort_alpha.png","ascent":19,"height":256,"chars":[""]}]}