{"providers":[{"type":"space","advances":{" ":4,"‌":0,"":-8,"":-169,"":15,"":-38,"":51,"":-74,"":87,"":-110,"":123,"":-146,"":23,"":-46,"":59,"":-82,"":95,"":-118,"":131,"":-154,"":-1,"":-2,"":-4,"":-8,"":-16,"":-32,"":-64,"":-128,"":1,"":2,"":4,"":8,"":16,"":32,"":64,"":128}},{"type":"bitmap","file":"custom_ui/wardrobe_menu/menu_container.png","ascent":19,"height":256,"chars":[""]},{"type":"bitmap","file":"custom_ui/wardrobe_menu/disabled_buttons.png","ascent":-2,"height":22,"chars":[""]},{"type":"bitmap","file":"custom_ui/wardrobe_menu/slot_selected.png","ascent":-1,"height":32,"chars":[""]}]}