{"credit":"Made with Blockbench","texture_size":[256,256],"textures":{"0":"custom/aether/entity/aerwhale/aerwhale","particle":"custom/aether/entity/aerwhale/aerwhale"},"elements":[{"from":[2,6,0],"to":[32,10,22],"rotation":{"angle":0,"axis":"y","origin":[8,5,-16]},"faces":{"north":{"uv":[11.5,10.8125,11.75,8.9375],"rotation":270,"texture":"#0"},"east":{"uv":[11.75,11.0625,13.125,10.8125],"rotation":180,"texture":"#0"},"west":{"uv":[13.125,8.9375,11.75,9],"rotation":180,"texture":"#0"},"up":{"uv":[11.75,10.8125,13.125,8.9375],"rotation":90,"texture":"#0"},"down":{"uv":[10.125,10.8125,11.5,8.9375],"rotation":90,"texture":"#0"}}},{"from":[2,6,16],"to":[32,10,16],"rotation":{"angle":0,"axis":"y","origin":[8,5,-16]},"faces":{"south":{"uv":[13.125,10.8125,13.375,8.9375],"rotation":90,"texture":"#0"}}},{"name":"cube inverted","from":[32,10,22],"to":[2,6,0],"rotation":{"angle":0,"axis":"y","origin":[8,5,-16]},"faces":{"east":{"uv":[13.125,9,11.75,8.9375],"rotation":180,"texture":"#0"},"south":{"uv":[11.75,10.8125,11.5,8.9375],"rotation":270,"texture":"#0"},"west":{"uv":[11.75,10.8125,13.125,11.0625],"rotation":180,"texture":"#0"},"up":{"uv":[10.125,8.9375,11.5,10.8125],"rotation":90,"texture":"#0"},"down":{"uv":[11.75,8.9375,13.125,10.8125],"rotation":90,"texture":"#0"}}}],"display":{"thirdperson_righthand":{"translation":[6,0,0]},"thirdperson_lefthand":{"translation":[-6,0,0]}},"groups":[{"name":"fin","origin":[6,7,-9],"rotation":[0,0,-90],"color":0,"children":[0,1,2]}]}