{"credit":"Made with Blockbench","texture_size":[256,256],"textures":{"0":"custom/aether/entity/aerwhale/aerwhale","particle":"custom/aether/entity/aerwhale/aerwhale"},"elements":[{"from":[-16,6,0],"to":[22,10,22],"rotation":{"angle":0,"axis":"z","origin":[8,3,-3]},"faces":{"north":{"uv":[11.5,6.3125,11.75,8.6875],"rotation":270,"texture":"#0"},"east":{"uv":[11.75,6.3125,13.125,6.375],"rotation":180,"texture":"#0"},"west":{"uv":[13.125,8.9375,11.75,8.6875],"rotation":180,"texture":"#0"},"up":{"uv":[11.75,6.3125,13.125,8.6875],"rotation":90,"texture":"#0"},"down":{"uv":[10.125,6.3125,11.5,8.6875],"rotation":90,"texture":"#0"}}},{"from":[-16,6,17],"to":[22,10,17],"rotation":{"angle":0,"axis":"z","origin":[8,3,-3]},"faces":{"south":{"uv":[13.125,6.3125,13.375,8.6875],"rotation":90,"texture":"#0"}}},{"name":"cube inverted","from":[22,10,22],"to":[-16,6,0],"rotation":{"angle":0,"axis":"z","origin":[8,3,-3]},"faces":{"east":{"uv":[13.125,8.6875,11.75,8.9375],"rotation":180,"texture":"#0"},"south":{"uv":[11.75,6.3125,11.5,8.6875],"rotation":270,"texture":"#0"},"west":{"uv":[11.75,6.375,13.125,6.3125],"rotation":180,"texture":"#0"},"up":{"uv":[10.125,8.6875,11.5,6.3125],"rotation":90,"texture":"#0"},"down":{"uv":[11.75,8.6875,13.125,6.3125],"rotation":90,"texture":"#0"}}}],"display":{"thirdperson_righthand":{"translation":[-14,0.5,0]},"thirdperson_lefthand":{"translation":[14,0.5,0]}},"groups":[{"name":"fin_2_left2","origin":[14,7,-8],"rotation":[0,0,-90],"color":0,"children":[0,1,2]}]}