{"credit":"Made with Blockbench","texture_size":[256,256],"textures":{"0":"custom/aether/entity/aerwhale/aerwhale","1":"custom/aether/entity/aerwhale/aerwhale_trail_1","particle":"custom/aether/entity/aerwhale/aerwhale"},"elements":[{"from":[6.75,12.5,1],"to":[9.25,28.5,11],"rotation":{"angle":45,"axis":"x","origin":[7.75,12.5,6]},"faces":{"north":{"uv":[4.125,6.625,4.4375,8.625],"texture":"#0"},"east":{"uv":[2.875,6.625,4.125,8.625],"texture":"#0"},"south":{"uv":[5.6875,6.625,6,8.625],"texture":"#0"},"west":{"uv":[4.4375,6.625,5.6875,8.625],"texture":"#0"},"up":{"uv":[4.4375,6.3125,5.6875,6.625],"rotation":90,"texture":"#0"}}},{"from":[0,1,0],"to":[16,16,24],"rotation":{"angle":0,"axis":"y","origin":[-1.5,2,0]},"faces":{"north":{"uv":[8,3.3125,10,5.1875],"texture":"#0"},"east":{"uv":[13,0.1875,10,2.0625],"texture":"#0"},"south":{"uv":[13,0.1875,15,2.0625],"texture":"#0"},"west":{"uv":[10,0.1875,13,2.0625],"texture":"#0"},"up":{"uv":[10,2.0625,13,4.0625],"rotation":90,"texture":"#0"},"down":{"uv":[16,4.0625,13,2.0625],"rotation":90,"texture":"#0"}}},{"from":[0,16,0],"to":[16,17.5,24],"rotation":{"angle":0,"axis":"y","origin":[-1.5,17,0]},"faces":{"east":{"uv":[13,0,10,0.1875],"texture":"#0"},"west":{"uv":[10,0,13,0.1875],"texture":"#0"}}},{"name":"cube inverted","from":[16,17.5,24],"to":[0,16,0],"rotation":{"angle":0,"axis":"y","origin":[-1.5,17,0]},"faces":{"east":{"uv":[10,0.1875,13,0],"texture":"#0"},"west":{"uv":[13,0.1875,10,0],"texture":"#0"}}},{"from":[0,4.5,10.5],"to":[0,13.5,31.5],"rotation":{"angle":-22.5,"axis":"y","origin":[0,4.5,10.5]},"faces":{"east":{"uv":[10,3.5,0,8],"texture":"#1"},"west":{"uv":[0,3.5,10,8],"texture":"#1"}}},{"from":[16,4.5,10.5],"to":[16,13.5,31.5],"rotation":{"angle":22.5,"axis":"y","origin":[16,4.5,10.5]},"faces":{"east":{"uv":[10,3.5,0,8],"texture":"#1"},"west":{"uv":[0,3.5,10,8],"texture":"#1"}}}],"display":{"head":{"translation":[0,0,16],"scale":[2,2,2]}}}