{"credit":"Made with Blockbench","texture_size":[256,256],"textures":{"0":"custom/aether/entity/aerwhale/aerwhale","1":"custom/aether/entity/aerwhale/aerwhale_trail_0","3":"custom/aether/entity/aerwhale/projecting_vfx/horn_project_4","particle":"custom/aether/entity/aerwhale/aerwhale"},"elements":[{"from":[2,2.5,0],"to":[14,12.5,16],"rotation":{"angle":0,"axis":"y","origin":[4.5,2.5,0.25]},"faces":{"north":{"uv":[0,10.5625,3,13.0625],"texture":"#0"},"east":{"uv":[4,13.0625,0,15.5625],"texture":"#0"},"south":{"uv":[7,0.8125,10,3.3125],"texture":"#0"},"west":{"uv":[0,13.0625,4,15.5625],"texture":"#0"},"up":{"uv":[0,3.3125,4,6.3125],"rotation":90,"texture":"#0"},"down":{"uv":[8,6.3125,4,3.3125],"rotation":90,"texture":"#0"}}},{"from":[2,12.5,0],"to":[14,16,16],"rotation":{"angle":0,"axis":"y","origin":[4.5,12.5,0.25]},"faces":{"north":{"uv":[0,0,3,0.8125],"texture":"#0"},"east":{"uv":[7,0,3,0.8125],"texture":"#0"},"west":{"uv":[3,0,7,0.8125],"texture":"#0"}}},{"name":"cube inverted","from":[14,16,16],"to":[2,12.5,0],"rotation":{"angle":0,"axis":"y","origin":[4.5,12.5,0.25]},"faces":{"east":{"uv":[3,0.8125,7,0],"texture":"#0"},"south":{"uv":[0,0.8125,3,0],"texture":"#0"},"west":{"uv":[7,0.8125,3,0],"texture":"#0"}}},{"from":[7.375,10.75,5],"to":[8.625,17.25,9.5],"rotation":{"angle":45,"axis":"x","origin":[7.625,10.75,7]},"faces":{"north":{"uv":[4.25,8.9375,4.5625,10.5625],"texture":"#0"},"east":{"uv":[3.125,8.9375,4.25,10.5625],"texture":"#0"},"south":{"uv":[5.6875,8.9375,6,10.5625],"texture":"#0"},"west":{"uv":[4.5625,8.9375,5.6875,10.5625],"texture":"#0"},"up":{"uv":[4.5625,8.625,5.6875,8.9375],"rotation":90,"texture":"#0"}}},{"from":[7.375,13.68414,4.67678],"to":[8.625,17.18414,6.17678],"rotation":{"angle":-45,"axis":"x","origin":[8.875,11.18414,2.42678]},"faces":{"east":{"uv":[1.4375,8.75,1.0625,9.625],"texture":"#0"},"south":{"uv":[1.4375,8.75,1.75,9.625],"texture":"#0"},"west":{"uv":[2.125,8.75,1.75,9.625],"texture":"#0"},"up":{"uv":[1.125,6.3125,0.75,6.625],"rotation":270,"texture":"#0"},"down":{"uv":[2.25,6.3125,1.875,6.625],"rotation":90,"texture":"#0"}}},{"from":[7.375,13.86612,1.85876],"to":[8.625,23.11612,3.35876],"rotation":{"angle":-45,"axis":"x","origin":[8.875,14.36612,5.60876]},"faces":{"north":{"uv":[0,8.0625,0.3125,10.375],"texture":"#0"},"east":{"uv":[1.0625,8.0625,0.6875,10.375],"texture":"#0"},"south":{"uv":[1.4375,8.0625,1.75,10.375],"texture":"#0"},"west":{"uv":[2.5,8.0625,2.125,10.375],"texture":"#0"},"up":{"uv":[0.375,6.3125,0.75,6.625],"rotation":90,"texture":"#0"},"down":{"uv":[1.5,6.3125,1.875,6.625],"texture":"#0"}}},{"from":[7.375,23.11612,1.85876],"to":[8.625,28.86612,3.35876],"rotation":{"angle":-45,"axis":"x","origin":[8.875,14.36612,5.60876]},"faces":{"north":{"uv":[7.125,14.125,7.4375,15.5625],"texture":"#0"},"east":{"uv":[6.75,14.125,7.125,15.5625],"texture":"#0"},"south":{"uv":[7.8125,14.125,8.125,15.5625],"texture":"#0"},"west":{"uv":[7.4375,14.125,7.8125,15.5625],"texture":"#0"},"up":{"uv":[7.4375,13.8125,7.8125,14.125],"rotation":90,"texture":"#0"},"down":{"uv":[1.5,6.3125,1.875,6.625],"texture":"#0"}}},{"from":[7.375,17.75,-1.14645],"to":[8.625,21.25,0.35355],"rotation":{"angle":-45,"axis":"x","origin":[8.875,15.25,2.60355]},"faces":{"north":{"uv":[0,8.0625,0.3125,8.9375],"texture":"#0"},"east":{"uv":[0.6875,8.0625,0.3125,8.9375],"texture":"#0"},"west":{"uv":[2.875,8.0625,2.5,8.9375],"texture":"#0"},"up":{"uv":[0,6.3125,0.375,6.625],"rotation":90,"texture":"#0"},"down":{"uv":[1.125,6.3125,1.5,6.625],"rotation":90,"texture":"#0"}}},{"from":[14,6.75,6.75],"to":[14,10.75,13.5],"rotation":{"angle":22.5,"axis":"y","origin":[14,7.125,6.75]},"faces":{"east":{"uv":[13,8,0,16],"texture":"#1"},"west":{"uv":[0,8,13,16],"texture":"#1"}}},{"from":[2,6.75,6.75],"to":[2,10.75,13.5],"rotation":{"angle":-22.5,"axis":"y","origin":[2,7.125,6.75]},"faces":{"east":{"uv":[13,8,0,16],"texture":"#1"},"west":{"uv":[0,8,13,16],"texture":"#1"}}},{"from":[0.125,26.81371,-2.64645],"to":[15.875,26.81371,13.10355],"rotation":{"angle":-45,"axis":"x","origin":[-0.625,10.3125,4.25]},"faces":{"up":{"uv":[0,0,15.75,15.75],"texture":"#3"},"down":{"uv":[0,0,15.75,15.75],"texture":"#3"}}}],"display":{"head":{"translation":[0,-0.25,-27],"scale":[3.39583,3.39583,3.39583]}}}