{"credit":"Made with Blockbench","texture_size":[256,256],"textures":{"0":"custom/aether/entity/aerwhale/aerwhale","particle":"custom/aether/entity/aerwhale/aerwhale"},"elements":[{"from":[14,-10,23],"to":[18,30,23],"rotation":{"angle":90,"axis":"z","origin":[15,7,2]},"faces":{"south":{"uv":[10.125,6.3125,9.875,8.8125],"texture":"#0"}}},{"from":[14,-10,0],"to":[18,30,29],"rotation":{"angle":90,"axis":"z","origin":[15,7,2]},"faces":{"north":{"uv":[8.0625,6.3125,7.8125,8.8125],"texture":"#0"},"east":{"uv":[9.875,6.3125,8.0625,8.8125],"texture":"#0"},"west":{"uv":[7.8125,6.3125,6,8.8125],"texture":"#0"},"up":{"uv":[8.0625,6.375,9.875,6.3125],"rotation":90,"texture":"#0"},"down":{"uv":[9.875,6.3125,8.0625,6.0625],"rotation":90,"texture":"#0"}}},{"name":"cube inverted","from":[18,30,29],"to":[14,-10,0],"rotation":{"angle":90,"axis":"z","origin":[15,7,2]},"faces":{"east":{"uv":[7.8125,8.8125,6,6.3125],"texture":"#0"},"south":{"uv":[8.0625,8.8125,7.8125,6.3125],"texture":"#0"},"west":{"uv":[9.875,8.8125,8.0625,6.3125],"texture":"#0"},"up":{"uv":[9.875,6.0625,8.0625,6.3125],"rotation":90,"texture":"#0"},"down":{"uv":[8.0625,6.3125,9.875,6.375],"rotation":90,"texture":"#0"}}}],"display":{"thirdperson_righthand":{"translation":[16,0.5,0]},"thirdperson_lefthand":{"translation":[-16,0.5,0]}}}