{"credit":"Made with Blockbench","texture_size":[64,64],"textures":{"0":"custom/aether/entity/aerwhale/projectile_vfx/aerwhale_projectile"},"elements":[{"from":[-0.5,8,-12.5],"to":[16.5,8,28.5],"rotation":{"angle":0,"axis":"y","origin":[8,8,8]},"faces":{"up":{"uv":[10.25,4.25,0,0],"rotation":270,"texture":"#0"},"down":{"uv":[10.25,4.25,0,0],"rotation":90,"texture":"#0"}}},{"from":[8,-0.5,-12.5],"to":[8,16.5,28.5],"rotation":{"angle":0,"axis":"y","origin":[9,9.5,28.5]},"faces":{"east":{"uv":[10.25,4.25,0,0],"texture":"#0"},"west":{"uv":[10.25,4.25,0,0],"rotation":180,"texture":"#0"}}}],"display":{"head":{"translation":[0,-4.75,9.5],"scale":[2.2857,2.2857,2.2857]}},"groups":[{"name":"bone","origin":[8.5,8,8],"color":0,"children":[0,1]}]}