{"providers":[{"type":"space","advances":{" ":4,"‌":0,"":-177,"":-8,"":150,"":-150,"":-1,"":-2,"":-4,"":-8,"":-16,"":-32,"":-64,"":-128,"":1,"":2,"":4,"":8,"":16,"":32,"":64,"":128}},{"type":"bitmap","file":"custom_ui/crate_store/store_catelogue.png","ascent":19,"height":256,"chars":[""]},{"type":"bitmap","file":"custom_ui/crate_store/digits.png","ascent":-82,"height":8,"chars":["\u0000"]},{"type":"bitmap","file":"custom_ui/crate_store/orbuck_icon.png","ascent":-80,"height":11,"chars":[""]},{"type":"bitmap","file":"custom_ui/crate_store/digits.png","ascent":-8,"height":8,"chars":["\u0000"]},{"type":"bitmap","file":"custom_ui/crate_store/orbuck_icon.png","ascent":-6,"height":11,"chars":[""]},{"type":"bitmap","file":"custom_ui/crate_store/store_first_page.png","ascent":19,"height":256,"chars":[""]},{"type":"bitmap","file":"custom_ui/crate_store/store_last_page.png","ascent":19,"height":256,"chars":[""]}]}