{"providers":[{"type":"space","advances":{" ":4,"‌":0,"":-177,"":-8,"":-51,"":9,"":-9,"":63,"":-63,"":117,"":-117,"":150,"":-150,"":29,"":-29,"":-1,"":-2,"":-4,"":-8,"":-16,"":-32,"":-64,"":-128,"":1,"":2,"":4,"":8,"":16,"":32,"":64,"":128}},{"type":"bitmap","file":"custom_ui/crate_store/main.png","ascent":19,"height":256,"chars":[""]},{"type":"bitmap","file":"custom_ui/crate_store/digits.png","ascent":-82,"height":8,"chars":["\u0000"]},{"type":"bitmap","file":"custom_ui/crate_store/orbuck_icon.png","ascent":-80,"height":11,"chars":[""]},{"type":"bitmap","file":"custom_ui/crate_store/digits.png","ascent":-8,"height":8,"chars":["\u0000"]},{"type":"bitmap","file":"custom_ui/crate_store/orbuck_icon.png","ascent":-6,"height":11,"chars":[""]},{"type":"bitmap","file":"custom_ui/crate_store/packages.png","ascent":-24,"height":68,"chars":["",""]},{"type":"bitmap","file":"custom_ui/crate_store/packages_locked.png","ascent":-24,"height":68,"chars":["",""]},{"type":"bitmap","file":"custom_ui/crate_store/store_first_page.png","ascent":19,"height":256,"chars":[""]},{"type":"bitmap","file":"custom_ui/crate_store/store_last_page.png","ascent":19,"height":256,"chars":[""]},{"type":"bitmap","file":"custom_ui/crate_store/contents_slot.png","ascent":-41,"height":16,"chars":[""]},{"type":"bitmap","file":"custom_ui/crate_store/contents_slot.png","ascent":-59,"height":16,"chars":[""]},{"type":"bitmap","file":"custom_ui/crate_store/contents_slot.png","ascent":-77,"height":16,"chars":[""]},{"type":"bitmap","file":"custom_ui/crate_store/contents_slot.png","ascent":-95,"height":16,"chars":[""]}]}