{"providers":[{"type":"space","advances":{" ":4,"":-177,"":-8}},{"type":"bitmap","file":"custom_ui/legacy_crate_opener/crates/badger_open.png","ascent":45,"height":256,"chars":[""]},{"type":"bitmap","file":"custom_ui/legacy_crate_opener/crates/christmas_open.png","ascent":45,"height":256,"chars":[""]},{"type":"bitmap","file":"custom_ui/legacy_crate_opener/crates/cosmetic_open.png","ascent":45,"height":256,"chars":[""]},{"type":"bitmap","file":"custom_ui/legacy_crate_opener/crates/easter_open.png","ascent":45,"height":256,"chars":[""]},{"type":"bitmap","file":"custom_ui/legacy_crate_opener/crates/gesture_open.png","ascent":45,"height":256,"chars":[""]},{"type":"bitmap","file":"custom_ui/legacy_crate_opener/crates/halloween_open.png","ascent":45,"height":256,"chars":[""]},{"type":"bitmap","file":"custom_ui/legacy_crate_opener/crates/legendary_open.png","ascent":45,"height":256,"chars":[""]},{"type":"bitmap","file":"custom_ui/legacy_crate_opener/crates/lunar_open.png","ascent":45,"height":256,"chars":[""]},{"type":"bitmap","file":"custom_ui/legacy_crate_opener/crates/rare_open.png","ascent":45,"height":256,"chars":[""]},{"type":"bitmap","file":"custom_ui/legacy_crate_opener/crates/st_patricks_open.png","ascent":45,"height":256,"chars":[""]},{"type":"bitmap","file":"custom_ui/legacy_crate_opener/crates/summer_open.png","ascent":45,"height":256,"chars":[""]},{"type":"bitmap","file":"custom_ui/legacy_crate_opener/crates/valentines_open.png","ascent":45,"height":256,"chars":[""]},{"type":"bitmap","file":"custom_ui/legacy_crate_opener/crates/badger_close.png","ascent":45,"height":256,"chars":[""]},{"type":"bitmap","file":"custom_ui/legacy_crate_opener/crates/christmas_close.png","ascent":45,"height":256,"chars":[""]},{"type":"bitmap","file":"custom_ui/legacy_crate_opener/crates/cosmetic_close.png","ascent":45,"height":256,"chars":[""]},{"type":"bitmap","file":"custom_ui/legacy_crate_opener/crates/easter_close.png","ascent":45,"height":256,"chars":[""]},{"type":"bitmap","file":"custom_ui/legacy_crate_opener/crates/gesture_close.png","ascent":45,"height":256,"chars":[""]},{"type":"bitmap","file":"custom_ui/legacy_crate_opener/crates/halloween_close.png","ascent":45,"height":256,"chars":[""]},{"type":"bitmap","file":"custom_ui/legacy_crate_opener/crates/legendary_close.png","ascent":45,"height":256,"chars":[""]},{"type":"bitmap","file":"custom_ui/legacy_crate_opener/crates/lunar_close.png","ascent":45,"height":256,"chars":[""]},{"type":"bitmap","file":"custom_ui/legacy_crate_opener/crates/rare_close.png","ascent":45,"height":256,"chars":[""]},{"type":"bitmap","file":"custom_ui/legacy_crate_opener/crates/st_patricks_close.png","ascent":45,"height":256,"chars":[""]},{"type":"bitmap","file":"custom_ui/legacy_crate_opener/crates/summer_close.png","ascent":45,"height":256,"chars":[""]},{"type":"bitmap","file":"custom_ui/legacy_crate_opener/crates/valentines_close.png","ascent":45,"height":256,"chars":[""]},{"type":"bitmap","file":"custom_ui/legacy_crate_opener/opening.png","ascent":45,"height":256,"chars":[""]},{"type":"bitmap","file":"custom_ui/legacy_crate_opener/reroll_0.png","ascent":45,"height":256,"chars":[""]},{"type":"bitmap","file":"custom_ui/legacy_crate_opener/reroll_1.png","ascent":45,"height":256,"chars":[""]},{"type":"bitmap","file":"custom_ui/legacy_crate_opener/reroll_2.png","ascent":45,"height":256,"chars":[""]},{"type":"bitmap","file":"custom_ui/legacy_crate_opener/reroll_3.png","ascent":45,"height":256,"chars":[""]}]}