{"providers":[{"type":"space","advances":{" ":4,"‌":0,"":-177,"":11,"":-11,"":-1,"":-2,"":-4,"":-8,"":-16,"":-32,"":-64,"":-128,"":1,"":2,"":4,"":8,"":16,"":32,"":64,"":128}},{"type":"bitmap","file":"custom_ui/crate_store/purchase_contents.png","ascent":19,"height":256,"chars":[""]},{"type":"bitmap","file":"custom_ui/crate_store/contents_slot.png","ascent":-23,"height":16,"chars":[""]},{"type":"bitmap","file":"custom_ui/crate_store/contents_slot.png","ascent":-41,"height":16,"chars":[""]},{"type":"bitmap","file":"custom_ui/crate_store/contents_slot.png","ascent":-59,"height":16,"chars":[""]},{"type":"bitmap","file":"custom_ui/crate_store/contents_slot.png","ascent":-77,"height":16,"chars":[""]},{"type":"bitmap","file":"custom_ui/crate_store/contents_slot.png","ascent":-95,"height":16,"chars":[""]}]}