{"providers":[{"type":"space","advances":{" ":4,"‌":0,"":-177,"":-8,"":150,"":-150,"":163,"":-163,"":103,"":-103,"":-87,"":-65,"":20,"":-20,"":9,"":-9,"":-1,"":-2,"":-4,"":-8,"":-16,"":-32,"":-64,"":-128,"":1,"":2,"":4,"":8,"":16,"":32,"":64,"":128}},{"type":"bitmap","file":"custom_ui/crate_store/package.png","ascent":19,"height":256,"chars":[""]},{"type":"bitmap","file":"custom_ui/crate_store/digits.png","ascent":-8,"height":8,"chars":["\u0000"]},{"type":"bitmap","file":"custom_ui/crate_store/orbuck_icon.png","ascent":-6,"height":11,"chars":[""]},{"type":"bitmap","file":"custom_ui/crate_store/digits.png","ascent":-29,"height":8,"chars":["\u0000"]},{"type":"bitmap","file":"custom_ui/crate_store/orbuck_icon.png","ascent":-27,"height":11,"chars":[""]},{"type":"bitmap","file":"custom_ui/crate_store/digits.png","ascent":-46,"height":8,"chars":["\u0000"]},{"type":"bitmap","file":"custom_ui/crate_store/orbuck_icon.png","ascent":-44,"height":11,"chars":[""]},{"type":"bitmap","file":"custom_ui/crate_store/digits.png","ascent":-64,"height":8,"chars":["\u0000"]},{"type":"bitmap","file":"custom_ui/crate_store/orbuck_icon.png","ascent":-62,"height":11,"chars":[""]},{"type":"bitmap","file":"custom_ui/crate_store/digits.png","ascent":-81,"height":8,"chars":["\u0000"]},{"type":"bitmap","file":"custom_ui/crate_store/orbuck_icon.png","ascent":-79,"height":11,"chars":[""]},{"type":"bitmap","file":"custom_ui/crate_store/digits_purchase.png","ascent":-29,"height":8,"chars":["\u0000"]},{"type":"bitmap","file":"custom_ui/crate_store/orbuck_icon_purchase.png","ascent":-27,"height":11,"chars":[""]},{"type":"bitmap","file":"custom_ui/crate_store/digits_purchase.png","ascent":-46,"height":8,"chars":["\u0000"]},{"type":"bitmap","file":"custom_ui/crate_store/orbuck_icon_purchase.png","ascent":-44,"height":11,"chars":[""]},{"type":"bitmap","file":"custom_ui/crate_store/digits_purchase.png","ascent":-64,"height":8,"chars":["\u0000"]},{"type":"bitmap","file":"custom_ui/crate_store/orbuck_icon_purchase.png","ascent":-62,"height":11,"chars":[""]},{"type":"bitmap","file":"custom_ui/crate_store/digits_purchase.png","ascent":-81,"height":8,"chars":["\u0000"]},{"type":"bitmap","file":"custom_ui/crate_store/orbuck_icon_purchase.png","ascent":-79,"height":11,"chars":[""]},{"type":"bitmap","file":"custom_ui/crate_store/packages_purchase.png","ascent":-24,"height":86,"chars":["",""]},{"type":"bitmap","file":"custom_ui/crate_store/nameplates.png","ascent":-82,"height":23,"chars":["","","","","","","",""]},{"type":"bitmap","file":"custom_ui/crate_store/store_insufficient_button.png","ascent":19,"height":256,"chars":[""]},{"type":"bitmap","file":"custom_ui/crate_store/purchase_confirm.png","ascent":19,"height":256,"chars":[""]},{"type":"bitmap","file":"custom_ui/crate_store/store_select_1.png","ascent":19,"height":256,"chars":[""]},{"type":"bitmap","file":"custom_ui/crate_store/store_select_5.png","ascent":19,"height":256,"chars":[""]},{"type":"bitmap","file":"custom_ui/crate_store/store_select_10.png","ascent":19,"height":256,"chars":[""]},{"type":"bitmap","file":"custom_ui/crate_store/store_select_20.png","ascent":19,"height":256,"chars":[""]}]}