{"providers":[{"type":"space","advances":{" ":4,"‌":0,"":-177,"":-8,"":150,"":-150,"":23,"":-23,"":9,"":-9,"":-105,"":30,"":-30,"":-65,"":116,"":-116,"":-53,"":142,"":-142,"":-1,"":-2,"":-4,"":-8,"":-16,"":-32,"":-64,"":-128,"":1,"":2,"":4,"":8,"":16,"":32,"":64,"":128}},{"type":"bitmap","file":"custom_ui/bundles/main.png","ascent":19,"height":256,"chars":[""]},{"type":"bitmap","file":"custom_ui/bundles/buy_button_off.png","ascent":19,"height":256,"chars":[""]},{"type":"bitmap","file":"custom_ui/bundles/main_return.png","ascent":19,"height":256,"chars":[""]},{"type":"bitmap","file":"custom_ui/bundles/quantity_buttons.png","ascent":19,"height":133,"chars":[""]},{"type":"bitmap","file":"custom_ui/bundles/digits.png","ascent":-8,"height":8,"chars":["\u0000"]},{"type":"bitmap","file":"custom_ui/bundles/orbuck_icon.png","ascent":-6,"height":11,"chars":[""]},{"type":"bitmap","file":"custom_ui/bundles/digits.png","ascent":-130,"height":8,"chars":["\u0000"]},{"type":"bitmap","file":"custom_ui/bundles/orbuck_icon.png","ascent":-128,"height":11,"chars":[""]},{"type":"bitmap","file":"custom_ui/bundles/digits.png","ascent":-101,"height":8,"chars":["\u0000"]},{"type":"bitmap","file":"custom_ui/bundles/orbuck_icon.png","ascent":-101,"height":11,"chars":[""]},{"type":"bitmap","file":"custom_ui/bundles/backgrounds.png","ascent":-24,"height":87,"chars":["","","",""]},{"type":"bitmap","file":"custom_ui/bundles/nameplates.png","ascent":-82,"height":23,"chars":["","","",""]}]}