{"variants":{"distance=7,persistent=true":[{"model":"block/acacia_leaves"},{"model":"block/acacia_leaves1"}],"distance=1,persistent=true":[{"model":"custom/misc_blocks/indev/indev_leaves"}],"distance=2,persistent=true":[{"model":"custom/aether/natural/skyroot/skyroot_leaves"},{"model":"custom/aether/natural/skyroot/skyroot_leaves1"}],"distance=3,persistent=true":[{"model":"custom/aether/natural/golden_skyroot/golden_skyroot_leaves"},{"model":"custom/aether/natural/golden_skyroot/golden_skyroot_leaves1"}],"distance=4,persistent=true":[{"model":"custom/aether/natural/crystal_leaves/crystal_leaves"},{"model":"custom/aether/natural/crystal_leaves/crystal_leaves1"}],"distance=5,persistent=true":[{"model":"block/gray_concrete"},{"model":"block/gray_concrete"}],"distance=6,persistent=true":[{"model":"block/gray_concrete"},{"model":"block/gray_concrete"}],"distance=1,persistent=false":[{"model":"block/gray_concrete"},{"model":"block/gray_concrete"}],"distance=2,persistent=false":[{"model":"block/gray_concrete"},{"model":"block/gray_concrete"}],"distance=3,persistent=false":[{"model":"block/gray_concrete"}]}}