{"variants":{"facing=east,lit=false,signal_fire=false":{"model":"minecraft:block/campfire_off","y":270},"facing=east,lit=false,signal_fire=true":{"model":"minecraft:block/campfire_off","y":270},"facing=east,lit=true,signal_fire=false":{"model":"minecraft:block/campfire","y":270},"facing=east,lit=true,signal_fire=true":{"model":"minecraft:block/campfire","y":270},"facing=north,lit=false,signal_fire=false":{"model":"minecraft:custom/entities/sniffer/sniffer_egg"},"facing=north,lit=false,signal_fire=true":{"model":"minecraft:custom/entities/sniffer/sniffer_egg_cracked_0"},"facing=north,lit=true,signal_fire=false":{"model":"minecraft:block/campfire","y":180},"facing=north,lit=true,signal_fire=true":{"model":"minecraft:block/campfire","y":180},"facing=south,lit=false,signal_fire=false":{"model":"minecraft:block/campfire_off"},"facing=south,lit=false,signal_fire=true":{"model":"minecraft:block/campfire_off"},"facing=south,lit=true,signal_fire=false":{"model":"minecraft:block/campfire"},"facing=south,lit=true,signal_fire=true":{"model":"minecraft:block/campfire"},"facing=west,lit=false,signal_fire=false":{"model":"minecraft:custom/entities/sniffer/sniffer_egg_cracked_1"},"facing=west,lit=false,signal_fire=true":[{"model":"block/color_spruce_leaves"},{"model":"block/color_spruce_leaves1"},{"model":"block/color_spruce_leaves2"}],"facing=west,lit=true,signal_fire=false":{"model":"minecraft:block/campfire","y":90},"facing=west,lit=true,signal_fire=true":{"model":"minecraft:block/campfire","y":90}}}