{"multipart":[{"apply":[{"model":"minecraft:block/fire_floor0"},{"model":"minecraft:block/fire_floor1"}],"when":{"east":"false","north":"false","south":"false","up":"false","west":"false","age":"0"}},{"apply":[{"model":"minecraft:block/fire_side0"},{"model":"minecraft:block/fire_side1"},{"model":"minecraft:block/fire_side_alt0"},{"model":"minecraft:block/fire_side_alt1"}],"when":{"OR":[{"north":"true","age":"0"},{"east":"false","north":"false","south":"false","up":"false","west":"false","age":"0"}]}},{"apply":[{"model":"minecraft:block/fire_side0","y":90},{"model":"minecraft:block/fire_side1","y":90},{"model":"minecraft:block/fire_side_alt0","y":90},{"model":"minecraft:block/fire_side_alt1","y":90}],"when":{"OR":[{"east":"true","age":"0"},{"east":"false","north":"false","south":"false","up":"false","west":"false","age":"0"}]}},{"apply":[{"model":"minecraft:block/fire_side0","y":180},{"model":"minecraft:block/fire_side1","y":180},{"model":"minecraft:block/fire_side_alt0","y":180},{"model":"minecraft:block/fire_side_alt1","y":180}],"when":{"OR":[{"south":"true","age":"0"},{"east":"false","north":"false","south":"false","up":"false","west":"false","age":"0"}]}},{"apply":[{"model":"minecraft:block/fire_side0","y":270},{"model":"minecraft:block/fire_side1","y":270},{"model":"minecraft:block/fire_side_alt0","y":270},{"model":"minecraft:block/fire_side_alt1","y":270}],"when":{"OR":[{"west":"true","age":"0"},{"east":"false","north":"false","south":"false","up":"false","west":"false","age":"0"}]}},{"apply":[{"model":"minecraft:block/fire_up0"},{"model":"minecraft:block/fire_up1"},{"model":"minecraft:block/fire_up_alt0"},{"model":"minecraft:block/fire_up_alt1"}],"when":{"up":"true","age":"0"}},{"apply":[{"model":"custom/misc_blocks/fire/blight/blight_fire_floor0"},{"model":"custom/misc_blocks/fire/blight/blight_fire_floor1"}],"when":{"east":"false","north":"false","south":"false","up":"false","west":"false","age":"1"}},{"apply":[{"model":"custom/misc_blocks/fire/blight/blight_fire_side0"},{"model":"custom/misc_blocks/fire/blight/blight_fire_side1"},{"model":"custom/misc_blocks/fire/blight/blight_fire_side_alt0"},{"model":"custom/misc_blocks/fire/blight/blight_fire_side_alt1"}],"when":{"OR":[{"north":"true","age":"1"},{"east":"false","north":"false","south":"false","up":"false","west":"false","age":"1"}]}},{"apply":[{"model":"custom/misc_blocks/fire/blight/blight_fire_side0","y":90},{"model":"custom/misc_blocks/fire/blight/blight_fire_side1","y":90},{"model":"custom/misc_blocks/fire/blight/blight_fire_side_alt0","y":90},{"model":"custom/misc_blocks/fire/blight/blight_fire_side_alt1","y":90}],"when":{"OR":[{"east":"true","age":"1"},{"east":"false","north":"false","south":"false","up":"false","west":"false","age":"1"}]}},{"apply":[{"model":"custom/misc_blocks/fire/blight/blight_fire_side0","y":180},{"model":"custom/misc_blocks/fire/blight/blight_fire_side1","y":180},{"model":"custom/misc_blocks/fire/blight/blight_fire_side_alt0","y":180},{"model":"custom/misc_blocks/fire/blight/blight_fire_side_alt1","y":180}],"when":{"OR":[{"south":"true","age":"1"},{"east":"false","north":"false","south":"false","up":"false","west":"false","age":"1"}]}},{"apply":[{"model":"custom/misc_blocks/fire/blight/blight_fire_side0","y":270},{"model":"custom/misc_blocks/fire/blight/blight_fire_side1","y":270},{"model":"custom/misc_blocks/fire/blight/blight_fire_side_alt0","y":270},{"model":"custom/misc_blocks/fire/blight/blight_fire_side_alt1","y":270}],"when":{"OR":[{"west":"true","age":"1"},{"east":"false","north":"false","south":"false","up":"false","west":"false","age":"1"}]}},{"apply":[{"model":"custom/misc_blocks/fire/blight/blight_fire_up0"},{"model":"custom/misc_blocks/fire/blight/blight_fire_up1"},{"model":"custom/misc_blocks/fire/blight/blight_fire_up_alt0"},{"model":"custom/misc_blocks/fire/blight/blight_fire_up_alt1"}],"when":{"up":"true","age":"1"}}]}