{"variants":{"power=0":{"model":"minecraft:block/heavy_weighted_pressure_plate"},"power=1":{"model":"minecraft:block/heavy_weighted_pressure_plate_down"},"power=2":{"model":"custom/aether/entity/moa/moa_egg/moa_egg"},"power=3":{"model":"custom/aether/entity/moa/moa_egg/moa_egg_cracked_0"},"power=4":{"model":"custom/aether/entity/moa/moa_egg/moa_egg_cracked_1"},"power=5":{"model":"custom/aether/entity/moa/moa_egg/moa_egg_odd"},"power=6":{"model":"custom/aether/entity/moa/moa_egg/moa_egg_odd_cracked_0"},"power=7":{"model":"custom/aether/entity/moa/moa_egg/moa_egg_odd_cracked_1"},"power=8":{"model":"custom/aether/entity/moa/moa_egg/moa_egg_nest"},"power=9":{"model":"custom/aether/entity/moa/moa_egg/moa_egg_nest_cracked_0"},"power=10":{"model":"custom/aether/entity/moa/moa_egg/moa_egg_nest_cracked_1"},"power=11":{"model":"custom/aether/entity/moa/moa_egg/moa_egg_odd_nest"},"power=12":{"model":"custom/aether/entity/moa/moa_egg/moa_egg_odd_nest_cracked_0"},"power=13":{"model":"custom/aether/entity/moa/moa_egg/moa_egg_odd_nest_cracked_1"},"power=14":{"model":"minecraft:block/heavy_weighted_pressure_plate_down"},"power=15":{"model":"minecraft:block/heavy_weighted_pressure_plate_down"}}}