{"variants":{"distance=7,persistent=true":[{"model":"block/jungle_leaves"},{"model":"block/jungle_leaves1"}],"distance=1,persistent=true":[{"model":"custom/misc_blocks/leaves/liana/liana_vertical_0"},{"model":"custom/misc_blocks/leaves/liana/liana_vertical_1"},{"model":"custom/misc_blocks/leaves/liana/liana_vertical_2"}],"distance=2,persistent=true":[{"model":"custom/misc_blocks/leaves/liana/liana_horizontal_0"},{"model":"custom/misc_blocks/leaves/liana/liana_horizontal_1"},{"model":"custom/misc_blocks/leaves/liana/liana_horizontal_2"}],"distance=3,persistent=true":[{"model":"custom/misc_blocks/leaves/liana/liana_horizontal_0","y":90},{"model":"custom/misc_blocks/leaves/liana/liana_horizontal_1","y":90},{"model":"custom/misc_blocks/leaves/liana/liana_horizontal_2","y":90}]}}