{"variants":{"distance=7,persistent=true":[{"model":"block/oak_leaves"},{"model":"block/oak_leaves1"}],"distance=1,persistent=true":[{"model":"custom/misc_blocks/leaves/bayou_leaves/bayou_leaves"},{"model":"custom/misc_blocks/leaves/bayou_leaves/bayou_leaves1"}],"distance=2,persistent=true":[{"model":"custom/misc_blocks/leaves/palm_leaves/palm_leaves"},{"model":"custom/misc_blocks/leaves/palm_leaves/palm_leaves1"}],"distance=3,persistent=true":[{"model":"custom/misc_blocks/leaves/baobab_leaves/baobab_leaves"},{"model":"custom/misc_blocks/leaves/baobab_leaves/baobab_leaves1"}],"distance=4,persistent=true":[{"model":"custom/misc_blocks/leaves/wisteria_leaves/wisteria_leaves"},{"model":"custom/misc_blocks/leaves/wisteria_leaves/wisteria_leaves1"}],"distance=5,persistent=true":[{"model":"custom/misc_blocks/leaves/wisteria_leaves/wisteria_transition_purple"},{"model":"custom/misc_blocks/leaves/wisteria_leaves/wisteria_transition1_purple"}],"distance=6,persistent=true":[{"model":"custom/misc_blocks/leaves/wisteria_leaves/wisteria_transition_blue"},{"model":"custom/misc_blocks/leaves/wisteria_leaves/wisteria_transition1_blue"}],"distance=1,persistent=false":[{"model":"custom/misc_blocks/leaves/wisteria_leaves/wisteria_transition_pink"},{"model":"custom/misc_blocks/leaves/wisteria_leaves/wisteria_transition1_pink"}],"distance=2,persistent=false":[{"model":"custom/misc_blocks/leaves/wisteria_leaves/wisteria_transition_white"},{"model":"custom/misc_blocks/leaves/wisteria_leaves/wisteria_transition1_white"}],"distance=3,persistent=false":[{"model":"custom/dungeon/arid_dungeon/sky"}]}}