{"variants":{"age=0":{"model":"minecraft:block/twisting_vines"},"age=1":{"model":"custom/ui/empty_button"},"age=2":{"model":"custom/plants/sculk_vine"},"age=3":{"model":"custom/plants/sculk_vine_bottom"},"age=4":{"model":"custom/plants/grimoss_hang"},"age=5":{"model":"custom/plants/grimoss_hang_bottom"},"age=6":{"model":"custom/furniture/bandit/hanging_rope_bottom"},"age=7":{"model":"custom/decorations/rope/rope_full"},"age=8":{"model":"custom/decorations/rope/rope_bottom"},"age=9":{"model":"custom/decorations/rope/rope_wall"},"age=10":{"model":"custom/decorations/rope/rope_wall_full"},"age=11":{"model":"custom/plants/warped_veil"},"age=12":{"model":"custom/plants/warped_veil_bottom"},"age=13":{"model":"custom/aether/natural/plants/skyroot_ivy"},"age=14":{"model":"custom/aether/natural/plants/skyroot_ivy_bottom"},"age=15":{"model":"custom/aether/natural/plants/golden_skyroot_ivy"},"age=16":{"model":"custom/aether/natural/plants/golden_skyroot_ivy_bottom"}}}