{"providers":[{"type":"space","advances":{" ":4,"‌":0,"":-177,"":-8,"":166,"":-166,"":12,"":-12,"":9,"":-9,"":63,"":-63,"":117,"":-117,"":-53,"":25,"":-25,"":-1,"":1,"":-51,"":-1,"":-2,"":-4,"":-8,"":-16,"":-32,"":-64,"":-128,"":1,"":2,"":4,"":8,"":16,"":32,"":64,"":128}},{"type":"bitmap","file":"custom_ui/store/main.png","ascent":19,"height":256,"chars":[""]},{"type":"bitmap","file":"custom_ui/store/checkout_button_off.png","ascent":19,"height":256,"chars":[""]},{"type":"bitmap","file":"custom_ui/store/main_return.png","ascent":19,"height":256,"chars":[""]},{"type":"bitmap","file":"custom_ui/store/package_buttons.png","ascent":19,"height":133,"chars":[""]},{"type":"bitmap","file":"custom_ui/crate_store/digits.png","ascent":-8,"height":8,"chars":["\u0000"]},{"type":"bitmap","file":"custom_ui/crate_store/orbuck_icon.png","ascent":-6,"height":11,"chars":[""]},{"type":"bitmap","file":"custom_ui/crate_store/digits.png","ascent":-103,"height":8,"chars":["\u0000"]},{"type":"bitmap","file":"custom_ui/crate_store/orbuck_icon.png","ascent":-101,"height":11,"chars":[""]},{"type":"bitmap","file":"custom_ui/crate_store/digits.png","ascent":-130,"height":8,"chars":["\u0000"]},{"type":"bitmap","file":"custom_ui/crate_store/orbuck_icon.png","ascent":-128,"height":11,"chars":[""]},{"type":"bitmap","file":"custom_ui/store/packages.png","ascent":-25,"height":73,"chars":["",""]}]}