{"providers":[{"type":"reference","id":"menus/common"},{"type":"reference","id":"menus/navigation"},{"type":"space","advances":{"":-177,"":-177,"":-177,"":-177,"":-177,"":-177,"":-177,"":-177,"":-177,"":-177,"":-177,"":-177,"":-177,"":-177,"":-177,"":-177,"":-17,"":-17,"":-17,"":-17,"":-177}},{"type":"bitmap","file":"custom_ui/menus/social/background.png","ascent":19,"height":256,"chars":[""]},{"type":"bitmap","file":"custom_ui/menus/social/edit_member.png","ascent":19,"height":256,"chars":[""]},{"type":"bitmap","file":"custom_ui/menus/social/edit_party.png","ascent":19,"height":256,"chars":[""]},{"type":"bitmap","file":"custom_ui/menus/social/party_chat.png","ascent":19,"height":256,"chars":[""]},{"type":"bitmap","file":"custom_ui/menus/social/party_on.png","ascent":19,"height":256,"chars":[""]},{"type":"bitmap","file":"custom_ui/menus/prev_page_on.png","ascent":19,"height":256,"chars":[""]},{"type":"bitmap","file":"custom_ui/menus/next_page_on.png","ascent":19,"height":256,"chars":[""]},{"type":"bitmap","file":"custom_ui/menus/social/filter_afk.png","ascent":19,"height":256,"chars":[""]},{"type":"bitmap","file":"custom_ui/menus/social/filter_all.png","ascent":19,"height":256,"chars":[""]},{"type":"bitmap","file":"custom_ui/menus/social/filter_in_party.png","ascent":19,"height":256,"chars":[""]},{"type":"bitmap","file":"custom_ui/menus/social/filter_offline.png","ascent":19,"height":256,"chars":[""]},{"type":"bitmap","file":"custom_ui/menus/social/filter_online.png","ascent":19,"height":256,"chars":[""]},{"type":"bitmap","file":"custom_ui/menus/social/sort_alpha_asc.png","ascent":19,"height":256,"chars":[""]},{"type":"bitmap","file":"custom_ui/menus/social/sort_online.png","ascent":19,"height":256,"chars":[""]},{"type":"bitmap","file":"custom_ui/menus/social/sort_time_asc.png","ascent":19,"height":256,"chars":[""]},{"type":"bitmap","file":"custom_ui/menus/social/sort_time_desc.png","ascent":19,"height":256,"chars":[""]},{"type":"bitmap","file":"custom_ui/menus/overlay_remove.png","ascent":-59,"height":16,"chars":[""]},{"type":"bitmap","file":"custom_ui/menus/overlay_remove.png","ascent":-92,"height":16,"chars":[""]},{"type":"bitmap","file":"custom_ui/menus/overlay_add.png","ascent":-59,"height":16,"chars":[""]},{"type":"bitmap","file":"custom_ui/menus/overlay_add.png","ascent":-92,"height":16,"chars":[""]},{"type":"bitmap","file":"custom_ui/menus/social/navigation_social.png","ascent":19,"height":256,"chars":[""]}]}