{"sources":[{"type":"directory","source":"custom","prefix":"custom/"},{"type":"single","resource":"entity/trident"},{"type":"paletted_permutations","textures":["custom/trims/platinum/leggings_trim","custom/trims/platinum/chestplate_trim","custom/trims/platinum/helmet_trim","custom/trims/platinum/boots_trim","custom/trims/shadow/leggings_trim","custom/trims/shadow/chestplate_trim","custom/trims/shadow/helmet_trim","custom/trims/shadow/boots_trim","custom/trims/spirit/leggings_trim","custom/trims/spirit/chestplate_trim","custom/trims/spirit/helmet_trim","custom/trims/spirit/boots_trim","custom/trims/toxic/leggings_trim","custom/trims/toxic/chestplate_trim","custom/trims/toxic/helmet_trim","custom/trims/toxic/boots_trim","custom/trims/gravitite/leggings_trim","custom/trims/gravitite/chestplate_trim","custom/trims/gravitite/helmet_trim","custom/trims/gravitite/boots_trim"],"palette_key":"trims/color_palettes/trim_palette","permutations":{"quartz":"trims/color_palettes/quartz","iron":"trims/color_palettes/iron","gold":"trims/color_palettes/gold","diamond":"trims/color_palettes/diamond","netherite":"trims/color_palettes/netherite","redstone":"trims/color_palettes/redstone","copper":"trims/color_palettes/copper","emerald":"trims/color_palettes/emerald","lapis":"trims/color_palettes/lapis","amethyst":"trims/color_palettes/amethyst","iron_darker":"trims/color_palettes/iron_darker","gold_darker":"trims/color_palettes/gold_darker","diamond_darker":"trims/color_palettes/diamond_darker","netherite_darker":"trims/color_palettes/netherite_darker"}}]}