{"providers":[{"type":"bitmap","file":"custom_ui/gesture/gestures.png","ascent":-59,"height":16,"chars":["","","","","","","","","","","","","","","","","","","","","","",""]}]}