{"providers":[{"type":"bitmap","file":"custom_ui/gesture/gestures.png","ascent":-24,"height":32,"chars":["","","","","","","","","","","","","","","","","","","","","","",""]}]}