{"providers":[{"type":"bitmap","file":"custom_ui/gesture/gestures.png","ascent":-77,"height":16,"chars":["","","","","","","","","","","","","","","","","","","","","","",""]}]}