{"providers":[{"type":"bitmap","file":"custom_ui/gesture/gestures.png","ascent":-60,"height":32,"chars":["","","","","","","","","","","","","","","","","","","","","","",""]}]}