{"providers":[{"type":"bitmap","file":"custom_ui/gesture/gestures.png","ascent":-23,"height":16,"chars":["","","","","","","","","","","","","","","","","","","","","","",""]}]}