{"providers":[{"type":"bitmap","file":"custom_ui/gesture/gestures.png","ascent":-41,"height":16,"chars":["","","","","","","","","","","","","","","","","","","","","","",""]}]}