{"providers":[{"type":"bitmap","file":"custom_ui/gesture/gestures.png","ascent":-5,"height":16,"chars":["","","","","","","","","","","","","","","","","","","","","","",""]}]}