{"providers":[{"type":"reference","id":"menus/common"},{"type":"reference","id":"menus/navigation"},{"type":"space","advances":{"\u0003":-177,"\u0005":-177,"\u0007":-177,"\t":-177,"!":-177,"#":-177,"%":-177,"'":-177,")":-177,"+":-177,"-":-177,"/":-177,"1":-177,"3":-177,"5":-177,"7":-177,"9":-177,";":-177,"=":-177,"?":-177,"A":-177,"C":-177,"E":-177,"G":-177,"I":-177,"K":-177,"M":-17,"O":-17,"Q":-177,"S":-177,"U":-177,"W":-177,"Y":-177,"[":-177,"]":-177,"a":-177}},{"type":"bitmap","file":"custom_ui/menus/realms/home/background.png","ascent":19,"height":256,"chars":["\u0002"]},{"type":"bitmap","file":"custom_ui/menus/prev_page_on.png","ascent":19,"height":256,"chars":["\u0004"]},{"type":"bitmap","file":"custom_ui/menus/next_page_on.png","ascent":19,"height":256,"chars":["\u0006"]},{"type":"bitmap","file":"custom_ui/menus/realms/navigation_realms.png","ascent":19,"height":256,"chars":["\b"]},{"type":"bitmap","file":"custom_ui/menus/realms/home/settings/background.png","ascent":19,"height":256,"chars":[" "]},{"type":"bitmap","file":"custom_ui/menus/realms/home/settings/visiting_rule_all.png","ascent":19,"height":256,"chars":["\""]},{"type":"bitmap","file":"custom_ui/menus/realms/home/settings/visiting_rule_friends.png","ascent":19,"height":256,"chars":["$"]},{"type":"bitmap","file":"custom_ui/menus/realms/home/settings/visiting_rule_members.png","ascent":19,"height":256,"chars":["&"]},{"type":"bitmap","file":"custom_ui/menus/realms/home/settings/accessibility.png","ascent":19,"height":256,"chars":["("]},{"type":"bitmap","file":"custom_ui/menus/realms/home/settings/local_chat.png","ascent":19,"height":256,"chars":["*"]},{"type":"bitmap","file":"custom_ui/menus/realms/filter_added_to.png","ascent":19,"height":256,"chars":[","]},{"type":"bitmap","file":"custom_ui/menus/realms/filter_all.png","ascent":19,"height":256,"chars":["."]},{"type":"bitmap","file":"custom_ui/menus/realms/filter_elite.png","ascent":19,"height":256,"chars":["0"]},{"type":"bitmap","file":"custom_ui/menus/realms/filter_friends.png","ascent":19,"height":256,"chars":["2"]},{"type":"bitmap","file":"custom_ui/menus/realms/filter_media.png","ascent":19,"height":256,"chars":["4"]},{"type":"bitmap","file":"custom_ui/menus/realms/filter_mvp.png","ascent":19,"height":256,"chars":["6"]},{"type":"bitmap","file":"custom_ui/menus/realms/filter_player.png","ascent":19,"height":256,"chars":["8"]},{"type":"bitmap","file":"custom_ui/menus/realms/filter_pro.png","ascent":19,"height":256,"chars":[":"]},{"type":"bitmap","file":"custom_ui/menus/realms/filter_resident.png","ascent":19,"height":256,"chars":["<"]},{"type":"bitmap","file":"custom_ui/menus/realms/filter_trusted.png","ascent":19,"height":256,"chars":[">"]},{"type":"bitmap","file":"custom_ui/menus/realms/filter_vip.png","ascent":19,"height":256,"chars":["@"]},{"type":"bitmap","file":"custom_ui/menus/realms/sort_alpha_asc.png","ascent":19,"height":256,"chars":["B"]},{"type":"bitmap","file":"custom_ui/menus/realms/sort_count_asc.png","ascent":19,"height":256,"chars":["D"]},{"type":"bitmap","file":"custom_ui/menus/realms/sort_count_desc.png","ascent":19,"height":256,"chars":["F"]},{"type":"bitmap","file":"custom_ui/menus/realms/sort_time_asc.png","ascent":19,"height":256,"chars":["H"]},{"type":"bitmap","file":"custom_ui/menus/realms/sort_time_desc.png","ascent":19,"height":256,"chars":["J"]},{"type":"bitmap","file":"custom_ui/menus/overlay_add.png","ascent":-59,"height":16,"chars":["L"]},{"type":"bitmap","file":"custom_ui/menus/overlay_add.png","ascent":-59,"height":16,"chars":["N"]},{"type":"bitmap","file":"custom_ui/menus/realms/home/settings/reset_dimensions.png","ascent":19,"height":256,"chars":["P"]},{"type":"bitmap","file":"custom_ui/menus/realms/home/settings/balloon_shade_back.png","ascent":19,"height":256,"chars":["R"]},{"type":"bitmap","file":"custom_ui/menus/realms/sort_rank.png","ascent":19,"height":256,"chars":["T"]},{"type":"bitmap","file":"custom_ui/menus/realms/home/settings/reset_overworld_off.png","ascent":19,"height":256,"chars":["V"]},{"type":"bitmap","file":"custom_ui/menus/realms/home/settings/reset_nether_off.png","ascent":19,"height":256,"chars":["X"]},{"type":"bitmap","file":"custom_ui/menus/realms/home/settings/reset_aether_off.png","ascent":19,"height":256,"chars":["Z"]},{"type":"bitmap","file":"custom_ui/menus/realms/home/settings/accessibility_off.png","ascent":19,"height":256,"chars":["\\"]},{"type":"bitmap","file":"custom_ui/menus/realms/home/settings/visiting_rule_nobody.png","ascent":19,"height":256,"chars":["^"]},{"type":"bitmap","file":"custom_ui/menus/color_modal.png","ascent":19,"height":256,"chars":["`"]}]}