{"elements":[{"from":[8,2,8],"to":[16,2,16],"faces":{"up":{"uv":[8,8,16,16],"texture":"#flowerbed"},"down":{"uv":[8,16,16,8],"texture":"#flowerbed"}}},{"from":[17.65,0,0.65],"to":[18.65,2,0.65],"rotation":{"angle":-45,"axis":"y","origin":[0.5,0,0.5]},"faces":{"north":{"uv":[0,5,1,7],"texture":"#stem","tintindex":1},"south":{"uv":[0,5,1,7],"texture":"#stem","tintindex":1}}},{"from":[18.15,0,0.15],"to":[18.15,2,1.15],"rotation":{"angle":-45,"axis":"y","origin":[0.5,0,0.5]},"faces":{"east":{"uv":[0,5,1,7],"texture":"#stem","tintindex":1},"west":{"uv":[0,5,1,7],"texture":"#stem","tintindex":1}}},{"from":[14.15,0,-1.25],"to":[14.15,2,-0.25],"rotation":{"angle":-45,"axis":"y","origin":[0,0,0]},"faces":{"east":{"uv":[0,5,1,7],"texture":"#stem","tintindex":1},"west":{"uv":[0,5,1,7],"texture":"#stem","tintindex":1}}},{"from":[13.65,0,-0.75],"to":[14.65,2,-0.75],"rotation":{"angle":-45,"axis":"y","origin":[0,0,0]},"faces":{"north":{"uv":[0,5,1,7],"texture":"#stem","tintindex":1},"south":{"uv":[0,5,1,7],"texture":"#stem","tintindex":1}}}],"ambientocclusion":false,"textures":{"particle":"block/pink_petals","flowerbed":"block/pink_petals","stem":"block/pink_petals_stem"}}