{"elements":[{"from":[7.75,6.25,4.75],"to":[10.25,6.25,7.25],"rotation":{"angle":0,"axis":"y","origin":[1,0,-2]},"faces":{"north":{"uv":[0,0,0,0],"texture":"#all"},"east":{"uv":[0,0,0,0],"texture":"#all"},"south":{"uv":[0,0,0,0],"texture":"#all"},"west":{"uv":[0,0,0,0],"texture":"#all"},"up":{"uv":[4,7,6,9],"texture":"#all"},"down":{"uv":[4,7,6,9],"texture":"#all"}}},{"from":[10.25,5,4.75],"to":[10.25,6.25,7.25],"rotation":{"angle":0,"axis":"y","origin":[1,0,-2]},"faces":{"north":{"uv":[4,9,6,10],"texture":"#all"},"east":{"uv":[6,9,8,10],"texture":"#all"},"south":{"uv":[4,9,6,10],"texture":"#all"},"west":{"uv":[8,9,6,10],"texture":"#all"},"up":{"uv":[0,0,0,0],"texture":"#all"},"down":{"uv":[0,0,0,0],"texture":"#all","cullface":"down"}}},{"from":[7.75,5,4.75],"to":[10.25,6.25,4.75],"rotation":{"angle":0,"axis":"y","origin":[1,0,-2]},"faces":{"north":{"uv":[4,9,6,10],"texture":"#all"},"east":{"uv":[0,0,0,0],"texture":"#all"},"south":{"uv":[6,9,4,10],"texture":"#all"},"west":{"uv":[0,0,0,0],"texture":"#all"},"up":{"uv":[0,0,0,0],"texture":"#all"},"down":{"uv":[0,0,0,0],"texture":"#all","cullface":"down"}}},{"from":[7.75,3.75,4.75],"to":[10.25,5,4.75],"rotation":{"angle":0,"axis":"y","origin":[1,0,-2]},"faces":{"north":{"uv":[4,10,6,11],"texture":"#all"},"east":{"uv":[0,0,0,0],"texture":"#all"},"south":{"uv":[6,10,4,11],"texture":"#all"},"west":{"uv":[0,0,0,0],"texture":"#all"},"up":{"uv":[0,0,0,0],"texture":"#all"},"down":{"uv":[0,0,0,0],"texture":"#all","cullface":"down"}}},{"from":[10.25,2.5,4.75],"to":[10.25,5,6],"rotation":{"angle":0,"axis":"y","origin":[1,0,-2]},"faces":{"north":{"uv":[4,9,6,10],"texture":"#all"},"east":{"uv":[7,10,8,12],"texture":"#all"},"south":{"uv":[4,9,6,10],"texture":"#all"},"west":{"uv":[7,10,8,12],"texture":"#all"},"up":{"uv":[0,0,0,0],"texture":"#all"},"down":{"uv":[0,0,0,0],"texture":"#all","cullface":"down"}}},{"from":[9,2.5,4.75],"to":[10.25,3.75,4.75],"rotation":{"angle":0,"axis":"y","origin":[1,0,-2]},"faces":{"north":{"uv":[4,11,5,12],"texture":"#all"},"east":{"uv":[0,0,0,0],"texture":"#all"},"south":{"uv":[4,11,5,12],"texture":"#all"},"west":{"uv":[0,0,0,0],"texture":"#all"},"up":{"uv":[0,0,0,0],"texture":"#all"},"down":{"uv":[0,0,0,0],"texture":"#all"}}},{"from":[7.75,3.75,7.25],"to":[10.25,5,7.25],"rotation":{"angle":0,"axis":"y","origin":[1,0,-2]},"faces":{"north":{"uv":[6,10,4,11],"texture":"#all"},"east":{"uv":[0,0,0,0],"texture":"#all"},"south":{"uv":[4,10,6,11],"texture":"#all"},"west":{"uv":[0,0,0,0],"texture":"#all"},"up":{"uv":[0,0,0,0],"texture":"#all"},"down":{"uv":[0,0,0,0],"texture":"#all","cullface":"down"}}},{"from":[7.75,5,7.25],"to":[10.25,6.25,7.25],"rotation":{"angle":0,"axis":"y","origin":[1,0,-2]},"faces":{"north":{"uv":[4,9,6,10],"texture":"#all"},"east":{"uv":[0,0,0,0],"texture":"#all"},"south":{"uv":[6,9,4,10],"texture":"#all"},"west":{"uv":[0,0,0,0],"texture":"#all"},"up":{"uv":[0,0,0,0],"texture":"#all"},"down":{"uv":[0,0,0,0],"texture":"#all","cullface":"down"}}},{"from":[7.75,2.5,7.25],"to":[9,3.75,7.25],"rotation":{"angle":0,"axis":"y","origin":[1,0,-2]},"faces":{"north":{"uv":[4,11,5,12],"texture":"#all"},"east":{"uv":[0,0,0,0],"texture":"#all"},"south":{"uv":[4,11,5,12],"texture":"#all"},"west":{"uv":[0,0,0,0],"texture":"#all"},"up":{"uv":[0,0,0,0],"texture":"#all"},"down":{"uv":[0,0,0,0],"texture":"#all"}}},{"from":[7.75,2.5,6],"to":[7.75,5,7.25],"rotation":{"angle":0,"axis":"y","origin":[1,0,-2]},"faces":{"north":{"uv":[4,9,6,10],"texture":"#all"},"east":{"uv":[7,10,8,12],"texture":"#all"},"south":{"uv":[4,9,6,10],"texture":"#all"},"west":{"uv":[7,10,8,12],"texture":"#all"},"up":{"uv":[0,0,0,0],"texture":"#all"},"down":{"uv":[0,0,0,0],"texture":"#all","cullface":"down"}}},{"from":[7.75,5,4.75],"to":[7.75,6.25,7.25],"rotation":{"angle":0,"axis":"y","origin":[1,0,-2]},"faces":{"north":{"uv":[4,9,6,10],"texture":"#all"},"east":{"uv":[8,9,6,10],"texture":"#all"},"south":{"uv":[4,9,6,10],"texture":"#all"},"west":{"uv":[6,9,8,10],"texture":"#all"},"up":{"uv":[0,0,0,0],"texture":"#all"},"down":{"uv":[0,0,0,0],"texture":"#all","cullface":"down"}}},{"from":[8.5,6,6],"to":[9.5,7,6],"rotation":{"angle":45,"axis":"y","origin":[9,8,6]},"faces":{"north":{"uv":[1,6,2,7],"texture":"#all"},"east":{"uv":[0,0,0,1],"texture":"#all"},"south":{"uv":[1,6,2,7],"texture":"#all"},"west":{"uv":[0,0,0,1],"texture":"#all"},"up":{"uv":[0,0,1,0],"texture":"#all"},"down":{"uv":[0,0,1,0],"texture":"#all"}}},{"from":[8.5,7,6],"to":[9.5,8,6],"rotation":{"angle":45,"axis":"y","origin":[9,8,6]},"faces":{"north":{"uv":[1,5,2,6],"texture":"#all"},"east":{"uv":[0,0,0,1],"texture":"#all"},"south":{"uv":[1,5,2,6],"texture":"#all"},"west":{"uv":[0,0,0,1],"texture":"#all"},"up":{"uv":[0,0,1,0],"texture":"#all"},"down":{"uv":[0,0,1,0],"texture":"#all"}}},{"from":[8,0,5],"to":[10,6,7],"rotation":{"angle":0,"axis":"y","origin":[1,0,-2]},"faces":{"north":{"uv":[0,9,2,15],"texture":"#all"},"east":{"uv":[2,9,4,15],"texture":"#all"},"south":{"uv":[0,9,2,15],"texture":"#all"},"west":{"uv":[2,9,4,15],"texture":"#all"},"up":{"uv":[0,7,2,9],"texture":"#all"},"down":{"uv":[0,7,2,9],"texture":"#all"}}},{"from":[8.5,6,6],"to":[9.5,7,6],"rotation":{"angle":-45,"axis":"y","origin":[9,8,6]},"faces":{"north":{"uv":[1,6,2,7],"texture":"#all"},"east":{"uv":[0,0,0,1],"texture":"#all"},"south":{"uv":[1,6,2,7],"texture":"#all"},"west":{"uv":[0,0,0,1],"texture":"#all"},"up":{"uv":[0,0,1,0],"texture":"#all"},"down":{"uv":[0,0,1,0],"texture":"#all"}}},{"from":[8.5,7,6],"to":[9.5,8,6],"rotation":{"angle":-45,"axis":"y","origin":[9,8,6]},"faces":{"north":{"uv":[1,5,2,6],"texture":"#all"},"east":{"uv":[0,0,0,1],"texture":"#all"},"south":{"uv":[1,5,2,6],"texture":"#all"},"west":{"uv":[0,0,0,1],"texture":"#all"},"up":{"uv":[0,0,1,0],"texture":"#all"},"down":{"uv":[0,0,1,0],"texture":"#all"}}},{"from":[4.75,5.25,4.75],"to":[7.25,5.25,7.25],"rotation":{"angle":0,"axis":"y","origin":[6,4.17188,6]},"faces":{"north":{"uv":[0,0,0,0],"texture":"#all"},"east":{"uv":[0,0,0,0],"texture":"#all"},"south":{"uv":[0,0,0,0],"texture":"#all"},"west":{"uv":[0,0,0,0],"texture":"#all"},"up":{"uv":[4,7,6,9],"rotation":90,"texture":"#all"},"down":{"uv":[4,7,6,9],"rotation":270,"texture":"#all"}}},{"from":[4.75,4,7.25],"to":[7.25,5.25,7.25],"rotation":{"angle":0,"axis":"y","origin":[6,4.17188,6]},"faces":{"north":{"uv":[8,9,6,10],"texture":"#all"},"east":{"uv":[4,9,6,10],"texture":"#all"},"south":{"uv":[6,9,8,10],"texture":"#all"},"west":{"uv":[4,9,6,10],"texture":"#all"},"up":{"uv":[0,0,0,0],"rotation":90,"texture":"#all"},"down":{"uv":[0,0,0,0],"rotation":270,"texture":"#all","cullface":"down"}}},{"from":[7.25,4,4.75],"to":[7.25,5.25,7.25],"rotation":{"angle":0,"axis":"y","origin":[6,4.17188,6]},"faces":{"north":{"uv":[0,0,0,0],"texture":"#all"},"east":{"uv":[4,9,6,10],"texture":"#all"},"south":{"uv":[0,0,0,0],"texture":"#all"},"west":{"uv":[6,9,4,10],"texture":"#all"},"up":{"uv":[0,0,0,0],"rotation":90,"texture":"#all"},"down":{"uv":[0,0,0,0],"rotation":270,"texture":"#all","cullface":"down"}}},{"from":[7.25,2.75,4.75],"to":[7.25,4,7.25],"rotation":{"angle":0,"axis":"y","origin":[6,4.17188,6]},"faces":{"north":{"uv":[0,0,0,0],"texture":"#all"},"east":{"uv":[4,10,6,11],"texture":"#all"},"south":{"uv":[0,0,0,0],"texture":"#all"},"west":{"uv":[6,10,4,11],"texture":"#all"},"up":{"uv":[0,0,0,0],"rotation":90,"texture":"#all"},"down":{"uv":[0,0,0,0],"rotation":270,"texture":"#all","cullface":"down"}}},{"from":[6,1.5,7.25],"to":[7.25,4,7.25],"rotation":{"angle":0,"axis":"y","origin":[6,4.17188,6]},"faces":{"north":{"uv":[7,10,8,12],"texture":"#all"},"east":{"uv":[4,9,6,10],"texture":"#all"},"south":{"uv":[7,10,8,12],"texture":"#all"},"west":{"uv":[4,9,6,10],"texture":"#all"},"up":{"uv":[0,0,0,0],"rotation":90,"texture":"#all"},"down":{"uv":[0,0,0,0],"rotation":270,"texture":"#all","cullface":"down"}}},{"from":[7.25,1.5,6],"to":[7.25,2.75,7.25],"rotation":{"angle":0,"axis":"y","origin":[6,4.17188,6]},"faces":{"north":{"uv":[0,0,0,0],"texture":"#all"},"east":{"uv":[4,11,5,12],"texture":"#all"},"south":{"uv":[0,0,0,0],"texture":"#all"},"west":{"uv":[4,11,5,12],"texture":"#all"},"up":{"uv":[0,0,0,0],"rotation":90,"texture":"#all"},"down":{"uv":[0,0,0,0],"rotation":270,"texture":"#all"}}},{"from":[4.75,2.75,4.75],"to":[4.75,4,7.25],"rotation":{"angle":0,"axis":"y","origin":[6,4.17188,6]},"faces":{"north":{"uv":[0,0,0,0],"texture":"#all"},"east":{"uv":[6,10,4,11],"texture":"#all"},"south":{"uv":[0,0,0,0],"texture":"#all"},"west":{"uv":[4,10,6,11],"texture":"#all"},"up":{"uv":[0,0,0,0],"rotation":90,"texture":"#all"},"down":{"uv":[0,0,0,0],"rotation":270,"texture":"#all","cullface":"down"}}},{"from":[4.75,4,4.75],"to":[4.75,5.25,7.25],"rotation":{"angle":0,"axis":"y","origin":[6,4.17188,6]},"faces":{"north":{"uv":[0,0,0,0],"texture":"#all"},"east":{"uv":[4,9,6,10],"texture":"#all"},"south":{"uv":[0,0,0,0],"texture":"#all"},"west":{"uv":[6,9,4,10],"texture":"#all"},"up":{"uv":[0,0,0,0],"rotation":90,"texture":"#all"},"down":{"uv":[0,0,0,0],"rotation":270,"texture":"#all","cullface":"down"}}},{"from":[4.75,1.5,4.75],"to":[4.75,2.75,6],"rotation":{"angle":0,"axis":"y","origin":[6,4.17188,6]},"faces":{"north":{"uv":[0,0,0,0],"texture":"#all"},"east":{"uv":[4,11,5,12],"texture":"#all"},"south":{"uv":[0,0,0,0],"texture":"#all"},"west":{"uv":[4,11,5,12],"texture":"#all"},"up":{"uv":[0,0,0,0],"rotation":90,"texture":"#all"},"down":{"uv":[0,0,0,0],"rotation":270,"texture":"#all"}}},{"from":[4.75,1.5,4.75],"to":[6,4,4.75],"rotation":{"angle":0,"axis":"y","origin":[6,4.17188,6]},"faces":{"north":{"uv":[7,10,8,12],"texture":"#all"},"east":{"uv":[4,9,6,10],"texture":"#all"},"south":{"uv":[7,10,8,12],"texture":"#all"},"west":{"uv":[4,9,6,10],"texture":"#all"},"up":{"uv":[0,0,0,0],"rotation":90,"texture":"#all"},"down":{"uv":[0,0,0,0],"rotation":270,"texture":"#all","cullface":"down"}}},{"from":[4.75,4,4.75],"to":[7.25,5.25,4.75],"rotation":{"angle":0,"axis":"y","origin":[6,4.17188,6]},"faces":{"north":{"uv":[6,9,8,10],"texture":"#all"},"east":{"uv":[4,9,6,10],"texture":"#all"},"south":{"uv":[8,9,6,10],"texture":"#all"},"west":{"uv":[4,9,6,10],"texture":"#all"},"up":{"uv":[0,0,0,0],"rotation":90,"texture":"#all"},"down":{"uv":[0,0,0,0],"rotation":270,"texture":"#all","cullface":"down"}}},{"from":[5.5,5,6],"to":[6.5,6,6],"rotation":{"angle":-45,"axis":"y","origin":[6,4.17188,6]},"faces":{"north":{"uv":[1,6,2,7],"texture":"#all"},"east":{"uv":[0,0,0,1],"texture":"#all"},"south":{"uv":[1,6,2,7],"texture":"#all"},"west":{"uv":[0,0,0,1],"texture":"#all"},"up":{"uv":[0,0,1,0],"texture":"#all"},"down":{"uv":[0,0,1,0],"texture":"#all"}}},{"from":[5.5,6,6],"to":[6.5,7,6],"rotation":{"angle":-45,"axis":"y","origin":[6,4.17188,6]},"faces":{"north":{"uv":[1,5,2,6],"texture":"#all"},"east":{"uv":[0,0,0,1],"texture":"#all"},"south":{"uv":[1,5,2,6],"texture":"#all"},"west":{"uv":[0,0,0,1],"texture":"#all"},"up":{"uv":[0,0,1,0],"texture":"#all"},"down":{"uv":[0,0,1,0],"texture":"#all"}}},{"from":[5,0,5],"to":[7,5,7],"rotation":{"angle":0,"axis":"y","origin":[6,4.17188,6]},"faces":{"north":{"uv":[2,9,4,14],"texture":"#all"},"east":{"uv":[0,9,2,14],"texture":"#all"},"south":{"uv":[2,9,4,14],"texture":"#all"},"west":{"uv":[0,9,2,14],"texture":"#all"},"up":{"uv":[0,7,2,9],"rotation":90,"texture":"#all"},"down":{"uv":[0,7,2,9],"rotation":270,"texture":"#all"}}},{"from":[6,5,5.5],"to":[6,6,6.5],"rotation":{"angle":-45,"axis":"y","origin":[6,4.17188,6]},"faces":{"north":{"uv":[0,0,0,1],"texture":"#all"},"east":{"uv":[1,6,2,7],"texture":"#all"},"south":{"uv":[0,0,0,1],"texture":"#all"},"west":{"uv":[1,6,2,7],"texture":"#all"},"up":{"uv":[0,0,1,0],"rotation":90,"texture":"#all"},"down":{"uv":[0,0,1,0],"rotation":270,"texture":"#all"}}},{"from":[6,6,5.5],"to":[6,7,6.5],"rotation":{"angle":-45,"axis":"y","origin":[6,4.17188,6]},"faces":{"north":{"uv":[0,0,0,1],"texture":"#all"},"east":{"uv":[1,5,2,6],"texture":"#all"},"south":{"uv":[0,0,0,1],"texture":"#all"},"west":{"uv":[1,5,2,6],"texture":"#all"},"up":{"uv":[0,0,1,0],"rotation":90,"texture":"#all"},"down":{"uv":[0,0,1,0],"rotation":270,"texture":"#all"}}},{"from":[5.75,3.25,7.75],"to":[8.25,3.25,10.25],"rotation":{"angle":0,"axis":"y","origin":[7,2.23438,9]},"faces":{"north":{"uv":[0,0,0,0],"texture":"#all"},"east":{"uv":[0,0,0,0],"texture":"#all"},"south":{"uv":[0,0,0,0],"texture":"#all"},"west":{"uv":[0,0,0,0],"texture":"#all"},"up":{"uv":[4,7,6,9],"rotation":180,"texture":"#all"},"down":{"uv":[4,7,6,9],"rotation":180,"texture":"#all"}}},{"from":[5.75,2,7.75],"to":[5.75,3.25,10.25],"rotation":{"angle":0,"axis":"y","origin":[7,2.23438,9]},"faces":{"north":{"uv":[4,9,6,10],"texture":"#all"},"east":{"uv":[8,9,6,10],"texture":"#all"},"south":{"uv":[4,9,6,10],"texture":"#all"},"west":{"uv":[6,9,8,10],"texture":"#all"},"up":{"uv":[0,0,0,0],"rotation":180,"texture":"#all"},"down":{"uv":[0,0,0,0],"rotation":180,"texture":"#all","cullface":"down"}}},{"from":[5.75,2,10.25],"to":[8.25,3.25,10.25],"rotation":{"angle":0,"axis":"y","origin":[7,2.23438,9]},"faces":{"north":{"uv":[6,9,4,10],"texture":"#all"},"east":{"uv":[0,0,0,0],"texture":"#all"},"south":{"uv":[4,9,6,10],"texture":"#all"},"west":{"uv":[0,0,0,0],"texture":"#all"},"up":{"uv":[0,0,0,0],"rotation":180,"texture":"#all"},"down":{"uv":[0,0,0,0],"rotation":180,"texture":"#all","cullface":"down"}}},{"from":[5.75,0.75,10.25],"to":[8.25,2,10.25],"rotation":{"angle":0,"axis":"y","origin":[7,2.23438,9]},"faces":{"north":{"uv":[6,10,4,11],"texture":"#all"},"east":{"uv":[0,0,0,0],"texture":"#all"},"south":{"uv":[4,10,6,11],"texture":"#all"},"west":{"uv":[0,0,0,0],"texture":"#all"},"up":{"uv":[0,0,0,0],"rotation":180,"texture":"#all"},"down":{"uv":[0,0,0,0],"rotation":180,"texture":"#all","cullface":"down"}}},{"from":[5.75,-0.5,9],"to":[5.75,2,10.25],"rotation":{"angle":0,"axis":"y","origin":[7,2.23438,9]},"faces":{"north":{"uv":[4,9,6,10],"texture":"#all"},"east":{"uv":[7,10,8,12],"texture":"#all"},"south":{"uv":[4,9,6,10],"texture":"#all"},"west":{"uv":[7,10,8,12],"texture":"#all"},"up":{"uv":[0,0,0,0],"rotation":180,"texture":"#all"},"down":{"uv":[0,0,0,0],"rotation":180,"texture":"#all","cullface":"down"}}},{"from":[5.75,-0.5,10.25],"to":[7,0.75,10.25],"rotation":{"angle":0,"axis":"y","origin":[7,2.23438,9]},"faces":{"north":{"uv":[4,11,5,12],"texture":"#all"},"east":{"uv":[0,0,0,0],"texture":"#all"},"south":{"uv":[4,11,5,12],"texture":"#all"},"west":{"uv":[0,0,0,0],"texture":"#all"},"up":{"uv":[0,0,0,0],"rotation":180,"texture":"#all"},"down":{"uv":[0,0,0,0],"rotation":180,"texture":"#all"}}},{"from":[5.75,0.75,7.75],"to":[8.25,2,7.75],"rotation":{"angle":0,"axis":"y","origin":[7,2.23438,9]},"faces":{"north":{"uv":[4,10,6,11],"texture":"#all"},"east":{"uv":[0,0,0,0],"texture":"#all"},"south":{"uv":[6,10,4,11],"texture":"#all"},"west":{"uv":[0,0,0,0],"texture":"#all"},"up":{"uv":[0,0,0,0],"rotation":180,"texture":"#all"},"down":{"uv":[0,0,0,0],"rotation":180,"texture":"#all","cullface":"down"}}},{"from":[5.75,2,7.75],"to":[8.25,3.25,7.75],"rotation":{"angle":0,"axis":"y","origin":[7,2.23438,9]},"faces":{"north":{"uv":[6,9,4,10],"texture":"#all"},"east":{"uv":[0,0,0,0],"texture":"#all"},"south":{"uv":[4,9,6,10],"texture":"#all"},"west":{"uv":[0,0,0,0],"texture":"#all"},"up":{"uv":[0,0,0,0],"rotation":180,"texture":"#all"},"down":{"uv":[0,0,0,0],"rotation":180,"texture":"#all","cullface":"down"}}},{"from":[7,-0.5,7.75],"to":[8.25,0.75,7.75],"rotation":{"angle":0,"axis":"y","origin":[7,2.23438,9]},"faces":{"north":{"uv":[4,11,5,12],"texture":"#all"},"east":{"uv":[0,0,0,0],"texture":"#all"},"south":{"uv":[4,11,5,12],"texture":"#all"},"west":{"uv":[0,0,0,0],"texture":"#all"},"up":{"uv":[0,0,0,0],"rotation":180,"texture":"#all"},"down":{"uv":[0,0,0,0],"rotation":180,"texture":"#all"}}},{"from":[8.25,-0.5,7.75],"to":[8.25,2,9],"rotation":{"angle":0,"axis":"y","origin":[7,2.23438,9]},"faces":{"north":{"uv":[4,9,6,10],"texture":"#all"},"east":{"uv":[7,10,8,12],"texture":"#all"},"south":{"uv":[4,9,6,10],"texture":"#all"},"west":{"uv":[7,10,8,12],"texture":"#all"},"up":{"uv":[0,0,0,0],"rotation":180,"texture":"#all"},"down":{"uv":[0,0,0,0],"rotation":180,"texture":"#all","cullface":"down"}}},{"from":[8.25,2,7.75],"to":[8.25,3.25,10.25],"rotation":{"angle":0,"axis":"y","origin":[7,2.23438,9]},"faces":{"north":{"uv":[4,9,6,10],"texture":"#all"},"east":{"uv":[6,9,8,10],"texture":"#all"},"south":{"uv":[4,9,6,10],"texture":"#all"},"west":{"uv":[8,9,6,10],"texture":"#all"},"up":{"uv":[0,0,0,0],"rotation":180,"texture":"#all"},"down":{"uv":[0,0,0,0],"rotation":180,"texture":"#all","cullface":"down"}}},{"from":[7,3,8.5],"to":[7,4,9.5],"rotation":{"angle":-45,"axis":"y","origin":[7,2.23438,9]},"faces":{"north":{"uv":[0,0,0,1],"texture":"#all"},"east":{"uv":[1,6,2,7],"texture":"#all"},"south":{"uv":[0,0,0,1],"texture":"#all"},"west":{"uv":[1,6,2,7],"texture":"#all"},"up":{"uv":[0,0,1,0],"rotation":90,"texture":"#all"},"down":{"uv":[0,0,1,0],"rotation":270,"texture":"#all"}}},{"from":[7,4,8.5],"to":[7,5,9.5],"rotation":{"angle":-45,"axis":"y","origin":[7,2.23438,9]},"faces":{"north":{"uv":[0,0,0,1],"texture":"#all"},"east":{"uv":[1,5,2,6],"texture":"#all"},"south":{"uv":[0,0,0,1],"texture":"#all"},"west":{"uv":[1,5,2,6],"texture":"#all"},"up":{"uv":[0,0,1,0],"rotation":90,"texture":"#all"},"down":{"uv":[0,0,1,0],"rotation":270,"texture":"#all"}}},{"from":[6,0,8],"to":[8,3,10],"rotation":{"angle":0,"axis":"y","origin":[7,2.23438,9]},"faces":{"north":{"uv":[0,9,2,12],"texture":"#all"},"east":{"uv":[2,9,4,12],"texture":"#all"},"south":{"uv":[0,9,2,12],"texture":"#all"},"west":{"uv":[2,9,4,12],"texture":"#all"},"up":{"uv":[0,7,2,9],"rotation":180,"texture":"#all"},"down":{"uv":[0,7,2,9],"rotation":180,"texture":"#all"}}},{"from":[6.5,3,9],"to":[7.5,4,9],"rotation":{"angle":-45,"axis":"y","origin":[7,2.23438,9]},"faces":{"north":{"uv":[1,6,2,7],"texture":"#all"},"east":{"uv":[0,0,0,1],"texture":"#all"},"south":{"uv":[1,6,2,7],"texture":"#all"},"west":{"uv":[0,0,0,1],"texture":"#all"},"up":{"uv":[0,0,1,0],"rotation":180,"texture":"#all"},"down":{"uv":[0,0,1,0],"rotation":180,"texture":"#all"}}},{"from":[6.5,4,9],"to":[7.5,5,9],"rotation":{"angle":-45,"axis":"y","origin":[7,2.23438,9]},"faces":{"north":{"uv":[1,5,2,6],"texture":"#all"},"east":{"uv":[0,0,0,1],"texture":"#all"},"south":{"uv":[1,5,2,6],"texture":"#all"},"west":{"uv":[0,0,0,1],"texture":"#all"},"up":{"uv":[0,0,1,0],"rotation":180,"texture":"#all"},"down":{"uv":[0,0,1,0],"rotation":180,"texture":"#all"}}},{"from":[8.75,5.25,7.75],"to":[11.25,5.25,10.25],"rotation":{"angle":0,"axis":"y","origin":[10,4.17188,9]},"faces":{"north":{"uv":[0,0,0,0],"texture":"#all"},"east":{"uv":[0,0,0,0],"texture":"#all"},"south":{"uv":[0,0,0,0],"texture":"#all"},"west":{"uv":[0,0,0,0],"texture":"#all"},"up":{"uv":[4,7,6,9],"rotation":90,"texture":"#all"},"down":{"uv":[4,7,6,9],"rotation":270,"texture":"#all"}}},{"from":[8.75,4,10.25],"to":[11.25,5.25,10.25],"rotation":{"angle":0,"axis":"y","origin":[10,4.17188,9]},"faces":{"north":{"uv":[8,9,6,10],"texture":"#all"},"east":{"uv":[4,9,6,10],"texture":"#all"},"south":{"uv":[6,9,8,10],"texture":"#all"},"west":{"uv":[4,9,6,10],"texture":"#all"},"up":{"uv":[0,0,0,0],"rotation":90,"texture":"#all"},"down":{"uv":[0,0,0,0],"rotation":270,"texture":"#all","cullface":"down"}}},{"from":[11.25,4,7.75],"to":[11.25,5.25,10.25],"rotation":{"angle":0,"axis":"y","origin":[10,4.17188,9]},"faces":{"north":{"uv":[0,0,0,0],"texture":"#all"},"east":{"uv":[4,9,6,10],"texture":"#all"},"south":{"uv":[0,0,0,0],"texture":"#all"},"west":{"uv":[6,9,4,10],"texture":"#all"},"up":{"uv":[0,0,0,0],"rotation":90,"texture":"#all"},"down":{"uv":[0,0,0,0],"rotation":270,"texture":"#all","cullface":"down"}}},{"from":[11.25,2.75,7.75],"to":[11.25,4,10.25],"rotation":{"angle":0,"axis":"y","origin":[10,4.17188,9]},"faces":{"north":{"uv":[0,0,0,0],"texture":"#all"},"east":{"uv":[4,10,6,11],"texture":"#all"},"south":{"uv":[0,0,0,0],"texture":"#all"},"west":{"uv":[6,10,4,11],"texture":"#all"},"up":{"uv":[0,0,0,0],"rotation":90,"texture":"#all"},"down":{"uv":[0,0,0,0],"rotation":270,"texture":"#all","cullface":"down"}}},{"from":[10,1.5,10.25],"to":[11.25,4,10.25],"rotation":{"angle":0,"axis":"y","origin":[10,4.17188,9]},"faces":{"north":{"uv":[7,10,8,12],"texture":"#all"},"east":{"uv":[4,9,6,10],"texture":"#all"},"south":{"uv":[7,10,8,12],"texture":"#all"},"west":{"uv":[4,9,6,10],"texture":"#all"},"up":{"uv":[0,0,0,0],"rotation":90,"texture":"#all"},"down":{"uv":[0,0,0,0],"rotation":270,"texture":"#all","cullface":"down"}}},{"from":[11.25,1.5,9],"to":[11.25,2.75,10.25],"rotation":{"angle":0,"axis":"y","origin":[10,4.17188,9]},"faces":{"north":{"uv":[0,0,0,0],"texture":"#all"},"east":{"uv":[4,11,5,12],"texture":"#all"},"south":{"uv":[0,0,0,0],"texture":"#all"},"west":{"uv":[4,11,5,12],"texture":"#all"},"up":{"uv":[0,0,0,0],"rotation":90,"texture":"#all"},"down":{"uv":[0,0,0,0],"rotation":270,"texture":"#all"}}},{"from":[8.75,2.75,7.75],"to":[8.75,4,10.25],"rotation":{"angle":0,"axis":"y","origin":[10,4.17188,9]},"faces":{"north":{"uv":[0,0,0,0],"texture":"#all"},"east":{"uv":[6,10,4,11],"texture":"#all"},"south":{"uv":[0,0,0,0],"texture":"#all"},"west":{"uv":[4,10,6,11],"texture":"#all"},"up":{"uv":[0,0,0,0],"rotation":90,"texture":"#all"},"down":{"uv":[0,0,0,0],"rotation":270,"texture":"#all","cullface":"down"}}},{"from":[8.75,4,7.75],"to":[8.75,5.25,10.25],"rotation":{"angle":0,"axis":"y","origin":[10,4.17188,9]},"faces":{"north":{"uv":[0,0,0,0],"texture":"#all"},"east":{"uv":[4,9,6,10],"texture":"#all"},"south":{"uv":[0,0,0,0],"texture":"#all"},"west":{"uv":[6,9,4,10],"texture":"#all"},"up":{"uv":[0,0,0,0],"rotation":90,"texture":"#all"},"down":{"uv":[0,0,0,0],"rotation":270,"texture":"#all","cullface":"down"}}},{"from":[8.75,1.5,7.75],"to":[8.75,2.75,9],"rotation":{"angle":0,"axis":"y","origin":[10,4.17188,9]},"faces":{"north":{"uv":[0,0,0,0],"texture":"#all"},"east":{"uv":[4,11,5,12],"texture":"#all"},"south":{"uv":[0,0,0,0],"texture":"#all"},"west":{"uv":[4,11,5,12],"texture":"#all"},"up":{"uv":[0,0,0,0],"rotation":90,"texture":"#all"},"down":{"uv":[0,0,0,0],"rotation":270,"texture":"#all"}}},{"from":[8.75,1.5,7.75],"to":[10,4,7.75],"rotation":{"angle":0,"axis":"y","origin":[10,4.17188,9]},"faces":{"north":{"uv":[7,10,8,12],"texture":"#all"},"east":{"uv":[4,9,6,10],"texture":"#all"},"south":{"uv":[7,10,8,12],"texture":"#all"},"west":{"uv":[4,9,6,10],"texture":"#all"},"up":{"uv":[0,0,0,0],"rotation":90,"texture":"#all"},"down":{"uv":[0,0,0,0],"rotation":270,"texture":"#all","cullface":"down"}}},{"from":[8.75,4,7.75],"to":[11.25,5.25,7.75],"rotation":{"angle":0,"axis":"y","origin":[10,4.17188,9]},"faces":{"north":{"uv":[6,9,8,10],"texture":"#all"},"east":{"uv":[4,9,6,10],"texture":"#all"},"south":{"uv":[8,9,6,10],"texture":"#all"},"west":{"uv":[4,9,6,10],"texture":"#all"},"up":{"uv":[0,0,0,0],"rotation":90,"texture":"#all"},"down":{"uv":[0,0,0,0],"rotation":270,"texture":"#all","cullface":"down"}}},{"from":[9.5,5,9],"to":[10.5,6,9],"rotation":{"angle":-45,"axis":"y","origin":[10,4.17188,9]},"faces":{"north":{"uv":[1,6,2,7],"texture":"#all"},"east":{"uv":[0,0,0,1],"texture":"#all"},"south":{"uv":[1,6,2,7],"texture":"#all"},"west":{"uv":[0,0,0,1],"texture":"#all"},"up":{"uv":[0,0,1,0],"texture":"#all"},"down":{"uv":[0,0,1,0],"texture":"#all"}}},{"from":[9.5,6,9],"to":[10.5,7,9],"rotation":{"angle":-45,"axis":"y","origin":[10,4.17188,9]},"faces":{"north":{"uv":[1,5,2,6],"texture":"#all"},"east":{"uv":[0,0,0,1],"texture":"#all"},"south":{"uv":[1,5,2,6],"texture":"#all"},"west":{"uv":[0,0,0,1],"texture":"#all"},"up":{"uv":[0,0,1,0],"texture":"#all"},"down":{"uv":[0,0,1,0],"texture":"#all"}}},{"from":[9,0,8],"to":[11,5,10],"rotation":{"angle":0,"axis":"y","origin":[10,4.17188,9]},"faces":{"north":{"uv":[2,9,4,14],"texture":"#all"},"east":{"uv":[0,9,2,14],"texture":"#all"},"south":{"uv":[2,9,4,14],"texture":"#all"},"west":{"uv":[0,9,2,14],"texture":"#all"},"up":{"uv":[0,7,2,9],"rotation":90,"texture":"#all"},"down":{"uv":[0,7,2,9],"rotation":270,"texture":"#all"}}},{"from":[10,5,8.5],"to":[10,6,9.5],"rotation":{"angle":-45,"axis":"y","origin":[10,4.17188,9]},"faces":{"north":{"uv":[0,0,0,1],"texture":"#all"},"east":{"uv":[1,6,2,7],"texture":"#all"},"south":{"uv":[0,0,0,1],"texture":"#all"},"west":{"uv":[1,6,2,7],"texture":"#all"},"up":{"uv":[0,0,1,0],"rotation":90,"texture":"#all"},"down":{"uv":[0,0,1,0],"rotation":270,"texture":"#all"}}},{"from":[10,6,8.5],"to":[10,7,9.5],"rotation":{"angle":-45,"axis":"y","origin":[10,4.17188,9]},"faces":{"north":{"uv":[0,0,0,1],"texture":"#all"},"east":{"uv":[1,5,2,6],"texture":"#all"},"south":{"uv":[0,0,0,1],"texture":"#all"},"west":{"uv":[1,5,2,6],"texture":"#all"},"up":{"uv":[0,0,1,0],"rotation":90,"texture":"#all"},"down":{"uv":[0,0,1,0],"rotation":270,"texture":"#all"}}}],"parent":"block/block"}