{"elements":[{"from":[7,0,7],"to":[9,6,9],"faces":{"north":{"uv":[0,9,2,15],"texture":"#all"},"east":{"uv":[2,9,4,15],"texture":"#all"},"south":{"uv":[0,9,2,15],"texture":"#all"},"west":{"uv":[2,9,4,15],"texture":"#all"},"up":{"uv":[0,7,2,9],"texture":"#all"},"down":{"uv":[0,7,2,9],"texture":"#all"}}},{"from":[6.75,6.25,6.75],"to":[9.25,6.25,9.25],"faces":{"north":{"uv":[0,0,0,0],"texture":"#all"},"east":{"uv":[0,0,0,0],"texture":"#all"},"south":{"uv":[0,0,0,0],"texture":"#all"},"west":{"uv":[0,0,0,0],"texture":"#all"},"up":{"uv":[4,7,6,9],"texture":"#all"},"down":{"uv":[4,7,6,9],"texture":"#all"}}},{"from":[9.25,5,6.75],"to":[9.25,6.25,9.25],"faces":{"north":{"uv":[4,9,6,10],"texture":"#all"},"east":{"uv":[6,9,8,10],"texture":"#all"},"south":{"uv":[4,9,6,10],"texture":"#all"},"west":{"uv":[8,9,6,10],"texture":"#all"},"up":{"uv":[0,0,0,0],"texture":"#all"},"down":{"uv":[0,0,0,0],"texture":"#all","cullface":"down"}}},{"from":[6.75,5,6.75],"to":[9.25,6.25,6.75],"faces":{"north":{"uv":[4,9,6,10],"texture":"#all"},"east":{"uv":[0,0,0,0],"texture":"#all"},"south":{"uv":[6,9,4,10],"texture":"#all"},"west":{"uv":[0,0,0,0],"texture":"#all"},"up":{"uv":[0,0,0,0],"texture":"#all"},"down":{"uv":[0,0,0,0],"texture":"#all","cullface":"down"}}},{"from":[6.75,3.75,6.75],"to":[9.25,5,6.75],"faces":{"north":{"uv":[4,10,6,11],"texture":"#all"},"east":{"uv":[0,0,0,0],"texture":"#all"},"south":{"uv":[6,10,4,11],"texture":"#all"},"west":{"uv":[0,0,0,0],"texture":"#all"},"up":{"uv":[0,0,0,0],"texture":"#all"},"down":{"uv":[0,0,0,0],"texture":"#all","cullface":"down"}}},{"from":[9.25,2.5,6.75],"to":[9.25,5,8],"faces":{"north":{"uv":[4,9,6,10],"texture":"#all"},"east":{"uv":[7,10,8,12],"texture":"#all"},"south":{"uv":[4,9,6,10],"texture":"#all"},"west":{"uv":[7,10,8,12],"texture":"#all"},"up":{"uv":[0,0,0,0],"texture":"#all"},"down":{"uv":[0,0,0,0],"texture":"#all","cullface":"down"}}},{"from":[8,2.5,6.75],"to":[9.25,3.75,6.75],"faces":{"north":{"uv":[4,11,5,12],"texture":"#all"},"east":{"uv":[0,0,0,0],"texture":"#all"},"south":{"uv":[4,11,5,12],"texture":"#all"},"west":{"uv":[0,0,0,0],"texture":"#all"},"up":{"uv":[0,0,0,0],"texture":"#all"},"down":{"uv":[0,0,0,0],"texture":"#all"}}},{"from":[6.75,3.75,9.25],"to":[9.25,5,9.25],"faces":{"north":{"uv":[6,10,4,11],"texture":"#all"},"east":{"uv":[0,0,0,0],"texture":"#all"},"south":{"uv":[4,10,6,11],"texture":"#all"},"west":{"uv":[0,0,0,0],"texture":"#all"},"up":{"uv":[0,0,0,0],"texture":"#all"},"down":{"uv":[0,0,0,0],"texture":"#all","cullface":"down"}}},{"from":[6.75,5,9.25],"to":[9.25,6.25,9.25],"faces":{"north":{"uv":[4,9,6,10],"texture":"#all"},"east":{"uv":[0,0,0,0],"texture":"#all"},"south":{"uv":[6,9,4,10],"texture":"#all"},"west":{"uv":[0,0,0,0],"texture":"#all"},"up":{"uv":[0,0,0,0],"texture":"#all"},"down":{"uv":[0,0,0,0],"texture":"#all","cullface":"down"}}},{"from":[6.75,2.5,9.25],"to":[8,3.75,9.25],"faces":{"north":{"uv":[4,11,5,12],"texture":"#all"},"east":{"uv":[0,0,0,0],"texture":"#all"},"south":{"uv":[4,11,5,12],"texture":"#all"},"west":{"uv":[0,0,0,0],"texture":"#all"},"up":{"uv":[0,0,0,0],"texture":"#all"},"down":{"uv":[0,0,0,0],"texture":"#all"}}},{"from":[6.75,2.5,8],"to":[6.75,5,9.25],"faces":{"north":{"uv":[4,9,6,10],"texture":"#all"},"east":{"uv":[7,10,8,12],"texture":"#all"},"south":{"uv":[4,9,6,10],"texture":"#all"},"west":{"uv":[7,10,8,12],"texture":"#all"},"up":{"uv":[0,0,0,0],"texture":"#all"},"down":{"uv":[0,0,0,0],"texture":"#all","cullface":"down"}}},{"from":[6.75,5,6.75],"to":[6.75,6.25,9.25],"faces":{"north":{"uv":[4,9,6,10],"texture":"#all"},"east":{"uv":[8,9,6,10],"texture":"#all"},"south":{"uv":[4,9,6,10],"texture":"#all"},"west":{"uv":[6,9,8,10],"texture":"#all"},"up":{"uv":[0,0,0,0],"texture":"#all"},"down":{"uv":[0,0,0,0],"texture":"#all","cullface":"down"}}},{"from":[7.5,6,8],"to":[8.5,7,8],"rotation":{"angle":45,"axis":"y","origin":[8,8,8]},"faces":{"north":{"uv":[1,6,2,7],"texture":"#all"},"east":{"uv":[0,0,0,1],"texture":"#all"},"south":{"uv":[1,6,2,7],"texture":"#all"},"west":{"uv":[0,0,0,1],"texture":"#all"},"up":{"uv":[0,0,1,0],"texture":"#all"},"down":{"uv":[0,0,1,0],"texture":"#all"}}},{"from":[7.5,7,8],"to":[8.5,8,8],"rotation":{"angle":45,"axis":"y","origin":[8,8,8]},"faces":{"north":{"uv":[1,5,2,6],"texture":"#all"},"east":{"uv":[0,0,0,1],"texture":"#all"},"south":{"uv":[1,5,2,6],"texture":"#all"},"west":{"uv":[0,0,0,1],"texture":"#all"},"up":{"uv":[0,0,1,0],"texture":"#all"},"down":{"uv":[0,0,1,0],"texture":"#all"}}},{"from":[7.5,6,8],"to":[8.5,7,8],"rotation":{"angle":-45,"axis":"y","origin":[8,8,8]},"faces":{"north":{"uv":[1,6,2,7],"texture":"#all"},"east":{"uv":[0,0,0,1],"texture":"#all"},"south":{"uv":[1,6,2,7],"texture":"#all"},"west":{"uv":[0,0,0,1],"texture":"#all"},"up":{"uv":[0,0,1,0],"texture":"#all"},"down":{"uv":[0,0,1,0],"texture":"#all"}}},{"from":[7.5,7,8],"to":[8.5,8,8],"rotation":{"angle":-45,"axis":"y","origin":[8,8,8]},"faces":{"north":{"uv":[1,5,2,6],"texture":"#all"},"east":{"uv":[0,0,0,1],"texture":"#all"},"south":{"uv":[1,5,2,6],"texture":"#all"},"west":{"uv":[0,0,0,1],"texture":"#all"},"up":{"uv":[0,0,1,0],"texture":"#all"},"down":{"uv":[0,0,1,0],"texture":"#all"}}}],"parent":"block/block"}