{"elements":[{"from":[0,15.2,0],"to":[16,15.2,16],"shade":false,"faces":{"up":{"uv":[0,0,16,16],"texture":"#1","tintindex":1},"down":{"uv":[0,2,8,10],"texture":"#1","tintindex":1}}},{"from":[15.2,-8,0],"to":[15.2,16,16],"shade":false,"faces":{"east":{"uv":[0,0,8,12],"texture":"#1","tintindex":1},"west":{"uv":[0,0,8,12],"texture":"#1","tintindex":1}}},{"from":[0.8,-8,0],"to":[0.8,16,16],"shade":false,"faces":{"east":{"uv":[0,0,8,12],"texture":"#1","tintindex":1},"west":{"uv":[0,0,8,12],"texture":"#1","tintindex":1}}},{"from":[1,4,12],"to":[13,16,12],"shade":false,"faces":{"north":{"uv":[14.5,0,8.5,6],"texture":"#1","tintindex":1},"east":{"uv":[0,0,0,12],"texture":"#1"},"south":{"uv":[8.5,0,14.5,6],"texture":"#1","tintindex":1},"west":{"uv":[0,0,0,12],"texture":"#1"},"up":{"uv":[0,0,12,0],"texture":"#1"},"down":{"uv":[0,0,12,0],"texture":"#1"}}},{"from":[0,1,4],"to":[15,16,4],"shade":false,"faces":{"north":{"uv":[8.5,6.5,16,14],"texture":"#1","tintindex":1},"east":{"uv":[0,0,0,15],"texture":"#1"},"south":{"uv":[16,6.5,8.5,14],"texture":"#1","tintindex":1},"west":{"uv":[0,0,0,15],"texture":"#1"},"up":{"uv":[0,0,15,0],"texture":"#1"},"down":{"uv":[0,0,15,0],"texture":"#1"}}}],"ambientocclusion":false,"textures":{"1":"block/vinecustom","particle":"block/vine"}}