{"elements":[{"from":[0,15.2,0],"to":[16,15.2,16],"shade":false,"faces":{"north":{"uv":[0,0,0,0],"texture":"#0"},"east":{"uv":[0,0,0,0],"texture":"#0"},"south":{"uv":[0,0,0,0],"texture":"#0"},"west":{"uv":[0,0,0,0],"texture":"#0"},"up":{"uv":[0,2,8,10],"texture":"#0","tintindex":1},"down":{"uv":[0,2,8,10],"texture":"#0","tintindex":1}}},{"from":[0,-8,0.8],"to":[16,16,0.8],"shade":false,"faces":{"north":{"uv":[0,0,8,12],"texture":"#0","tintindex":1},"east":{"uv":[0,0,0,0],"texture":"#0"},"south":{"uv":[0,0,8,12],"texture":"#0","tintindex":1},"west":{"uv":[0,0,0,0],"texture":"#0"},"up":{"uv":[0,0,0,0],"texture":"#0"},"down":{"uv":[0,0,0,0],"texture":"#0"}}},{"from":[15.2,-8,0],"to":[15.2,16,16],"shade":false,"faces":{"north":{"uv":[0,0,0,0],"texture":"#0"},"east":{"uv":[0,0,8,12],"texture":"#0","tintindex":1},"south":{"uv":[0,0,0,0],"texture":"#0"},"west":{"uv":[0,0,8,12],"texture":"#0","tintindex":1},"up":{"uv":[0,0,0,0],"texture":"#0"},"down":{"uv":[0,0,0,0],"texture":"#0"}}}],"ambientocclusion":false,"textures":{"0":"block/vinecustom","particle":"block/vine"}}