{
  "model": {
    "type": "range_dispatch",
    "property": "custom_model_data",
    "entries": [
      { "threshold": 1, "model": { "type": "model", "model": "custom/axolotl_bucket_wild" } },
      { "threshold": 2, "model": { "type": "model", "model": "custom/axolotl_bucket_gold" } },
      { "threshold": 3, "model": { "type": "model", "model": "custom/axolotl_bucket_cyan" } },
      { "threshold": 4, "model": { "type": "model", "model": "custom/axolotl_bucket_blue" } }
    ],
    "fallback": { "type": "model", "model": "item/axolotl_bucket" }
  }
}