{
  "model": {
    "type": "range_dispatch",
    "property": "custom_model_data",
    "entries": [
      { "threshold": 1000, "model": { "type": "model", "model": "custom/misc_items/special_books/book_of_swords" } },
      { "threshold": 1001, "model": { "type": "model", "model": "custom/misc_items/special_books/book_of_axes" } },
      { "threshold": 1002, "model": { "type": "model", "model": "custom/misc_items/special_books/book_of_pickaxes" } },
      { "threshold": 1003, "model": { "type": "model", "model": "custom/misc_items/special_books/book_of_shovels" } },
      { "threshold": 1004, "model": { "type": "model", "model": "custom/misc_items/special_books/book_of_hoes" } },
      { "threshold": 1005, "model": { "type": "model", "model": "custom/misc_items/special_books/book_of_bows" } },
      { "threshold": 1006, "model": { "type": "model", "model": "custom/misc_items/special_books/book_of_crossbows" } },
      { "threshold": 1007, "model": { "type": "model", "model": "custom/misc_items/special_books/book_of_fishing_rods" } },
      { "threshold": 1008, "model": { "type": "model", "model": "custom/misc_items/special_books/book_of_tridents" } },
      { "threshold": 1009, "model": { "type": "model", "model": "custom/misc_items/special_books/book_of_helmets" } },
      { "threshold": 1010, "model": { "type": "model", "model": "custom/misc_items/special_books/book_of_chestplates" } },
      { "threshold": 1011, "model": { "type": "model", "model": "custom/misc_items/special_books/book_of_leggings" } },
      { "threshold": 1012, "model": { "type": "model", "model": "custom/misc_items/special_books/book_of_boots" } },
      { "threshold": 1013, "model": { "type": "model", "model": "custom/misc_items/special_books/book_of_spears" } }
    ],
    "fallback": { "type": "model", "model": "item/book" }
  }
}