{
  "model": {
    "type": "range_dispatch",
    "property": "custom_model_data",
    "entries": [
      {
        "threshold": 1,
        "model": {
          "type": "condition",
          "property": "using_item",
          "on_true": {
            "type": "range_dispatch",
            "property": "use_duration",
            "scale": 0.05,
            "entries": [
              { "threshold": 0.65, "model": { "type": "model", "model": "custom/minerals/platinum/platinum_bow_pulling_1" } },
              { "threshold": 0.9, "model": { "type": "model", "model": "custom/minerals/platinum/platinum_bow_pulling_2" } }
            ],
            "fallback": { "type": "model", "model": "custom/minerals/platinum/platinum_bow_pulling_0" }
          },
          "on_false": { "type": "model", "model": "custom/minerals/platinum/platinum_bow" }
        }
      },
      {
        "threshold": 2,
        "model": {
          "type": "condition",
          "property": "using_item",
          "on_true": {
            "type": "range_dispatch",
            "property": "use_duration",
            "scale": 0.05,
            "entries": [
              { "threshold": 0.65, "model": { "type": "model", "model": "custom/custom_gear/shadow_gear/shadow_bow_pulling_1" } },
              { "threshold": 0.9, "model": { "type": "model", "model": "custom/custom_gear/shadow_gear/shadow_bow_pulling_2" } }
            ],
            "fallback": { "type": "model", "model": "custom/custom_gear/shadow_gear/shadow_bow_pulling_0" }
          },
          "on_false": { "type": "model", "model": "custom/custom_gear/shadow_gear/shadow_bow" }
        }
      },
      {
        "threshold": 3,
        "model": { "type": "model", "model": "custom/custom_gear/broken_gear/broken_bow" }
      },
      {
        "threshold": 4,
        "model": { "type": "model", "model": "custom/custom_gear/toxic_gear/toxic_bow" }
      },
      {
        "threshold": 5,
        "model": {
          "type": "condition",
          "property": "using_item",
          "on_true": {
            "type": "range_dispatch",
            "property": "use_duration",
            "scale": 0.05,
            "entries": [
              { "threshold": 0.65, "model": { "type": "model", "model": "custom/custom_gear/heart_gear/heart_bow_pulling_1" } },
              { "threshold": 0.9, "model": { "type": "model", "model": "custom/custom_gear/heart_gear/heart_bow_pulling_2" } }
            ],
            "fallback": { "type": "model", "model": "custom/custom_gear/heart_gear/heart_bow_pulling_0" }
          },
          "on_false": { "type": "model", "model": "custom/custom_gear/heart_gear/heart_bow" }
        }
      },
      {
        "threshold": 6,
        "model": {
          "type": "condition",
          "property": "using_item",
          "on_true": {
            "type": "range_dispatch",
            "property": "use_duration",
            "scale": 0.05,
            "entries": [
              { "threshold": 0.65, "model": { "type": "model", "model": "custom/custom_gear/clover_gear/clover_bow_pulling_1" } },
              { "threshold": 0.9, "model": { "type": "model", "model": "custom/custom_gear/clover_gear/clover_bow_pulling_2" } }
            ],
            "fallback": { "type": "model", "model": "custom/custom_gear/clover_gear/clover_bow_pulling_0" }
          },
          "on_false": { "type": "model", "model": "custom/custom_gear/clover_gear/clover_bow" }
        }
      },
      {
        "threshold": 7,
        "model": {
          "type": "condition",
          "property": "using_item",
          "on_true": {
            "type": "range_dispatch",
            "property": "use_duration",
            "scale": 0.05,
            "entries": [
              { "threshold": 0.65, "model": { "type": "model", "model": "custom/custom_gear/easter_gear/easter_bow_pulling_1" } },
              { "threshold": 0.9, "model": { "type": "model", "model": "custom/custom_gear/easter_gear/easter_bow_pulling_2" } }
            ],
            "fallback": { "type": "model", "model": "custom/custom_gear/easter_gear/easter_bow_pulling_0" }
          },
          "on_false": { "type": "model", "model": "custom/custom_gear/easter_gear/easter_bow" }
        }
      },
      {
        "threshold": 8,
        "model": {
          "type": "condition",
          "property": "using_item",
          "on_true": {
            "type": "range_dispatch",
            "property": "use_duration",
            "scale": 0.05,
            "entries": [
              { "threshold": 0.65, "model": { "type": "model", "model": "custom/custom_gear/summer_gear/squirt_bow_pulling_1" } },
              { "threshold": 0.9, "model": { "type": "model", "model": "custom/custom_gear/summer_gear/squirt_bow_pulling_2" } }
            ],
            "fallback": { "type": "model", "model": "custom/custom_gear/summer_gear/squirt_bow_pulling_0" }
          },
          "on_false": { "type": "model", "model": "custom/custom_gear/summer_gear/squirt_bow" }
        }
      },
      {
        "threshold": 9,
        "model": {
          "type": "condition",
          "property": "using_item",
          "on_true": {
            "type": "range_dispatch",
            "property": "use_duration",
            "scale": 0.05,
            "entries": [
              { "threshold": 0.65, "model": { "type": "model", "model": "custom/custom_gear/legendary_gear/legendary_bow_pulling_1" } },
              { "threshold": 0.9, "model": { "type": "model", "model": "custom/custom_gear/legendary_gear/legendary_bow_pulling_2" } }
            ],
            "fallback": { "type": "model", "model": "custom/custom_gear/legendary_gear/legendary_bow_pulling_0" }
          },
          "on_false": { "type": "model", "model": "custom/custom_gear/legendary_gear/legendary_bow" }
        }
      },
      {
        "threshold": 10,
        "model": {
          "type": "condition",
          "property": "using_item",
          "on_true": {
            "type": "range_dispatch",
            "property": "use_duration",
            "scale": 0.05,
            "entries": [
              { "threshold": 0.65, "model": { "type": "model", "model": "custom/custom_gear/spooky_gear/spooky_bow_pulling_1" } },
              { "threshold": 0.9, "model": { "type": "model", "model": "custom/custom_gear/spooky_gear/spooky_bow_pulling_2" } }
            ],
            "fallback": { "type": "model", "model": "custom/custom_gear/spooky_gear/spooky_bow_pulling_0" }
          },
          "on_false": { "type": "model", "model": "custom/custom_gear/spooky_gear/spooky_bow" }
        }
      },
      {
        "threshold": 11,
        "model": {
          "type": "condition",
          "property": "using_item",
          "on_true": {
            "type": "range_dispatch",
            "property": "use_duration",
            "scale": 0.05,
            "entries": [
              { "threshold": 0.65, "model": { "type": "model", "model": "custom/custom_gear/festive_gear/festive_bow_pulling_1" } },
              { "threshold": 0.9, "model": { "type": "model", "model": "custom/custom_gear/festive_gear/festive_bow_pulling_2" } }
            ],
            "fallback": { "type": "model", "model": "custom/custom_gear/festive_gear/festive_bow_pulling_0" }
          },
          "on_false": { "type": "model", "model": "custom/custom_gear/festive_gear/festive_bow" }
        }
      },
      {
        "threshold": 12,
        "model": {
          "type": "condition",
          "property": "using_item",
          "on_true": {
            "type": "range_dispatch",
            "property": "use_duration",
            "scale": 0.05,
            "entries": [
              { "threshold": 0.65, "model": { "type": "model", "model": "custom/custom_gear/lunar_gear/lunar_bow_pulling_1" } },
              { "threshold": 0.9, "model": { "type": "model", "model": "custom/custom_gear/lunar_gear/lunar_bow_pulling_2" } }
            ],
            "fallback": { "type": "model", "model": "custom/custom_gear/lunar_gear/lunar_bow_pulling_0" }
          },
          "on_false": { "type": "model", "model": "custom/custom_gear/lunar_gear/lunar_bow" }
        }
      },
      {
        "threshold": 13,
        "model": {
          "type": "condition",
          "property": "using_item",
          "on_true": {
            "type": "range_dispatch",
            "property": "use_duration",
            "scale": 0.05,
            "entries": [
              { "threshold": 0.65, "model": { "type": "model", "model": "custom/custom_gear/floral_gear/floral_bow_pulling_1" } },
              { "threshold": 0.9, "model": { "type": "model", "model": "custom/custom_gear/floral_gear/floral_bow_pulling_2" } }
            ],
            "fallback": { "type": "model", "model": "custom/custom_gear/floral_gear/floral_bow_pulling_0" }
          },
          "on_false": { "type": "model", "model": "custom/custom_gear/floral_gear/floral_bow" }
        }
      },
      {
        "threshold": 16,
        "model": {
          "type": "condition",
          "property": "using_item",
          "on_true": {
            "type": "range_dispatch",
            "property": "use_duration",
            "scale": 0.05,
            "entries": [
              { "threshold": 0.65, "model": { "type": "model", "model": "custom/custom_gear/pirate_gear/harpoon_bow_pulling_1" } },
              { "threshold": 0.9, "model": { "type": "model", "model": "custom/custom_gear/pirate_gear/harpoon_bow_pulling_2" } }
            ],
            "fallback": { "type": "model", "model": "custom/custom_gear/pirate_gear/harpoon_bow_pulling_0" }
          },
          "on_false": { "type": "model", "model": "custom/custom_gear/pirate_gear/harpoon_bow" }
        }
      },
      {
        "threshold": 17,
        "model": {
          "type": "condition",
          "property": "using_item",
          "on_true": {
            "type": "range_dispatch",
            "property": "use_duration",
            "scale": 0.05,
            "entries": [
              { "threshold": 0.65, "model": { "type": "model", "model": "custom/custom_gear/spirit_gear/spirit_bow_pulling_1" } },
              { "threshold": 0.9, "model": { "type": "model", "model": "custom/custom_gear/spirit_gear/spirit_bow_pulling_2" } }
            ],
            "fallback": { "type": "model", "model": "custom/custom_gear/spirit_gear/spirit_bow_pulling_0" }
          },
          "on_false": { "type": "model", "model": "custom/custom_gear/spirit_gear/spirit_bow" }
        }
      },
      {
        "threshold": 18,
        "model": { "type": "model", "model": "custom/custom_gear/spirit_gear/spirit_bow_pulling_3" }
      },
      {
        "threshold": 19,
        "model": { "type": "model", "model": "custom/custom_gear/spirit_gear/spirit_bow_pulling_4" }
      },
      {
        "threshold": 24,
        "model": {
          "type": "condition",
          "property": "using_item",
          "on_true": {
            "type": "range_dispatch",
            "property": "use_duration",
            "scale": 0.05,
            "entries": [
              { "threshold": 0.65, "model": { "type": "model", "model": "custom/custom_gear/gothic_gear/gothic_bow_pulling_1" } },
              { "threshold": 0.9, "model": { "type": "model", "model": "custom/custom_gear/gothic_gear/gothic_bow_pulling_2" } }
            ],
            "fallback": { "type": "model", "model": "custom/custom_gear/gothic_gear/gothic_bow_pulling_0" }
          },
          "on_false": { "type": "model", "model": "custom/custom_gear/gothic_gear/gothic_bow" }
        }
      },
      {
        "threshold": 27,
        "model": {
          "type": "condition",
          "property": "using_item",
          "on_true": {
            "type": "range_dispatch",
            "property": "use_duration",
            "scale": 0.05,
            "entries": [
              { "threshold": 0.65, "model": { "type": "model", "model": "custom/custom_gear/maple_gear/maple_bow_pulling_1" } },
              { "threshold": 0.9, "model": { "type": "model", "model": "custom/custom_gear/maple_gear/maple_bow_pulling_2" } }
            ],
            "fallback": { "type": "model", "model": "custom/custom_gear/maple_gear/maple_bow_pulling_0" }
          },
          "on_false": { "type": "model", "model": "custom/custom_gear/maple_gear/maple_bow" }
        }
      },
      {
        "threshold": 29,
        "model": {
          "type": "condition",
          "property": "using_item",
          "on_true": {
            "type": "range_dispatch",
            "property": "use_duration",
            "scale": 0.05,
            "entries": [
              { "threshold": 0.65, "model": { "type": "model", "model": "custom/custom_gear/glacial_gear/glacial_bow_pulling_1" } },
              { "threshold": 0.9, "model": { "type": "model", "model": "custom/custom_gear/glacial_gear/glacial_bow_pulling_2" } }
            ],
            "fallback": { "type": "model", "model": "custom/custom_gear/glacial_gear/glacial_bow_pulling_0" }
          },
          "on_false": { "type": "model", "model": "custom/custom_gear/glacial_gear/glacial_bow" }
        }
      },
      {
        "threshold": 31,
        "model": {
          "type": "condition",
          "property": "using_item",
          "on_true": {
            "type": "range_dispatch",
            "property": "use_duration",
            "scale": 0.05,
            "entries": [
              { "threshold": 0.65, "model": { "type": "model", "model": "custom/custom_gear/jade_gear/jade_bow_pulling_1" } },
              { "threshold": 0.9, "model": { "type": "model", "model": "custom/custom_gear/jade_gear/jade_bow_pulling_2" } }
            ],
            "fallback": { "type": "model", "model": "custom/custom_gear/jade_gear/jade_bow_pulling_0" }
          },
          "on_false": { "type": "model", "model": "custom/custom_gear/jade_gear/jade_bow" }
        }
      },
      {
        "threshold": 32,
        "model": {
          "type": "condition",
          "property": "using_item",
          "on_true": {
            "type": "range_dispatch",
            "property": "use_duration",
            "scale": 0.05,
            "entries": [
              { "threshold": 0.65, "model": { "type": "model", "model": "custom/custom_gear/ivy_gear/ivy_bow_pulling_1" } },
              { "threshold": 0.9, "model": { "type": "model", "model": "custom/custom_gear/ivy_gear/ivy_bow_pulling_2" } }
            ],
            "fallback": { "type": "model", "model": "custom/custom_gear/ivy_gear/ivy_bow_pulling_0" }
          },
          "on_false": { "type": "model", "model": "custom/custom_gear/ivy_gear/ivy_bow" }
        }
      },
      {
        "threshold": 33,
        "model": {
          "type": "condition",
          "property": "using_item",
          "on_true": {
            "type": "range_dispatch",
            "property": "use_duration",
            "scale": 0.05,
            "entries": [
              { "threshold": 0.65, "model": { "type": "model", "model": "custom/custom_gear/artifact/warped/twisted_bow_pulling_1" } },
              { "threshold": 0.9, "model": { "type": "model", "model": "custom/custom_gear/artifact/warped/twisted_bow_pulling_2" } }
            ],
            "fallback": { "type": "model", "model": "custom/custom_gear/artifact/warped/twisted_bow_pulling_0" }
          },
          "on_false": { "type": "model", "model": "custom/custom_gear/artifact/warped/twisted_bow" }
        }
      },
      {
        "threshold": 36,
        "model": {
          "type": "condition",
          "property": "using_item",
          "on_true": {
            "type": "range_dispatch",
            "property": "use_duration",
            "scale": 0.05,
            "entries": [
              { "threshold": 0.65, "model": { "type": "model", "model": "custom/custom_gear/energy_gear/energy_bow_pulling_1" } },
              { "threshold": 0.9, "model": { "type": "model", "model": "custom/custom_gear/energy_gear/energy_bow_pulling_2" } }
            ],
            "fallback": { "type": "model", "model": "custom/custom_gear/energy_gear/energy_bow_pulling_0" }
          },
          "on_false": { "type": "model", "model": "custom/custom_gear/energy_gear/energy_bow" }
        }
      },
      {
        "threshold": 37,
        "model": {
          "type": "condition",
          "property": "using_item",
          "on_true": {
            "type": "range_dispatch",
            "property": "use_duration",
            "scale": 0.05,
            "entries": [
              { "threshold": 0.65, "model": { "type": "model", "model": "custom/custom_gear/muerte_gear/muerte_bow_pulling_1" } },
              { "threshold": 0.9, "model": { "type": "model", "model": "custom/custom_gear/muerte_gear/muerte_bow_pulling_2" } }
            ],
            "fallback": { "type": "model", "model": "custom/custom_gear/muerte_gear/muerte_bow_pulling_0" }
          },
          "on_false": { "type": "model", "model": "custom/custom_gear/muerte_gear/muerte_bow" }
        }
      },
      {
        "threshold": 38,
        "model": {
          "type": "condition",
          "property": "using_item",
          "on_true": {
            "type": "range_dispatch",
            "property": "use_duration",
            "scale": 0.05,
            "entries": [
              { "threshold": 0.65, "model": { "type": "model", "model": "custom/custom_gear/toy_gear/toy_bow_pulling_1" } },
              { "threshold": 0.9, "model": { "type": "model", "model": "custom/custom_gear/toy_gear/toy_bow_pulling_2" } }
            ],
            "fallback": { "type": "model", "model": "custom/custom_gear/toy_gear/toy_bow_pulling_0" }
          },
          "on_false": { "type": "model", "model": "custom/custom_gear/toy_gear/toy_bow" }
        }
      },
      {
        "threshold": 39,
        "model": {
          "type": "condition",
          "property": "using_item",
          "on_true": {
            "type": "range_dispatch",
            "property": "use_duration",
            "scale": 0.05,
            "entries": [
              { "threshold": 0.65, "model": { "type": "model", "model": "custom/custom_gear/aurora_bow_pulling_1" } },
              { "threshold": 0.9, "model": { "type": "model", "model": "custom/custom_gear/aurora_bow_pulling_2" } }
            ],
            "fallback": { "type": "model", "model": "custom/custom_gear/aurora_bow_pulling_0" }
          },
          "on_false": { "type": "model", "model": "custom/custom_gear/aurora_bow" }
        }
      },
      {
        "threshold": 40,
        "model": {
          "type": "condition",
          "property": "using_item",
          "on_true": {
            "type": "range_dispatch",
            "property": "use_duration",
            "scale": 0.05,
            "entries": [
              { "threshold": 0.65, "model": { "type": "model", "model": "custom/custom_gear/blossom_gear/blossom_bow_pulling_1" } },
              { "threshold": 0.9, "model": { "type": "model", "model": "custom/custom_gear/blossom_gear/blossom_bow_pulling_2" } }
            ],
            "fallback": { "type": "model", "model": "custom/custom_gear/blossom_gear/blossom_bow_pulling_0" }
          },
          "on_false": { "type": "model", "model": "custom/custom_gear/blossom_gear/blossom_bow" }
        }
      },
      {
        "threshold": 41,
        "model": {
          "type": "condition",
          "property": "using_item",
          "on_true": {
            "type": "range_dispatch",
            "property": "use_duration",
            "scale": 0.05,
            "entries": [
              { "threshold": 0.65, "model": { "type": "model", "model": "custom/custom_gear/rose_gold_gear/rose_gold_bow_pulling_1" } },
              { "threshold": 0.9, "model": { "type": "model", "model": "custom/custom_gear/rose_gold_gear/rose_gold_bow_pulling_2" } }
            ],
            "fallback": { "type": "model", "model": "custom/custom_gear/rose_gold_gear/rose_gold_bow_pulling_0" }
          },
          "on_false": { "type": "model", "model": "custom/custom_gear/rose_gold_gear/rose_gold_bow" }
        }
      },
      {
        "threshold": 42,
        "model": {
          "type": "condition",
          "property": "using_item",
          "on_true": {
            "type": "range_dispatch",
            "property": "use_duration",
            "scale": 0.05,
            "entries": [
              { "threshold": 0.65, "model": { "type": "model", "model": "custom/aether/gear/archeology/sabrewing_bow_pulling_1" } },
              { "threshold": 0.9, "model": { "type": "model", "model": "custom/aether/gear/archeology/sabrewing_bow_pulling_2" } }
            ],
            "fallback": { "type": "model", "model": "custom/aether/gear/archeology/sabrewing_bow_pulling_0" }
          },
          "on_false": { "type": "model", "model": "custom/aether/gear/archeology/sabrewing_bow" }
        }
      },
      {
        "threshold": 47,
        "model": {
          "type": "condition",
          "property": "using_item",
          "on_true": {
            "type": "range_dispatch",
            "property": "use_duration",
            "scale": 0.05,
            "entries": [
              { "threshold": 0.65, "model": { "type": "model", "model": "custom/custom_gear/shamrock_gear/shamrock_bow_pulling_1" } },
              { "threshold": 0.9, "model": { "type": "model", "model": "custom/custom_gear/shamrock_gear/shamrock_bow_pulling_2" } }
            ],
            "fallback": { "type": "model", "model": "custom/custom_gear/shamrock_gear/shamrock_bow_pulling_0" }
          },
          "on_false": { "type": "model", "model": "custom/custom_gear/shamrock_gear/shamrock_bow" }
        }
      },
      {
        "threshold": 49,
        "model": {
          "type": "condition",
          "property": "using_item",
          "on_true": {
            "type": "range_dispatch",
            "property": "use_duration",
            "scale": 0.05,
            "entries": [
              { "threshold": 0.65, "model": { "type": "model", "model": "custom/aether/gear/blitz_gear/blitz_bow_pulling_1" } },
              { "threshold": 0.9, "model": { "type": "model", "model": "custom/aether/gear/blitz_gear/blitz_bow_pulling_2" } }
            ],
            "fallback": { "type": "model", "model": "custom/aether/gear/blitz_gear/blitz_bow_pulling_0" }
          },
          "on_false": { "type": "model", "model": "custom/aether/gear/blitz_gear/blitz_bow" }
        }
      }
    ],
    "fallback": {
      "type": "condition",
      "property": "using_item",
      "on_true": {
        "type": "range_dispatch",
        "property": "use_duration",
        "scale": 0.05,
        "entries": [
          { "threshold": 0.65, "model": { "type": "model", "model": "item/bow_pulling_1" } },
          { "threshold": 0.9, "model": { "type": "model", "model": "item/bow_pulling_2" } }
        ],
        "fallback": { "type": "model", "model": "item/bow_pulling_0" }
      },
      "on_false": { "type": "model", "model": "item/bow" }
    }
  }
}