{
  "model": {
    "type": "range_dispatch",
    "property": "custom_model_data",
    "entries": [
      { "threshold": 6002, "model": { "type": "model", "model": "custom/misc_items/phoenix_feather" } },
      { "threshold": 6003, "model": { "type": "model", "model": "custom/misc_items/lettuce" } },
      { "threshold": 6004, "model": { "type": "model", "model": "custom/misc_items/lettuce_gold" } },
      { "threshold": 6005, "model": { "type": "model", "model": "custom/misc_items/chilli" } },
      { "threshold": 6006, "model": { "type": "model", "model": "custom/misc_items/chilli_gold" } },
      { "threshold": 6007, "model": { "type": "model", "model": "custom/misc_items/corn" } },
      { "threshold": 6008, "model": { "type": "model", "model": "custom/misc_items/corn_gold" } },
      { "threshold": 6009, "model": { "type": "model", "model": "custom/misc_items/wooden_watering_can" } },
      { "threshold": 6010, "model": { "type": "model", "model": "custom/misc_items/enchanted_book" } },
      { "threshold": 6011, "model": { "type": "model", "model": "custom/misc_items/enchanted_book_1" } },
      { "threshold": 6012, "model": { "type": "model", "model": "custom/misc_items/enchanted_book_2" } },
      { "threshold": 6013, "model": { "type": "model", "model": "custom/misc_items/enchanted_book_3" } },
      { "threshold": 6014, "model": { "type": "model", "model": "custom/misc_items/enchanted_book_4" } },
      { "threshold": 6015, "model": { "type": "model", "model": "custom/misc_items/enchanted_book_5" } },
      { "threshold": 6016, "model": { "type": "model", "model": "custom/misc_items/enchanted_book_6" } },
      { "threshold": 6017, "model": { "type": "model", "model": "custom/misc_items/pineapple" } },
      { "threshold": 6018, "model": { "type": "model", "model": "custom/misc_items/pineapple_gold" } },
      { "threshold": 6019, "model": { "type": "model", "model": "custom/misc_items/mango" } },
      { "threshold": 6020, "model": { "type": "model", "model": "custom/misc_items/rune_slot" } },
      { "threshold": 6021, "model": { "type": "model", "model": "custom/misc_items/rune_protection" } },
      { "threshold": 6022, "model": { "type": "model", "model": "custom/misc_items/soil_small" } },
      { "threshold": 6023, "model": { "type": "model", "model": "custom/misc_items/soil_medium" } },
      { "threshold": 6024, "model": { "type": "model", "model": "custom/misc_items/soil_large" } },
      { "threshold": 6025, "model": { "type": "model", "model": "custom/misc_items/banana" } },
      { "threshold": 6026, "model": { "type": "model", "model": "custom/misc_items/banana_gold" } },
      { "threshold": 6027, "model": { "type": "model", "model": "custom/misc_items/egg_plant" } },
      { "threshold": 6028, "model": { "type": "model", "model": "custom/misc_items/egg_plant_gold" } },
      { "threshold": 6029, "model": { "type": "model", "model": "custom/misc_items/fertilizer_gold" } },
      { "threshold": 6030, "model": { "type": "model", "model": "custom/misc_items/fertilizer_multiplier" } },
      { "threshold": 6031, "model": { "type": "model", "model": "custom/misc_items/fertilizer_speed" } },
      { "threshold": 6032, "model": { "type": "model", "model": "custom/misc_items/fertilizer_star" } },
      { "threshold": 6033, "model": { "type": "model", "model": "custom/misc_items/wooden_watering_can" } },
      { "threshold": 6034, "model": { "type": "model", "model": "custom/misc_items/cattail" } },
      { "threshold": 6035, "model": { "type": "model", "model": "custom/misc_items/aubrieta_white" } },
      { "threshold": 6036, "model": { "type": "model", "model": "custom/misc_items/aubrieta_pink" } },
      { "threshold": 6037, "model": { "type": "model", "model": "custom/misc_items/aubrieta_red" } },
      { "threshold": 6038, "model": { "type": "model", "model": "custom/misc_items/aubrieta_blue" } },
      { "threshold": 6039, "model": { "type": "model", "model": "custom/misc_items/brazier" } },
      { "threshold": 6040, "model": { "type": "model", "model": "custom/misc_items/pebbles" } },
      { "threshold": 6041, "model": { "type": "model", "model": "custom/misc_items/rocks" } },
      { "threshold": 6042, "model": { "type": "model", "model": "custom/misc_items/wheel_barrel" } },
      { "threshold": 6043, "model": { "type": "model", "model": "custom/misc_items/leaves" } },
      { "threshold": 6044, "model": { "type": "model", "model": "custom/misc_items/leaves_cold" } },
      { "threshold": 6045, "model": { "type": "model", "model": "custom/misc_items/leaves_dead" } },
      { "threshold": 6046, "model": { "type": "model", "model": "custom/misc_items/shelf_fungus" } },
      { "threshold": 6047, "model": { "type": "model", "model": "custom/misc_items/moss" } },
      { "threshold": 6048, "model": { "type": "model", "model": "custom/misc_items/small_lily" } },
      { "threshold": 6049, "model": { "type": "model", "model": "custom/misc_items/clover" } },
      { "threshold": 6050, "model": { "type": "model", "model": "custom/misc_items/lotus_lily_white" } },
      { "threshold": 6051, "model": { "type": "model", "model": "custom/misc_items/lotus_lily_pink" } },
      { "threshold": 6052, "model": { "type": "model", "model": "custom/misc_items/lotus_lily_purple" } },
      { "threshold": 6053, "model": { "type": "model", "model": "custom/misc_items/grand_father_clock" } },
      { "threshold": 6054, "model": { "type": "model", "model": "custom/misc_items/paper_lantern" } },
      { "threshold": 6055, "model": { "type": "model", "model": "custom/misc_items/wooden_sprinkler" } },
      { "threshold": 6056, "model": { "type": "model", "model": "custom/misc_items/tall_torch" } },
      { "threshold": 6057, "model": { "type": "model", "model": "custom/misc_items/wall_shelf" } },
      { "threshold": 6058, "model": { "type": "model", "model": "custom/misc_items/wall_shelf_large" } },
      { "threshold": 6059, "model": { "type": "model", "model": "custom/misc_items/lamppost_hang" } },
      { "threshold": 6060, "model": { "type": "model", "model": "custom/misc_items/lamppost_hang_double" } },
      { "threshold": 6061, "model": { "type": "model", "model": "custom/misc_items/lamppost_single" } },
      { "threshold": 6062, "model": { "type": "model", "model": "custom/misc_items/lamppost_triple" } },
      { "threshold": 6063, "model": { "type": "model", "model": "custom/misc_items/apple_seeds" } },
      { "threshold": 6064, "model": { "type": "model", "model": "custom/misc_items/carrot_seeds" } },
      { "threshold": 6065, "model": { "type": "model", "model": "custom/misc_items/potato_seeds" } },
      { "threshold": 6066, "model": { "type": "model", "model": "custom/misc_items/banana_seeds" } },
      { "threshold": 6067, "model": { "type": "model", "model": "custom/misc_items/chilli_seeds" } },
      { "threshold": 6068, "model": { "type": "model", "model": "custom/misc_items/egg_plant_seeds" } },
      { "threshold": 6069, "model": { "type": "model", "model": "custom/misc_items/corn_seeds" } },
      { "threshold": 6070, "model": { "type": "model", "model": "custom/misc_items/lettuce_seeds" } },
      { "threshold": 6071, "model": { "type": "model", "model": "custom/misc_items/pineapple_seeds" } },
      { "threshold": 6072, "model": { "type": "model", "model": "custom/misc_items/mango_pit" } },
      { "threshold": 6073, "model": { "type": "model", "model": "custom/misc_items/beetroot_gold" } },
      { "threshold": 6074, "model": { "type": "model", "model": "custom/misc_items/wheat_gold" } },
      { "threshold": 6075, "model": { "type": "model", "model": "custom/misc_items/potato_gold" } },
      { "threshold": 6076, "model": { "type": "model", "model": "custom/misc_items/orange_mycena" } },
      { "threshold": 6077, "model": { "type": "model", "model": "custom/misc_items/large_orange_mycena" } },
      { "threshold": 6078, "model": { "type": "model", "model": "custom/misc_items/capture_net" } },
      { "threshold": 6079, "model": { "type": "model", "model": "custom/misc_items/capture_net_closed" } },
      { "threshold": 6080, "model": { "type": "model", "model": "custom/misc_items/zombie_soul" } },
      { "threshold": 6081, "model": { "type": "model", "model": "custom/misc_items/skeleton_soul" } },
      { "threshold": 6082, "model": { "type": "model", "model": "custom/misc_items/spider_soul" } },
      { "threshold": 6083, "model": { "type": "model", "model": "custom/misc_items/cave_spider_soul" } },
      { "threshold": 6084, "model": { "type": "model", "model": "custom/misc_items/totem_of_keeping" } },
      { "threshold": 6085, "model": { "type": "model", "model": "custom/misc_items/spawner_fragment" } },
      { "threshold": 6086, "model": { "type": "model", "model": "custom/misc_items/toxic_mushroom" } },
      { "threshold": 6087, "model": { "type": "model", "model": "custom/misc_items/snail_shell" } },
      { "threshold": 6088, "model": { "type": "model", "model": "custom/misc_items/crate_key_legendary" } },
      { "threshold": 6089, "model": { "type": "model", "model": "custom/misc_items/crate_key_rare" } },
      { "threshold": 6090, "model": { "type": "model", "model": "custom/misc_items/crate_key_common" } },
      { "threshold": 6091, "model": { "type": "model", "model": "custom/misc_items/crocodile_tooth" } },
      { "threshold": 6092, "model": { "type": "model", "model": "custom/misc_items/raw_frog_leg" } },
      { "threshold": 6093, "model": { "type": "model", "model": "custom/misc_items/cooked_frog_leg" } },
      { "threshold": 6094, "model": { "type": "model", "model": "custom/misc_items/shadow_cloak" } },
      { "threshold": 6095, "model": { "type": "model", "model": "custom/misc_items/ashes_o_enchantment" } },
      { "threshold": 6096, "model": { "type": "model", "model": "custom/misc_items/crate_key_valentine" } },
      { "threshold": 6100, "model": { "type": "model", "model": "custom/misc_items/valentine/chocolate_strawberry" } },
      { "threshold": 6101, "model": { "type": "model", "model": "custom/misc_items/valentine/chocolate_heart" } },
      { "threshold": 6102, "model": { "type": "model", "model": "custom/misc_items/mango_gold" } },
      { "threshold": 6103, "model": { "type": "model", "model": "custom/misc_items/tall_dry_bush" } },
      { "threshold": 6104, "model": { "type": "model", "model": "custom/misc_items/tall_dead_bush" } },
      { "threshold": 6105, "model": { "type": "model", "model": "custom/misc_items/crate_key_patrick" } },
      { "threshold": 6106, "model": { "type": "model", "model": "custom/misc_items/patrick/chocolate_coin" } },
      { "threshold": 6107, "model": { "type": "model", "model": "custom/misc_items/patrick/clover_cookie" } },
      { "threshold": 6108, "model": { "type": "model", "model": "custom/misc_items/dry_bush" } },
      { "threshold": 6109, "model": { "type": "model", "model": "custom/misc_items/crate_key_easter" } },
      { "threshold": 6110, "model": { "type": "model", "model": "custom/misc_items/easter/chocolate_bunny" } },
      { "threshold": 6111, "model": { "type": "model", "model": "custom/misc_items/easter/marshmallow_chick" } },
      { "threshold": 6112, "model": { "type": "model", "model": "custom/misc_items/easter/jelly_beans" } },
      { "threshold": 6113, "model": { "type": "model", "model": "custom/misc_items/easter/easter_egg" } },
      { "threshold": 6114, "model": { "type": "model", "model": "custom/misc_items/crystal_shards/red_crystal_shard" } },
      { "threshold": 6115, "model": { "type": "model", "model": "custom/misc_items/crystal_shards/orange_crystal_shard" } },
      { "threshold": 6116, "model": { "type": "model", "model": "custom/misc_items/crystal_shards/yellow_crystal_shard" } },
      { "threshold": 6117, "model": { "type": "model", "model": "custom/misc_items/crystal_shards/green_crystal_shard" } },
      { "threshold": 6118, "model": { "type": "model", "model": "custom/misc_items/crystal_shards/blue_crystal_shard" } },
      { "threshold": 6119, "model": { "type": "model", "model": "custom/misc_items/crystal_shards/purple_crystal_shard" } },
      { "threshold": 6120, "model": { "type": "model", "model": "custom/misc_items/crystal_shards/white_crystal_shard" } },
      { "threshold": 6121, "model": { "type": "model", "model": "custom/misc_items/easter/gold_easter_egg" } },
      { "threshold": 6122, "model": { "type": "model", "model": "custom/misc_items/blaze_soul" } },
      { "threshold": 6123, "model": { "type": "model", "model": "custom/misc_items/magma_cube_soul" } },
      { "threshold": 6124, "model": { "type": "model", "model": "custom/misc_items/cosmo_tokens/epic_back_token" } },
      { "threshold": 6125, "model": { "type": "model", "model": "custom/misc_items/cosmo_tokens/epic_hat_token" } },
      { "threshold": 6126, "model": { "type": "model", "model": "custom/misc_items/cosmo_tokens/epic_hand_token" } },
      { "threshold": 6127, "model": { "type": "model", "model": "custom/misc_items/cosmo_tokens/rare_back_token" } },
      { "threshold": 6128, "model": { "type": "model", "model": "custom/misc_items/cosmo_tokens/rare_hat_token" } },
      { "threshold": 6129, "model": { "type": "model", "model": "custom/misc_items/cosmo_tokens/rare_hand_token" } },
      { "threshold": 6130, "model": { "type": "model", "model": "custom/misc_items/cosmo_tokens/legendary_back_token" } },
      { "threshold": 6131, "model": { "type": "model", "model": "custom/misc_items/cosmo_tokens/legendary_hat_token" } },
      { "threshold": 6132, "model": { "type": "model", "model": "custom/misc_items/cosmo_tokens/legendary_hand_token" } },
      { "threshold": 6133, "model": { "type": "model", "model": "custom/misc_items/cosmo_tokens/limited_back_token" } },
      { "threshold": 6134, "model": { "type": "model", "model": "custom/misc_items/cosmo_tokens/limited_hat_token" } },
      { "threshold": 6135, "model": { "type": "model", "model": "custom/misc_items/cosmo_tokens/limited_hand_token" } },
      { "threshold": 6136, "model": { "type": "model", "model": "custom/misc_items/crate_key_cosmo" } },
      { "threshold": 6137, "model": { "type": "model", "model": "custom/misc_items/lucky_horse_shoe" } },
      { "threshold": 6138, "model": { "type": "model", "model": "custom/misc_items/gold_room_pass" } },
      { "threshold": 6139, "model": { "type": "model", "model": "custom/misc_items/eye_dropper" } },
      { "threshold": 6140, "model": { "type": "model", "model": "custom/misc_items/ender_eye_dropper" } },
      { "threshold": 6141, "model": { "type": "model", "model": "custom/misc_items/rune_power" } },
      { "threshold": 6142, "model": { "type": "model", "model": "custom/misc_items/crate_key_summer" } },
      { "threshold": 6143, "model": { "type": "model", "model": "custom/misc_items/summer/popsicle" } },
      { "threshold": 6144, "model": { "type": "model", "model": "custom/misc_items/summer/ice_cream" } },
      { "threshold": 6145, "model": { "type": "model", "model": "custom/misc_items/amaryllis" } },
      { "threshold": 6146, "model": { "type": "model", "model": "custom/misc_items/beach_grass" } },
      { "threshold": 6147, "model": { "type": "model", "model": "custom/misc_items/fang_charm" } },
      { "threshold": 6149, "model": { "type": "model", "model": "custom/misc_items/pampas" } },
      { "threshold": 6150, "model": { "type": "model", "model": "custom/misc_items/strata_gauntlet" } },
      { "threshold": 6151, "model": { "type": "model", "model": "custom/misc_items/cotton_grass" } },
      { "threshold": 6152, "model": { "type": "model", "model": "custom/misc_items/frosted_grass" } },
      { "threshold": 6153, "model": { "type": "model", "model": "custom/misc_items/crate_key_halloween" } },
      { "threshold": 6154, "model": { "type": "model", "model": "custom/misc_items/halloween/pumpkin_spirit" } },
      { "threshold": 6155, "model": { "type": "model", "model": "custom/misc_items/halloween/elder_pumpkin_spirit" } },
      { "threshold": 6156, "model": { "type": "model", "model": "custom/misc_items/halloween/candy_corn" } },
      { "threshold": 6157, "model": { "type": "model", "model": "custom/misc_items/halloween/pumpkin_candy" } },
      { "threshold": 6158, "model": { "type": "model", "model": "custom/misc_items/christmas/gingerbread" } },
      { "threshold": 6159, "model": { "type": "model", "model": "custom/misc_items/christmas/sugar_cookie" } },
      { "threshold": 6160, "model": { "type": "model", "model": "custom/misc_items/golden_apple" } },
      { "threshold": 6161, "model": { "type": "model", "model": "custom/misc_items/golden_carrot" } },
      { "threshold": 6614, "model": { "type": "model", "model": "custom/misc_items/raw_eel" } },
      { "threshold": 6615, "model": { "type": "model", "model": "custom/misc_items/cooked_eel" } },
      { "threshold": 6616, "model": { "type": "model", "model": "custom/misc_items/valentine/heart_macaroon" } },
      { "threshold": 6617, "model": { "type": "model", "model": "custom/aether/item_sprites/blueberries" } },
      { "threshold": 6618, "model": { "type": "model", "model": "custom/aether/item_sprites/glistering_berries" } },
      { "threshold": 6619, "model": { "type": "model", "model": "custom/aether/item_sprites/gummy_swet_azure" } },
      { "threshold": 6620, "model": { "type": "model", "model": "custom/aether/item_sprites/gummy_swet_gleaming" } },
      { "threshold": 20000, "model": { "type": "model", "model": "item/paper" } }
    ],
    "fallback": { "type": "model", "model": "item/bread" }
  }
}