{
  "model": {
    "type": "range_dispatch",
    "property": "custom_model_data",
    "entries": [
      { "threshold": 1, "model": { "type": "model", "model": "custom/misc_items/kohaku_koi_bucket" } },
      { "threshold": 2, "model": { "type": "model", "model": "custom/misc_items/utsuri_koi_bucket" } },
      { "threshold": 3, "model": { "type": "model", "model": "custom/misc_items/yamabuki_koi_bucket" } },
      { "threshold": 4, "model": { "type": "model", "model": "custom/misc_items/showa_koi_bucket" } },
      { "threshold": 5, "model": { "type": "model", "model": "custom/misc_items/blue_crab_bucket" } },
      { "threshold": 6, "model": { "type": "model", "model": "custom/misc_items/red_crab_bucket" } },
      { "threshold": 7, "model": { "type": "model", "model": "custom/misc_items/purple_crab_bucket" } }
    ],
    "fallback": { "type": "model", "model": "item/cod_bucket" }
  }
}