{
  "model": {
    "type": "range_dispatch",
    "property": "custom_model_data",
    "entries": [
      { "threshold": 1, "model": { "type": "model", "model": "custom/minerals/platinum/platinum_axe" } },
      { "threshold": 2, "model": { "type": "model", "model": "custom/custom_gear/shadow_gear/shadow_axe" } },
      { "threshold": 3, "model": { "type": "model", "model": "custom/custom_gear/broken_gear/broken_axe" } },
      { "threshold": 4, "model": { "type": "model", "model": "custom/custom_gear/toxic_gear/toxic_axe" } },
      { "threshold": 5, "model": { "type": "model", "model": "custom/custom_gear/heart_gear/heart_axe" } },
      { "threshold": 6, "model": { "type": "model", "model": "custom/custom_gear/clover_gear/clover_axe" } },
      { "threshold": 7, "model": { "type": "model", "model": "custom/custom_gear/easter_gear/easter_axe" } },
      { "threshold": 8, "model": { "type": "model", "model": "custom/custom_gear/summer_gear/shell_axe" } },
      { "threshold": 9, "model": { "type": "model", "model": "custom/custom_gear/legendary_gear/legendary_axe" } },
      { "threshold": 10, "model": { "type": "model", "model": "custom/custom_gear/spooky_gear/spooky_axe" } },
      { "threshold": 11, "model": { "type": "model", "model": "custom/custom_gear/festive_gear/festive_axe" } },
      { "threshold": 12, "model": { "type": "model", "model": "custom/custom_gear/lunar_gear/lunar_axe" } },
      { "threshold": 13, "model": { "type": "model", "model": "custom/custom_gear/floral_gear/floral_axe" } },
      { "threshold": 14, "model": { "type": "model", "model": "custom/custom_gear/spirit_gear/spirit_axe" } },
      { "threshold": 15, "model": { "type": "model", "model": "custom/custom_gear/spirit_gear/spirit_axe_0" } },
      { "threshold": 16, "model": { "type": "model", "model": "custom/custom_gear/spirit_gear/spirit_axe_1" } },
      { "threshold": 17, "model": { "type": "model", "model": "custom/custom_gear/spirit_gear/spirit_axe_2" } },
      { "threshold": 18, "model": { "type": "model", "model": "custom/custom_gear/spirit_gear/spirit_axe_3" } },
      { "threshold": 19, "model": { "type": "model", "model": "custom/custom_gear/spirit_gear/spirit_axe_4" } },
      { "threshold": 21, "model": { "type": "model", "model": "custom/custom_gear/pirate_gear/pirate_axe" } },
      { "threshold": 24, "model": { "type": "model", "model": "custom/custom_gear/gothic_gear/gothic_axe" } },
      { "threshold": 25, "model": { "type": "model", "model": "custom/custom_gear/artifact/illager/battle_axe" } },
      { "threshold": 26, "model": { "type": "model", "model": "custom/custom_gear/artifact/arctic/nomad_axe" } },
      { "threshold": 27, "model": { "type": "model", "model": "custom/custom_gear/maple_gear/maple_axe" } },
      { "threshold": 29, "model": { "type": "model", "model": "custom/custom_gear/glacial_gear/glacial_axe" } },
      { "threshold": 31, "model": { "type": "model", "model": "custom/custom_gear/jade_gear/jade_axe" } },
      { "threshold": 32, "model": { "type": "model", "model": "custom/custom_gear/ivy_gear/ivy_axe" } },
      { "threshold": 34, "model": { "type": "model", "model": "custom/custom_gear/atlantean_gear/atlantean_axe" } },
      { "threshold": 37, "model": { "type": "model", "model": "custom/custom_gear/muerte_gear/muerte_axe" } },
      { "threshold": 38, "model": { "type": "model", "model": "custom/custom_gear/toy_gear/toy_axe" } },
      { "threshold": 40, "model": { "type": "model", "model": "custom/custom_gear/blossom_gear/blossom_axe" } },
      { "threshold": 41, "model": { "type": "model", "model": "custom/custom_gear/rose_gold_gear/rose_gold_axe" } },
      { "threshold": 44, "model": { "type": "model", "model": "custom/aether/gear/gravitite/gravitite_axe" } },
      { "threshold": 45, "model": { "type": "model", "model": "custom/aether/gear/gravitite/gravitite_axe_active" } },
      { "threshold": 46, "model": { "type": "model", "model": "custom/aether/gear/gravitite/gravitite_axe_inactive" } },
      { "threshold": 47, "model": { "type": "model", "model": "custom/custom_gear/shamrock_gear/shamrock_axe" } },
      { "threshold": 49, "model": { "type": "model", "model": "custom/aether/gear/blitz_gear/blitz_axe" } },
      { "threshold": 50, "model": { "type": "model", "model": "custom/custom_gear/punk_axe" } }
    ],
    "fallback": { "type": "model", "model": "item/diamond_axe" }
  }
}