{
  "model": {
    "type": "range_dispatch",
    "property": "custom_model_data",
    "entries": [
      {
        "threshold": 1,
        "model": {
          "type": "condition",
          "property": "fishing_rod/cast",
          "on_true": { "type": "model", "model": "custom/minerals/platinum/platinum_fishing_rod_cast" },
          "on_false": { "type": "model", "model": "custom/minerals/platinum/platinum_fishing_rod" }
        }
      },
      {
        "threshold": 2,
        "model": {
          "type": "condition",
          "property": "fishing_rod/cast",
          "on_true": { "type": "model", "model": "custom/custom_gear/shadow_gear/shadow_fishing_rod_cast" },
          "on_false": { "type": "model", "model": "custom/custom_gear/shadow_gear/shadow_fishing_rod" }
        }
      },
      {
        "threshold": 4,
        "model": { "type": "model", "model": "custom/custom_gear/toxic_gear/toxic_fishing_rod" }
      },
      {
        "threshold": 999,
        "model": { "type": "model", "model": "item/fishing_rod_cast" }
      }
    ],
    "fallback": {
      "type": "condition",
      "property": "fishing_rod/cast",
      "on_true": { "type": "model", "model": "item/fishing_rod_cast" },
      "on_false": { "type": "model", "model": "item/fishing_rod" }
    }
  }
}