{
  "model": {
    "type": "range_dispatch",
    "property": "custom_model_data",
    "entries": [
      { "threshold": 2517, "model": { "type": "model", "model": "custom/entities/slime/slime_1_solid" } },
      { "threshold": 2518, "model": { "type": "model", "model": "custom/entities/slime/slime_1_hurt_solid" } },
      { "threshold": 2519, "model": { "type": "model", "model": "custom/entities/slime/slime_2_solid" } },
      { "threshold": 2520, "model": { "type": "model", "model": "custom/entities/slime/slime_2_hurt_solid" } },
      { "threshold": 2521, "model": { "type": "model", "model": "custom/entities/slime/slime_4_solid" } },
      { "threshold": 2522, "model": { "type": "model", "model": "custom/entities/slime/slime_4_hurt_solid" } }
    ],
    "fallback": { "type": "model", "model": "item/infested_stone" }
  }
}