{
  "model": {
    "type": "range_dispatch",
    "property": "custom_model_data",
    "entries": [
      { "threshold": 1, "model": { "type": "model", "model": "custom/minerals/platinum/platinum_sword" } },
      { "threshold": 2, "model": { "type": "model", "model": "custom/custom_gear/shadow_gear/shadow_sword" } },
      { "threshold": 3, "model": { "type": "model", "model": "custom/custom_gear/broken_gear/broken_sword" } },
      { "threshold": 4, "model": { "type": "model", "model": "custom/custom_gear/toxic_gear/toxic_sword" } },
      { "threshold": 5, "model": { "type": "model", "model": "custom/custom_gear/heart_gear/heart_sword" } },
      { "threshold": 6, "model": { "type": "model", "model": "custom/custom_gear/clover_gear/clover_sword" } },
      { "threshold": 7, "model": { "type": "model", "model": "custom/custom_gear/easter_gear/easter_sword" } },
      { "threshold": 8, "model": { "type": "model", "model": "custom/custom_gear/summer_gear/shell_sword" } },
      { "threshold": 9, "model": { "type": "model", "model": "custom/custom_gear/legendary_gear/legendary_sword" } },
      { "threshold": 10, "model": { "type": "model", "model": "custom/custom_gear/spooky_gear/spooky_sword" } },
      { "threshold": 11, "model": { "type": "model", "model": "custom/custom_gear/festive_gear/festive_sword" } },
      { "threshold": 12, "model": { "type": "model", "model": "custom/custom_gear/lunar_gear/lunar_sword" } },
      { "threshold": 13, "model": { "type": "model", "model": "custom/custom_gear/floral_gear/floral_sword" } },
      { "threshold": 14, "model": { "type": "model", "model": "custom/custom_gear/punk_bat" } },
      { "threshold": 21, "model": { "type": "model", "model": "custom/custom_gear/pirate_gear/pirate_sword" } },
      { "threshold": 24, "model": { "type": "model", "model": "custom/custom_gear/gothic_gear/gothic_sword" } },
      { "threshold": 25, "model": { "type": "model", "model": "custom/custom_gear/artifact/general/abandoned_blade" } },
      { "threshold": 27, "model": { "type": "model", "model": "custom/custom_gear/maple_gear/maple_sword" } },
      { "threshold": 28, "model": { "type": "model", "model": "custom/custom_gear/rave_sword" } },
      { "threshold": 29, "model": { "type": "model", "model": "custom/custom_gear/glacial_gear/glacial_sword" } },
      { "threshold": 31, "model": { "type": "model", "model": "custom/custom_gear/jade_gear/jade_sword" } },
      { "threshold": 32, "model": { "type": "model", "model": "custom/custom_gear/ivy_gear/ivy_sword" } },
      { "threshold": 33, "model": { "type": "model", "model": "custom/custom_gear/atlantean_gear/atlantean_sword" } },
      { "threshold": 37, "model": { "type": "model", "model": "custom/custom_gear/muerte_gear/muerte_sword" } },
      { "threshold": 38, "model": { "type": "model", "model": "custom/custom_gear/toy_gear/toy_sword" } },
      { "threshold": 40, "model": { "type": "model", "model": "custom/custom_gear/blossom_gear/blossom_sword" } },
      { "threshold": 41, "model": { "type": "model", "model": "custom/custom_gear/rose_gold_gear/rose_gold_sword" } },
      { "threshold": 42, "model": { "type": "model", "model": "custom/aether/gear/archeology/corbel_sword" } },
      { "threshold": 43, "model": { "type": "model", "model": "custom/custom_gear/artifact/jungle/ancient_club" } },
      { "threshold": 47, "model": { "type": "model", "model": "custom/custom_gear/shamrock_gear/shamrock_sword" } },
      { "threshold": 48, "model": { "type": "model", "model": "custom/custom_gear/artifact/ocean/corroded_cutlass" } },
      { "threshold": 49, "model": { "type": "model", "model": "custom/aether/gear/blitz_gear/blitz_sword" } }
    ],
    "fallback": { "type": "model", "model": "item/iron_sword" }
  }
}