{
  "model": {
    "type": "range_dispatch",
    "property": "custom_model_data",
    "entries": [
      {
        "threshold": 1,
        "model": {
          "type": "select",
          "property": "trim_material",
          "cases": [
            { "when": "quartz", "model": { "type": "model", "model": "custom/minerals/platinum/platinum_boots_quartz_trim", "tints": [ { "type": "dye", "default": -6265536 } ] } },
            { "when": "iron", "model": { "type": "model", "model": "custom/minerals/platinum/platinum_boots_iron_trim", "tints": [ { "type": "dye", "default": -6265536 } ] } },
            { "when": "netherite", "model": { "type": "model", "model": "custom/minerals/platinum/platinum_boots_netherite_trim", "tints": [ { "type": "dye", "default": -6265536 } ] } },
            { "when": "redstone", "model": { "type": "model", "model": "custom/minerals/platinum/platinum_boots_redstone_trim", "tints": [ { "type": "dye", "default": -6265536 } ] } },
            { "when": "copper", "model": { "type": "model", "model": "custom/minerals/platinum/platinum_boots_copper_trim", "tints": [ { "type": "dye", "default": -6265536 } ] } },
            { "when": "gold", "model": { "type": "model", "model": "custom/minerals/platinum/platinum_boots_gold_trim", "tints": [ { "type": "dye", "default": -6265536 } ] } },
            { "when": "emerald", "model": { "type": "model", "model": "custom/minerals/platinum/platinum_boots_emerald_trim", "tints": [ { "type": "dye", "default": -6265536 } ] } },
            { "when": "diamond", "model": { "type": "model", "model": "custom/minerals/platinum/platinum_boots_diamond_trim", "tints": [ { "type": "dye", "default": -6265536 } ] } },
            { "when": "lapis", "model": { "type": "model", "model": "custom/minerals/platinum/platinum_boots_lapis_trim", "tints": [ { "type": "dye", "default": -6265536 } ] } },
            { "when": "amethyst", "model": { "type": "model", "model": "custom/minerals/platinum/platinum_boots_amethyst_trim", "tints": [ { "type": "dye", "default": -6265536 } ] } }
          ],
          "fallback": { "type": "model", "model": "custom/minerals/platinum/platinum_boots", "tints": [ { "type": "dye", "default": -6265536 } ] }
        }
      },
      {
        "threshold": 2,
        "model": {
          "type": "select",
          "property": "trim_material",
          "cases": [
            { "when": "quartz", "model": { "type": "model", "model": "custom/custom_gear/shadow_gear/shadow_boots_quartz_trim", "tints": [ { "type": "dye", "default": -6265536 } ] } },
            { "when": "iron", "model": { "type": "model", "model": "custom/custom_gear/shadow_gear/shadow_boots_iron_trim", "tints": [ { "type": "dye", "default": -6265536 } ] } },
            { "when": "netherite", "model": { "type": "model", "model": "custom/custom_gear/shadow_gear/shadow_boots_netherite_trim", "tints": [ { "type": "dye", "default": -6265536 } ] } },
            { "when": "redstone", "model": { "type": "model", "model": "custom/custom_gear/shadow_gear/shadow_boots_redstone_trim", "tints": [ { "type": "dye", "default": -6265536 } ] } },
            { "when": "copper", "model": { "type": "model", "model": "custom/custom_gear/shadow_gear/shadow_boots_copper_trim", "tints": [ { "type": "dye", "default": -6265536 } ] } },
            { "when": "gold", "model": { "type": "model", "model": "custom/custom_gear/shadow_gear/shadow_boots_gold_trim", "tints": [ { "type": "dye", "default": -6265536 } ] } },
            { "when": "emerald", "model": { "type": "model", "model": "custom/custom_gear/shadow_gear/shadow_boots_emerald_trim", "tints": [ { "type": "dye", "default": -6265536 } ] } },
            { "when": "diamond", "model": { "type": "model", "model": "custom/custom_gear/shadow_gear/shadow_boots_diamond_trim", "tints": [ { "type": "dye", "default": -6265536 } ] } },
            { "when": "lapis", "model": { "type": "model", "model": "custom/custom_gear/shadow_gear/shadow_boots_lapis_trim", "tints": [ { "type": "dye", "default": -6265536 } ] } },
            { "when": "amethyst", "model": { "type": "model", "model": "custom/custom_gear/shadow_gear/shadow_boots_amethyst_trim", "tints": [ { "type": "dye", "default": -6265536 } ] } }
          ],
          "fallback": { "type": "model", "model": "custom/custom_gear/shadow_gear/shadow_boots", "tints": [ { "type": "dye", "default": -6265536 } ] }
        }
      },
      {
        "threshold": 4,
        "model": {
          "type": "select",
          "property": "trim_material",
          "cases": [
            { "when": "quartz", "model": { "type": "model", "model": "custom/custom_gear/toxic_gear/toxic_boots_quartz_trim", "tints": [ { "type": "dye", "default": -6265536 } ] } },
            { "when": "iron", "model": { "type": "model", "model": "custom/custom_gear/toxic_gear/toxic_boots_iron_trim", "tints": [ { "type": "dye", "default": -6265536 } ] } },
            { "when": "netherite", "model": { "type": "model", "model": "custom/custom_gear/toxic_gear/toxic_boots_netherite_trim", "tints": [ { "type": "dye", "default": -6265536 } ] } },
            { "when": "redstone", "model": { "type": "model", "model": "custom/custom_gear/toxic_gear/toxic_boots_redstone_trim", "tints": [ { "type": "dye", "default": -6265536 } ] } },
            { "when": "copper", "model": { "type": "model", "model": "custom/custom_gear/toxic_gear/toxic_boots_copper_trim", "tints": [ { "type": "dye", "default": -6265536 } ] } },
            { "when": "gold", "model": { "type": "model", "model": "custom/custom_gear/toxic_gear/toxic_boots_gold_trim", "tints": [ { "type": "dye", "default": -6265536 } ] } },
            { "when": "emerald", "model": { "type": "model", "model": "custom/custom_gear/toxic_gear/toxic_boots_emerald_trim", "tints": [ { "type": "dye", "default": -6265536 } ] } },
            { "when": "diamond", "model": { "type": "model", "model": "custom/custom_gear/toxic_gear/toxic_boots_diamond_trim", "tints": [ { "type": "dye", "default": -6265536 } ] } },
            { "when": "lapis", "model": { "type": "model", "model": "custom/custom_gear/toxic_gear/toxic_boots_lapis_trim", "tints": [ { "type": "dye", "default": -6265536 } ] } },
            { "when": "amethyst", "model": { "type": "model", "model": "custom/custom_gear/toxic_gear/toxic_boots_amethyst_trim", "tints": [ { "type": "dye", "default": -6265536 } ] } }
          ],
          "fallback": { "type": "model", "model": "custom/custom_gear/toxic_gear/toxic_boots", "tints": [ { "type": "dye", "default": -6265536 } ] }
        }
      },
      {
        "threshold": 5,
        "model": { "type": "model", "model": "custom/custom_gear/rocket_boots" }
      },
      {
        "threshold": 6,
        "model": {
          "type": "select",
          "property": "trim_material",
          "cases": [
            { "when": "quartz", "model": { "type": "model", "model": "custom/custom_gear/toxic_gear/toxic_boots_quartz_trim", "tints": [ { "type": "dye", "default": -6265536 } ] } },
            { "when": "iron", "model": { "type": "model", "model": "custom/custom_gear/toxic_gear/toxic_boots_iron_trim", "tints": [ { "type": "dye", "default": -6265536 } ] } },
            { "when": "netherite", "model": { "type": "model", "model": "custom/custom_gear/toxic_gear/toxic_boots_netherite_trim", "tints": [ { "type": "dye", "default": -6265536 } ] } },
            { "when": "redstone", "model": { "type": "model", "model": "custom/custom_gear/toxic_gear/toxic_boots_redstone_trim", "tints": [ { "type": "dye", "default": -6265536 } ] } },
            { "when": "copper", "model": { "type": "model", "model": "custom/custom_gear/toxic_gear/toxic_boots_copper_trim", "tints": [ { "type": "dye", "default": -6265536 } ] } },
            { "when": "gold", "model": { "type": "model", "model": "custom/custom_gear/toxic_gear/toxic_boots_gold_trim", "tints": [ { "type": "dye", "default": -6265536 } ] } },
            { "when": "emerald", "model": { "type": "model", "model": "custom/custom_gear/toxic_gear/toxic_boots_emerald_trim", "tints": [ { "type": "dye", "default": -6265536 } ] } },
            { "when": "diamond", "model": { "type": "model", "model": "custom/custom_gear/toxic_gear/toxic_boots_diamond_trim", "tints": [ { "type": "dye", "default": -6265536 } ] } },
            { "when": "lapis", "model": { "type": "model", "model": "custom/custom_gear/toxic_gear/toxic_boots_lapis_trim", "tints": [ { "type": "dye", "default": -6265536 } ] } },
            { "when": "amethyst", "model": { "type": "model", "model": "custom/custom_gear/toxic_gear/toxic_boots_amethyst_trim", "tints": [ { "type": "dye", "default": -6265536 } ] } }
          ],
          "fallback": { "type": "model", "model": "custom/custom_gear/toxic_gear/toxic_boots", "tints": [ { "type": "dye", "default": -6265536 } ] }
        }
      },
      {
        "threshold": 7,
        "model": {
          "type": "select",
          "property": "trim_material",
          "cases": [
            { "when": "quartz", "model": { "type": "model", "model": "custom/custom_gear/spirit_gear/spirit_boots_quartz_trim", "tints": [ { "type": "dye", "default": -6265536 } ] } },
            { "when": "iron", "model": { "type": "model", "model": "custom/custom_gear/spirit_gear/spirit_boots_iron_trim", "tints": [ { "type": "dye", "default": -6265536 } ] } },
            { "when": "netherite", "model": { "type": "model", "model": "custom/custom_gear/spirit_gear/spirit_boots_netherite_trim", "tints": [ { "type": "dye", "default": -6265536 } ] } },
            { "when": "redstone", "model": { "type": "model", "model": "custom/custom_gear/spirit_gear/spirit_boots_redstone_trim", "tints": [ { "type": "dye", "default": -6265536 } ] } },
            { "when": "copper", "model": { "type": "model", "model": "custom/custom_gear/spirit_gear/spirit_boots_copper_trim", "tints": [ { "type": "dye", "default": -6265536 } ] } },
            { "when": "gold", "model": { "type": "model", "model": "custom/custom_gear/spirit_gear/spirit_boots_gold_trim", "tints": [ { "type": "dye", "default": -6265536 } ] } },
            { "when": "emerald", "model": { "type": "model", "model": "custom/custom_gear/spirit_gear/spirit_boots_emerald_trim", "tints": [ { "type": "dye", "default": -6265536 } ] } },
            { "when": "diamond", "model": { "type": "model", "model": "custom/custom_gear/spirit_gear/spirit_boots_diamond_trim", "tints": [ { "type": "dye", "default": -6265536 } ] } },
            { "when": "lapis", "model": { "type": "model", "model": "custom/custom_gear/spirit_gear/spirit_boots_lapis_trim", "tints": [ { "type": "dye", "default": -6265536 } ] } },
            { "when": "amethyst", "model": { "type": "model", "model": "custom/custom_gear/spirit_gear/spirit_boots_amethyst_trim", "tints": [ { "type": "dye", "default": -6265536 } ] } }
          ],
          "fallback": { "type": "model", "model": "custom/custom_gear/spirit_gear/spirit_boots", "tints": [ { "type": "dye", "default": -6265536 } ] }
        }
      },
      {
        "threshold": 8,
        "model": {
          "type": "select",
          "property": "trim_material",
          "cases": [
            { "when": "quartz", "model": { "type": "model", "model": "custom/aether/gear/gravitite/gravitite_boots_quartz_trim", "tints": [ { "type": "dye", "default": -6265536 } ] } },
            { "when": "iron", "model": { "type": "model", "model": "custom/aether/gear/gravitite/gravitite_boots_iron_trim", "tints": [ { "type": "dye", "default": -6265536 } ] } },
            { "when": "netherite", "model": { "type": "model", "model": "custom/aether/gear/gravitite/gravitite_boots_netherite_trim", "tints": [ { "type": "dye", "default": -6265536 } ] } },
            { "when": "redstone", "model": { "type": "model", "model": "custom/aether/gear/gravitite/gravitite_boots_redstone_trim", "tints": [ { "type": "dye", "default": -6265536 } ] } },
            { "when": "copper", "model": { "type": "model", "model": "custom/aether/gear/gravitite/gravitite_boots_copper_trim", "tints": [ { "type": "dye", "default": -6265536 } ] } },
            { "when": "gold", "model": { "type": "model", "model": "custom/aether/gear/gravitite/gravitite_boots_gold_trim", "tints": [ { "type": "dye", "default": -6265536 } ] } },
            { "when": "emerald", "model": { "type": "model", "model": "custom/aether/gear/gravitite/gravitite_boots_emerald_trim", "tints": [ { "type": "dye", "default": -6265536 } ] } },
            { "when": "diamond", "model": { "type": "model", "model": "custom/aether/gear/gravitite/gravitite_boots_diamond_trim", "tints": [ { "type": "dye", "default": -6265536 } ] } },
            { "when": "lapis", "model": { "type": "model", "model": "custom/aether/gear/gravitite/gravitite_boots_lapis_trim", "tints": [ { "type": "dye", "default": -6265536 } ] } },
            { "when": "amethyst", "model": { "type": "model", "model": "custom/aether/gear/gravitite/gravitite_boots_amethyst_trim", "tints": [ { "type": "dye", "default": -6265536 } ] } }
          ],
          "fallback": { "type": "model", "model": "custom/aether/gear/gravitite/gravitite_boots", "tints": [ { "type": "dye", "default": -6265536 } ] }
        }
      }
    ],
    "fallback": {
      "type": "select",
      "property": "trim_material",
      "cases": [
        { "when": "quartz", "model": { "type": "model", "model": "item/leather_boots_quartz_trim", "tints": [ { "type": "dye", "default": -6265536 } ] } },
        { "when": "iron", "model": { "type": "model", "model": "item/leather_boots_iron_trim", "tints": [ { "type": "dye", "default": -6265536 } ] } },
        { "when": "netherite", "model": { "type": "model", "model": "item/leather_boots_netherite_trim", "tints": [ { "type": "dye", "default": -6265536 } ] } },
        { "when": "redstone", "model": { "type": "model", "model": "item/leather_boots_redstone_trim", "tints": [ { "type": "dye", "default": -6265536 } ] } },
        { "when": "copper", "model": { "type": "model", "model": "item/leather_boots_copper_trim", "tints": [ { "type": "dye", "default": -6265536 } ] } },
        { "when": "gold", "model": { "type": "model", "model": "item/leather_boots_gold_trim", "tints": [ { "type": "dye", "default": -6265536 } ] } },
        { "when": "emerald", "model": { "type": "model", "model": "item/leather_boots_emerald_trim", "tints": [ { "type": "dye", "default": -6265536 } ] } },
        { "when": "diamond", "model": { "type": "model", "model": "item/leather_boots_diamond_trim", "tints": [ { "type": "dye", "default": -6265536 } ] } },
        { "when": "lapis", "model": { "type": "model", "model": "item/leather_boots_lapis_trim", "tints": [ { "type": "dye", "default": -6265536 } ] } },
        { "when": "amethyst", "model": { "type": "model", "model": "item/leather_boots_amethyst_trim", "tints": [ { "type": "dye", "default": -6265536 } ] } }
      ],
      "fallback": { "type": "model", "model": "item/leather_boots", "tints": [ { "type": "dye", "default": -6265536 } ] }
    }
  }
}