{
  "model": {
    "type": "range_dispatch",
    "property": "custom_model_data",
    "entries": [
      {
        "threshold": 1,
        "model": {
          "type": "select",
          "property": "trim_material",
          "cases": [
            { "when": "quartz", "model": { "type": "model", "model": "custom/minerals/platinum/platinum_chestplate_quartz_trim", "tints": [ { "type": "dye", "default": -6265536 } ] } },
            { "when": "iron", "model": { "type": "model", "model": "custom/minerals/platinum/platinum_chestplate_iron_trim", "tints": [ { "type": "dye", "default": -6265536 } ] } },
            { "when": "netherite", "model": { "type": "model", "model": "custom/minerals/platinum/platinum_chestplate_netherite_trim", "tints": [ { "type": "dye", "default": -6265536 } ] } },
            { "when": "redstone", "model": { "type": "model", "model": "custom/minerals/platinum/platinum_chestplate_redstone_trim", "tints": [ { "type": "dye", "default": -6265536 } ] } },
            { "when": "copper", "model": { "type": "model", "model": "custom/minerals/platinum/platinum_chestplate_copper_trim", "tints": [ { "type": "dye", "default": -6265536 } ] } },
            { "when": "gold", "model": { "type": "model", "model": "custom/minerals/platinum/platinum_chestplate_gold_trim", "tints": [ { "type": "dye", "default": -6265536 } ] } },
            { "when": "emerald", "model": { "type": "model", "model": "custom/minerals/platinum/platinum_chestplate_emerald_trim", "tints": [ { "type": "dye", "default": -6265536 } ] } },
            { "when": "diamond", "model": { "type": "model", "model": "custom/minerals/platinum/platinum_chestplate_diamond_trim", "tints": [ { "type": "dye", "default": -6265536 } ] } },
            { "when": "lapis", "model": { "type": "model", "model": "custom/minerals/platinum/platinum_chestplate_lapis_trim", "tints": [ { "type": "dye", "default": -6265536 } ] } },
            { "when": "amethyst", "model": { "type": "model", "model": "custom/minerals/platinum/platinum_chestplate_amethyst_trim", "tints": [ { "type": "dye", "default": -6265536 } ] } }
          ],
          "fallback": { "type": "model", "model": "custom/minerals/platinum/platinum_chestplate", "tints": [ { "type": "dye", "default": -6265536 } ] }
        }
      },
      {
        "threshold": 2,
        "model": {
          "type": "select",
          "property": "trim_material",
          "cases": [
            { "when": "quartz", "model": { "type": "model", "model": "custom/custom_gear/shadow_gear/shadow_chestplate_quartz_trim", "tints": [ { "type": "dye", "default": -6265536 } ] } },
            { "when": "iron", "model": { "type": "model", "model": "custom/custom_gear/shadow_gear/shadow_chestplate_iron_trim", "tints": [ { "type": "dye", "default": -6265536 } ] } },
            { "when": "netherite", "model": { "type": "model", "model": "custom/custom_gear/shadow_gear/shadow_chestplate_netherite_trim", "tints": [ { "type": "dye", "default": -6265536 } ] } },
            { "when": "redstone", "model": { "type": "model", "model": "custom/custom_gear/shadow_gear/shadow_chestplate_redstone_trim", "tints": [ { "type": "dye", "default": -6265536 } ] } },
            { "when": "copper", "model": { "type": "model", "model": "custom/custom_gear/shadow_gear/shadow_chestplate_copper_trim", "tints": [ { "type": "dye", "default": -6265536 } ] } },
            { "when": "gold", "model": { "type": "model", "model": "custom/custom_gear/shadow_gear/shadow_chestplate_gold_trim", "tints": [ { "type": "dye", "default": -6265536 } ] } },
            { "when": "emerald", "model": { "type": "model", "model": "custom/custom_gear/shadow_gear/shadow_chestplate_emerald_trim", "tints": [ { "type": "dye", "default": -6265536 } ] } },
            { "when": "diamond", "model": { "type": "model", "model": "custom/custom_gear/shadow_gear/shadow_chestplate_diamond_trim", "tints": [ { "type": "dye", "default": -6265536 } ] } },
            { "when": "lapis", "model": { "type": "model", "model": "custom/custom_gear/shadow_gear/shadow_chestplate_lapis_trim", "tints": [ { "type": "dye", "default": -6265536 } ] } },
            { "when": "amethyst", "model": { "type": "model", "model": "custom/custom_gear/shadow_gear/shadow_chestplate_amethyst_trim", "tints": [ { "type": "dye", "default": -6265536 } ] } }
          ],
          "fallback": { "type": "model", "model": "custom/custom_gear/shadow_gear/shadow_chestplate", "tints": [ { "type": "dye", "default": -6265536 } ] }
        }
      },
      {
        "threshold": 4,
        "model": {
          "type": "select",
          "property": "trim_material",
          "cases": [
            { "when": "quartz", "model": { "type": "model", "model": "custom/custom_gear/toxic_gear/toxic_chestplate_quartz_trim", "tints": [ { "type": "dye", "default": -6265536 } ] } },
            { "when": "iron", "model": { "type": "model", "model": "custom/custom_gear/toxic_gear/toxic_chestplate_iron_trim", "tints": [ { "type": "dye", "default": -6265536 } ] } },
            { "when": "netherite", "model": { "type": "model", "model": "custom/custom_gear/toxic_gear/toxic_chestplate_netherite_trim", "tints": [ { "type": "dye", "default": -6265536 } ] } },
            { "when": "redstone", "model": { "type": "model", "model": "custom/custom_gear/toxic_gear/toxic_chestplate_redstone_trim", "tints": [ { "type": "dye", "default": -6265536 } ] } },
            { "when": "copper", "model": { "type": "model", "model": "custom/custom_gear/toxic_gear/toxic_chestplate_copper_trim", "tints": [ { "type": "dye", "default": -6265536 } ] } },
            { "when": "gold", "model": { "type": "model", "model": "custom/custom_gear/toxic_gear/toxic_chestplate_gold_trim", "tints": [ { "type": "dye", "default": -6265536 } ] } },
            { "when": "emerald", "model": { "type": "model", "model": "custom/custom_gear/toxic_gear/toxic_chestplate_emerald_trim", "tints": [ { "type": "dye", "default": -6265536 } ] } },
            { "when": "diamond", "model": { "type": "model", "model": "custom/custom_gear/toxic_gear/toxic_chestplate_diamond_trim", "tints": [ { "type": "dye", "default": -6265536 } ] } },
            { "when": "lapis", "model": { "type": "model", "model": "custom/custom_gear/toxic_gear/toxic_chestplate_lapis_trim", "tints": [ { "type": "dye", "default": -6265536 } ] } },
            { "when": "amethyst", "model": { "type": "model", "model": "custom/custom_gear/toxic_gear/toxic_chestplate_amethyst_trim", "tints": [ { "type": "dye", "default": -6265536 } ] } }
          ],
          "fallback": { "type": "model", "model": "custom/custom_gear/toxic_gear/toxic_chestplate", "tints": [ { "type": "dye", "default": -6265536 } ] }
        }
      },
      {
        "threshold": 6,
        "model": {
          "type": "select",
          "property": "trim_material",
          "cases": [
            { "when": "quartz", "model": { "type": "model", "model": "custom/custom_gear/toxic_gear/toxic_chestplate_quartz_trim", "tints": [ { "type": "dye", "default": -6265536 } ] } },
            { "when": "iron", "model": { "type": "model", "model": "custom/custom_gear/toxic_gear/toxic_chestplate_iron_trim", "tints": [ { "type": "dye", "default": -6265536 } ] } },
            { "when": "netherite", "model": { "type": "model", "model": "custom/custom_gear/toxic_gear/toxic_chestplate_netherite_trim", "tints": [ { "type": "dye", "default": -6265536 } ] } },
            { "when": "redstone", "model": { "type": "model", "model": "custom/custom_gear/toxic_gear/toxic_chestplate_redstone_trim", "tints": [ { "type": "dye", "default": -6265536 } ] } },
            { "when": "copper", "model": { "type": "model", "model": "custom/custom_gear/toxic_gear/toxic_chestplate_copper_trim", "tints": [ { "type": "dye", "default": -6265536 } ] } },
            { "when": "gold", "model": { "type": "model", "model": "custom/custom_gear/toxic_gear/toxic_chestplate_gold_trim", "tints": [ { "type": "dye", "default": -6265536 } ] } },
            { "when": "emerald", "model": { "type": "model", "model": "custom/custom_gear/toxic_gear/toxic_chestplate_emerald_trim", "tints": [ { "type": "dye", "default": -6265536 } ] } },
            { "when": "diamond", "model": { "type": "model", "model": "custom/custom_gear/toxic_gear/toxic_chestplate_diamond_trim", "tints": [ { "type": "dye", "default": -6265536 } ] } },
            { "when": "lapis", "model": { "type": "model", "model": "custom/custom_gear/toxic_gear/toxic_chestplate_lapis_trim", "tints": [ { "type": "dye", "default": -6265536 } ] } },
            { "when": "amethyst", "model": { "type": "model", "model": "custom/custom_gear/toxic_gear/toxic_chestplate_amethyst_trim", "tints": [ { "type": "dye", "default": -6265536 } ] } }
          ],
          "fallback": { "type": "model", "model": "custom/custom_gear/toxic_gear/toxic_chestplate", "tints": [ { "type": "dye", "default": -6265536 } ] }
        }
      },
      {
        "threshold": 7,
        "model": {
          "type": "select",
          "property": "trim_material",
          "cases": [
            { "when": "quartz", "model": { "type": "model", "model": "custom/custom_gear/spirit_gear/spirit_chestplate_quartz_trim", "tints": [ { "type": "dye", "default": -6265536 } ] } },
            { "when": "iron", "model": { "type": "model", "model": "custom/custom_gear/spirit_gear/spirit_chestplate_iron_trim", "tints": [ { "type": "dye", "default": -6265536 } ] } },
            { "when": "netherite", "model": { "type": "model", "model": "custom/custom_gear/spirit_gear/spirit_chestplate_netherite_trim", "tints": [ { "type": "dye", "default": -6265536 } ] } },
            { "when": "redstone", "model": { "type": "model", "model": "custom/custom_gear/spirit_gear/spirit_chestplate_redstone_trim", "tints": [ { "type": "dye", "default": -6265536 } ] } },
            { "when": "copper", "model": { "type": "model", "model": "custom/custom_gear/spirit_gear/spirit_chestplate_copper_trim", "tints": [ { "type": "dye", "default": -6265536 } ] } },
            { "when": "gold", "model": { "type": "model", "model": "custom/custom_gear/spirit_gear/spirit_chestplate_gold_trim", "tints": [ { "type": "dye", "default": -6265536 } ] } },
            { "when": "emerald", "model": { "type": "model", "model": "custom/custom_gear/spirit_gear/spirit_chestplate_emerald_trim", "tints": [ { "type": "dye", "default": -6265536 } ] } },
            { "when": "diamond", "model": { "type": "model", "model": "custom/custom_gear/spirit_gear/spirit_chestplate_diamond_trim", "tints": [ { "type": "dye", "default": -6265536 } ] } },
            { "when": "lapis", "model": { "type": "model", "model": "custom/custom_gear/spirit_gear/spirit_chestplate_lapis_trim", "tints": [ { "type": "dye", "default": -6265536 } ] } },
            { "when": "amethyst", "model": { "type": "model", "model": "custom/custom_gear/spirit_gear/spirit_chestplate_amethyst_trim", "tints": [ { "type": "dye", "default": -6265536 } ] } }
          ],
          "fallback": { "type": "model", "model": "custom/custom_gear/spirit_gear/spirit_chestplate", "tints": [ { "type": "dye", "default": -6265536 } ] }
        }
      },
      {
        "threshold": 8,
        "model": {
          "type": "select",
          "property": "trim_material",
          "cases": [
            { "when": "quartz", "model": { "type": "model", "model": "custom/aether/gear/gravitite/gravitite_chestplate_quartz_trim", "tints": [ { "type": "dye", "default": -6265536 } ] } },
            { "when": "iron", "model": { "type": "model", "model": "custom/aether/gear/gravitite/gravitite_chestplate_iron_trim", "tints": [ { "type": "dye", "default": -6265536 } ] } },
            { "when": "netherite", "model": { "type": "model", "model": "custom/aether/gear/gravitite/gravitite_chestplate_netherite_trim", "tints": [ { "type": "dye", "default": -6265536 } ] } },
            { "when": "redstone", "model": { "type": "model", "model": "custom/aether/gear/gravitite/gravitite_chestplate_redstone_trim", "tints": [ { "type": "dye", "default": -6265536 } ] } },
            { "when": "copper", "model": { "type": "model", "model": "custom/aether/gear/gravitite/gravitite_chestplate_copper_trim", "tints": [ { "type": "dye", "default": -6265536 } ] } },
            { "when": "gold", "model": { "type": "model", "model": "custom/aether/gear/gravitite/gravitite_chestplate_gold_trim", "tints": [ { "type": "dye", "default": -6265536 } ] } },
            { "when": "emerald", "model": { "type": "model", "model": "custom/aether/gear/gravitite/gravitite_chestplate_emerald_trim", "tints": [ { "type": "dye", "default": -6265536 } ] } },
            { "when": "diamond", "model": { "type": "model", "model": "custom/aether/gear/gravitite/gravitite_chestplate_diamond_trim", "tints": [ { "type": "dye", "default": -6265536 } ] } },
            { "when": "lapis", "model": { "type": "model", "model": "custom/aether/gear/gravitite/gravitite_chestplate_lapis_trim", "tints": [ { "type": "dye", "default": -6265536 } ] } },
            { "when": "amethyst", "model": { "type": "model", "model": "custom/aether/gear/gravitite/gravitite_chestplate_amethyst_trim", "tints": [ { "type": "dye", "default": -6265536 } ] } }
          ],
          "fallback": { "type": "model", "model": "custom/aether/gear/gravitite/gravitite_chestplate", "tints": [ { "type": "dye", "default": -6265536 } ] }
        }
      }
    ],
    "fallback": {
      "type": "select",
      "property": "trim_material",
      "cases": [
        { "when": "quartz", "model": { "type": "model", "model": "item/leather_chestplate_quartz_trim", "tints": [ { "type": "dye", "default": -6265536 } ] } },
        { "when": "iron", "model": { "type": "model", "model": "item/leather_chestplate_iron_trim", "tints": [ { "type": "dye", "default": -6265536 } ] } },
        { "when": "netherite", "model": { "type": "model", "model": "item/leather_chestplate_netherite_trim", "tints": [ { "type": "dye", "default": -6265536 } ] } },
        { "when": "redstone", "model": { "type": "model", "model": "item/leather_chestplate_redstone_trim", "tints": [ { "type": "dye", "default": -6265536 } ] } },
        { "when": "copper", "model": { "type": "model", "model": "item/leather_chestplate_copper_trim", "tints": [ { "type": "dye", "default": -6265536 } ] } },
        { "when": "gold", "model": { "type": "model", "model": "item/leather_chestplate_gold_trim", "tints": [ { "type": "dye", "default": -6265536 } ] } },
        { "when": "emerald", "model": { "type": "model", "model": "item/leather_chestplate_emerald_trim", "tints": [ { "type": "dye", "default": -6265536 } ] } },
        { "when": "diamond", "model": { "type": "model", "model": "item/leather_chestplate_diamond_trim", "tints": [ { "type": "dye", "default": -6265536 } ] } },
        { "when": "lapis", "model": { "type": "model", "model": "item/leather_chestplate_lapis_trim", "tints": [ { "type": "dye", "default": -6265536 } ] } },
        { "when": "amethyst", "model": { "type": "model", "model": "item/leather_chestplate_amethyst_trim", "tints": [ { "type": "dye", "default": -6265536 } ] } }
      ],
      "fallback": { "type": "model", "model": "item/leather_chestplate", "tints": [ { "type": "dye", "default": -6265536 } ] }
    }
  }
}