{
  "model": {
    "type": "range_dispatch",
    "property": "custom_model_data",
    "entries": [
      {
        "threshold": 1,
        "model": {
          "type": "select",
          "property": "trim_material",
          "cases": [
            { "when": "quartz", "model": { "type": "model", "model": "custom/minerals/platinum/platinum_helmet_quartz_trim", "tints": [ { "type": "dye", "default": -6265536 } ] } },
            { "when": "iron", "model": { "type": "model", "model": "custom/minerals/platinum/platinum_helmet_iron_trim", "tints": [ { "type": "dye", "default": -6265536 } ] } },
            { "when": "netherite", "model": { "type": "model", "model": "custom/minerals/platinum/platinum_helmet_netherite_trim", "tints": [ { "type": "dye", "default": -6265536 } ] } },
            { "when": "redstone", "model": { "type": "model", "model": "custom/minerals/platinum/platinum_helmet_redstone_trim", "tints": [ { "type": "dye", "default": -6265536 } ] } },
            { "when": "copper", "model": { "type": "model", "model": "custom/minerals/platinum/platinum_helmet_copper_trim", "tints": [ { "type": "dye", "default": -6265536 } ] } },
            { "when": "gold", "model": { "type": "model", "model": "custom/minerals/platinum/platinum_helmet_gold_trim", "tints": [ { "type": "dye", "default": -6265536 } ] } },
            { "when": "emerald", "model": { "type": "model", "model": "custom/minerals/platinum/platinum_helmet_emerald_trim", "tints": [ { "type": "dye", "default": -6265536 } ] } },
            { "when": "diamond", "model": { "type": "model", "model": "custom/minerals/platinum/platinum_helmet_diamond_trim", "tints": [ { "type": "dye", "default": -6265536 } ] } },
            { "when": "lapis", "model": { "type": "model", "model": "custom/minerals/platinum/platinum_helmet_lapis_trim", "tints": [ { "type": "dye", "default": -6265536 } ] } },
            { "when": "amethyst", "model": { "type": "model", "model": "custom/minerals/platinum/platinum_helmet_amethyst_trim", "tints": [ { "type": "dye", "default": -6265536 } ] } }
          ],
          "fallback": { "type": "model", "model": "custom/minerals/platinum/platinum_helmet", "tints": [ { "type": "dye", "default": -6265536 } ] }
        }
      },
      {
        "threshold": 2,
        "model": {
          "type": "select",
          "property": "trim_material",
          "cases": [
            { "when": "quartz", "model": { "type": "model", "model": "custom/custom_gear/shadow_gear/shadow_helmet_quartz_trim", "tints": [ { "type": "dye", "default": -6265536 } ] } },
            { "when": "iron", "model": { "type": "model", "model": "custom/custom_gear/shadow_gear/shadow_helmet_iron_trim", "tints": [ { "type": "dye", "default": -6265536 } ] } },
            { "when": "netherite", "model": { "type": "model", "model": "custom/custom_gear/shadow_gear/shadow_helmet_netherite_trim", "tints": [ { "type": "dye", "default": -6265536 } ] } },
            { "when": "redstone", "model": { "type": "model", "model": "custom/custom_gear/shadow_gear/shadow_helmet_redstone_trim", "tints": [ { "type": "dye", "default": -6265536 } ] } },
            { "when": "copper", "model": { "type": "model", "model": "custom/custom_gear/shadow_gear/shadow_helmet_copper_trim", "tints": [ { "type": "dye", "default": -6265536 } ] } },
            { "when": "gold", "model": { "type": "model", "model": "custom/custom_gear/shadow_gear/shadow_helmet_gold_trim", "tints": [ { "type": "dye", "default": -6265536 } ] } },
            { "when": "emerald", "model": { "type": "model", "model": "custom/custom_gear/shadow_gear/shadow_helmet_emerald_trim", "tints": [ { "type": "dye", "default": -6265536 } ] } },
            { "when": "diamond", "model": { "type": "model", "model": "custom/custom_gear/shadow_gear/shadow_helmet_diamond_trim", "tints": [ { "type": "dye", "default": -6265536 } ] } },
            { "when": "lapis", "model": { "type": "model", "model": "custom/custom_gear/shadow_gear/shadow_helmet_lapis_trim", "tints": [ { "type": "dye", "default": -6265536 } ] } },
            { "when": "amethyst", "model": { "type": "model", "model": "custom/custom_gear/shadow_gear/shadow_helmet_amethyst_trim", "tints": [ { "type": "dye", "default": -6265536 } ] } }
          ],
          "fallback": { "type": "model", "model": "custom/custom_gear/shadow_gear/shadow_helmet", "tints": [ { "type": "dye", "default": -6265536 } ] }
        }
      },
      {
        "threshold": 4,
        "model": {
          "type": "select",
          "property": "trim_material",
          "cases": [
            { "when": "quartz", "model": { "type": "model", "model": "custom/custom_gear/toxic_gear/toxic_helmet_quartz_trim", "tints": [ { "type": "dye", "default": -6265536 } ] } },
            { "when": "iron", "model": { "type": "model", "model": "custom/custom_gear/toxic_gear/toxic_helmet_iron_trim", "tints": [ { "type": "dye", "default": -6265536 } ] } },
            { "when": "netherite", "model": { "type": "model", "model": "custom/custom_gear/toxic_gear/toxic_helmet_netherite_trim", "tints": [ { "type": "dye", "default": -6265536 } ] } },
            { "when": "redstone", "model": { "type": "model", "model": "custom/custom_gear/toxic_gear/toxic_helmet_redstone_trim", "tints": [ { "type": "dye", "default": -6265536 } ] } },
            { "when": "copper", "model": { "type": "model", "model": "custom/custom_gear/toxic_gear/toxic_helmet_copper_trim", "tints": [ { "type": "dye", "default": -6265536 } ] } },
            { "when": "gold", "model": { "type": "model", "model": "custom/custom_gear/toxic_gear/toxic_helmet_gold_trim", "tints": [ { "type": "dye", "default": -6265536 } ] } },
            { "when": "emerald", "model": { "type": "model", "model": "custom/custom_gear/toxic_gear/toxic_helmet_emerald_trim", "tints": [ { "type": "dye", "default": -6265536 } ] } },
            { "when": "diamond", "model": { "type": "model", "model": "custom/custom_gear/toxic_gear/toxic_helmet_diamond_trim", "tints": [ { "type": "dye", "default": -6265536 } ] } },
            { "when": "lapis", "model": { "type": "model", "model": "custom/custom_gear/toxic_gear/toxic_helmet_lapis_trim", "tints": [ { "type": "dye", "default": -6265536 } ] } },
            { "when": "amethyst", "model": { "type": "model", "model": "custom/custom_gear/toxic_gear/toxic_helmet_amethyst_trim", "tints": [ { "type": "dye", "default": -6265536 } ] } }
          ],
          "fallback": { "type": "model", "model": "custom/custom_gear/toxic_gear/toxic_helmet", "tints": [ { "type": "dye", "default": -6265536 } ] }
        }
      },
      {
        "threshold": 6,
        "model": {
          "type": "select",
          "property": "trim_material",
          "cases": [
            { "when": "quartz", "model": { "type": "model", "model": "custom/custom_gear/toxic_gear/toxic_helmet_quartz_trim", "tints": [ { "type": "dye", "default": -6265536 } ] } },
            { "when": "iron", "model": { "type": "model", "model": "custom/custom_gear/toxic_gear/toxic_helmet_iron_trim", "tints": [ { "type": "dye", "default": -6265536 } ] } },
            { "when": "netherite", "model": { "type": "model", "model": "custom/custom_gear/toxic_gear/toxic_helmet_netherite_trim", "tints": [ { "type": "dye", "default": -6265536 } ] } },
            { "when": "redstone", "model": { "type": "model", "model": "custom/custom_gear/toxic_gear/toxic_helmet_redstone_trim", "tints": [ { "type": "dye", "default": -6265536 } ] } },
            { "when": "copper", "model": { "type": "model", "model": "custom/custom_gear/toxic_gear/toxic_helmet_copper_trim", "tints": [ { "type": "dye", "default": -6265536 } ] } },
            { "when": "gold", "model": { "type": "model", "model": "custom/custom_gear/toxic_gear/toxic_helmet_gold_trim", "tints": [ { "type": "dye", "default": -6265536 } ] } },
            { "when": "emerald", "model": { "type": "model", "model": "custom/custom_gear/toxic_gear/toxic_helmet_emerald_trim", "tints": [ { "type": "dye", "default": -6265536 } ] } },
            { "when": "diamond", "model": { "type": "model", "model": "custom/custom_gear/toxic_gear/toxic_helmet_diamond_trim", "tints": [ { "type": "dye", "default": -6265536 } ] } },
            { "when": "lapis", "model": { "type": "model", "model": "custom/custom_gear/toxic_gear/toxic_helmet_lapis_trim", "tints": [ { "type": "dye", "default": -6265536 } ] } },
            { "when": "amethyst", "model": { "type": "model", "model": "custom/custom_gear/toxic_gear/toxic_helmet_amethyst_trim", "tints": [ { "type": "dye", "default": -6265536 } ] } }
          ],
          "fallback": { "type": "model", "model": "custom/custom_gear/toxic_gear/toxic_helmet", "tints": [ { "type": "dye", "default": -6265536 } ] }
        }
      },
      {
        "threshold": 7,
        "model": {
          "type": "select",
          "property": "trim_material",
          "cases": [
            { "when": "quartz", "model": { "type": "model", "model": "custom/custom_gear/spirit_gear/spirit_helmet_quartz_trim", "tints": [ { "type": "dye", "default": -6265536 } ] } },
            { "when": "iron", "model": { "type": "model", "model": "custom/custom_gear/spirit_gear/spirit_helmet_iron_trim", "tints": [ { "type": "dye", "default": -6265536 } ] } },
            { "when": "netherite", "model": { "type": "model", "model": "custom/custom_gear/spirit_gear/spirit_helmet_netherite_trim", "tints": [ { "type": "dye", "default": -6265536 } ] } },
            { "when": "redstone", "model": { "type": "model", "model": "custom/custom_gear/spirit_gear/spirit_helmet_redstone_trim", "tints": [ { "type": "dye", "default": -6265536 } ] } },
            { "when": "copper", "model": { "type": "model", "model": "custom/custom_gear/spirit_gear/spirit_helmet_copper_trim", "tints": [ { "type": "dye", "default": -6265536 } ] } },
            { "when": "gold", "model": { "type": "model", "model": "custom/custom_gear/spirit_gear/spirit_helmet_gold_trim", "tints": [ { "type": "dye", "default": -6265536 } ] } },
            { "when": "emerald", "model": { "type": "model", "model": "custom/custom_gear/spirit_gear/spirit_helmet_emerald_trim", "tints": [ { "type": "dye", "default": -6265536 } ] } },
            { "when": "diamond", "model": { "type": "model", "model": "custom/custom_gear/spirit_gear/spirit_helmet_diamond_trim", "tints": [ { "type": "dye", "default": -6265536 } ] } },
            { "when": "lapis", "model": { "type": "model", "model": "custom/custom_gear/spirit_gear/spirit_helmet_lapis_trim", "tints": [ { "type": "dye", "default": -6265536 } ] } },
            { "when": "amethyst", "model": { "type": "model", "model": "custom/custom_gear/spirit_gear/spirit_helmet_amethyst_trim", "tints": [ { "type": "dye", "default": -6265536 } ] } }
          ],
          "fallback": { "type": "model", "model": "custom/custom_gear/spirit_gear/spirit_helmet", "tints": [ { "type": "dye", "default": -6265536 } ] }
        }
      },
      {
        "threshold": 8,
        "model": {
          "type": "select",
          "property": "trim_material",
          "cases": [
            { "when": "quartz", "model": { "type": "model", "model": "custom/aether/gear/gravitite/gravitite_helmet_quartz_trim", "tints": [ { "type": "dye", "default": -6265536 } ] } },
            { "when": "iron", "model": { "type": "model", "model": "custom/aether/gear/gravitite/gravitite_helmet_iron_trim", "tints": [ { "type": "dye", "default": -6265536 } ] } },
            { "when": "netherite", "model": { "type": "model", "model": "custom/aether/gear/gravitite/gravitite_helmet_netherite_trim", "tints": [ { "type": "dye", "default": -6265536 } ] } },
            { "when": "redstone", "model": { "type": "model", "model": "custom/aether/gear/gravitite/gravitite_helmet_redstone_trim", "tints": [ { "type": "dye", "default": -6265536 } ] } },
            { "when": "copper", "model": { "type": "model", "model": "custom/aether/gear/gravitite/gravitite_helmet_copper_trim", "tints": [ { "type": "dye", "default": -6265536 } ] } },
            { "when": "gold", "model": { "type": "model", "model": "custom/aether/gear/gravitite/gravitite_helmet_gold_trim", "tints": [ { "type": "dye", "default": -6265536 } ] } },
            { "when": "emerald", "model": { "type": "model", "model": "custom/aether/gear/gravitite/gravitite_helmet_emerald_trim", "tints": [ { "type": "dye", "default": -6265536 } ] } },
            { "when": "diamond", "model": { "type": "model", "model": "custom/aether/gear/gravitite/gravitite_helmet_diamond_trim", "tints": [ { "type": "dye", "default": -6265536 } ] } },
            { "when": "lapis", "model": { "type": "model", "model": "custom/aether/gear/gravitite/gravitite_helmet_lapis_trim", "tints": [ { "type": "dye", "default": -6265536 } ] } },
            { "when": "amethyst", "model": { "type": "model", "model": "custom/aether/gear/gravitite/gravitite_helmet_amethyst_trim", "tints": [ { "type": "dye", "default": -6265536 } ] } }
          ],
          "fallback": { "type": "model", "model": "custom/aether/gear/gravitite/gravitite_helmet", "tints": [ { "type": "dye", "default": -6265536 } ] }
        }
      }
    ],
    "fallback": {
      "type": "select",
      "property": "trim_material",
      "cases": [
        { "when": "quartz", "model": { "type": "model", "model": "item/leather_helmet_quartz_trim", "tints": [ { "type": "dye", "default": -6265536 } ] } },
        { "when": "iron", "model": { "type": "model", "model": "item/leather_helmet_iron_trim", "tints": [ { "type": "dye", "default": -6265536 } ] } },
        { "when": "netherite", "model": { "type": "model", "model": "item/leather_helmet_netherite_trim", "tints": [ { "type": "dye", "default": -6265536 } ] } },
        { "when": "redstone", "model": { "type": "model", "model": "item/leather_helmet_redstone_trim", "tints": [ { "type": "dye", "default": -6265536 } ] } },
        { "when": "copper", "model": { "type": "model", "model": "item/leather_helmet_copper_trim", "tints": [ { "type": "dye", "default": -6265536 } ] } },
        { "when": "gold", "model": { "type": "model", "model": "item/leather_helmet_gold_trim", "tints": [ { "type": "dye", "default": -6265536 } ] } },
        { "when": "emerald", "model": { "type": "model", "model": "item/leather_helmet_emerald_trim", "tints": [ { "type": "dye", "default": -6265536 } ] } },
        { "when": "diamond", "model": { "type": "model", "model": "item/leather_helmet_diamond_trim", "tints": [ { "type": "dye", "default": -6265536 } ] } },
        { "when": "lapis", "model": { "type": "model", "model": "item/leather_helmet_lapis_trim", "tints": [ { "type": "dye", "default": -6265536 } ] } },
        { "when": "amethyst", "model": { "type": "model", "model": "item/leather_helmet_amethyst_trim", "tints": [ { "type": "dye", "default": -6265536 } ] } }
      ],
      "fallback": { "type": "model", "model": "item/leather_helmet", "tints": [ { "type": "dye", "default": -6265536 } ] }
    }
  }
}