{
  "model": {
    "type": "range_dispatch",
    "property": "custom_model_data",
    "entries": [
      {
        "threshold": 1,
        "model": {
          "type": "select",
          "property": "trim_material",
          "cases": [
            { "when": "quartz", "model": { "type": "model", "model": "custom/minerals/platinum/platinum_leggings_quartz_trim", "tints": [ { "type": "dye", "default": -6265536 } ] } },
            { "when": "iron", "model": { "type": "model", "model": "custom/minerals/platinum/platinum_leggings_iron_trim", "tints": [ { "type": "dye", "default": -6265536 } ] } },
            { "when": "netherite", "model": { "type": "model", "model": "custom/minerals/platinum/platinum_leggings_netherite_trim", "tints": [ { "type": "dye", "default": -6265536 } ] } },
            { "when": "redstone", "model": { "type": "model", "model": "custom/minerals/platinum/platinum_leggings_redstone_trim", "tints": [ { "type": "dye", "default": -6265536 } ] } },
            { "when": "copper", "model": { "type": "model", "model": "custom/minerals/platinum/platinum_leggings_copper_trim", "tints": [ { "type": "dye", "default": -6265536 } ] } },
            { "when": "gold", "model": { "type": "model", "model": "custom/minerals/platinum/platinum_leggings_gold_trim", "tints": [ { "type": "dye", "default": -6265536 } ] } },
            { "when": "emerald", "model": { "type": "model", "model": "custom/minerals/platinum/platinum_leggings_emerald_trim", "tints": [ { "type": "dye", "default": -6265536 } ] } },
            { "when": "diamond", "model": { "type": "model", "model": "custom/minerals/platinum/platinum_leggings_diamond_trim", "tints": [ { "type": "dye", "default": -6265536 } ] } },
            { "when": "lapis", "model": { "type": "model", "model": "custom/minerals/platinum/platinum_leggings_lapis_trim", "tints": [ { "type": "dye", "default": -6265536 } ] } },
            { "when": "amethyst", "model": { "type": "model", "model": "custom/minerals/platinum/platinum_leggings_amethyst_trim", "tints": [ { "type": "dye", "default": -6265536 } ] } }
          ],
          "fallback": { "type": "model", "model": "custom/minerals/platinum/platinum_leggings", "tints": [ { "type": "dye", "default": -6265536 } ] }
        }
      },
      {
        "threshold": 2,
        "model": {
          "type": "select",
          "property": "trim_material",
          "cases": [
            { "when": "quartz", "model": { "type": "model", "model": "custom/custom_gear/shadow_gear/shadow_leggings_quartz_trim", "tints": [ { "type": "dye", "default": -6265536 } ] } },
            { "when": "iron", "model": { "type": "model", "model": "custom/custom_gear/shadow_gear/shadow_leggings_iron_trim", "tints": [ { "type": "dye", "default": -6265536 } ] } },
            { "when": "netherite", "model": { "type": "model", "model": "custom/custom_gear/shadow_gear/shadow_leggings_netherite_trim", "tints": [ { "type": "dye", "default": -6265536 } ] } },
            { "when": "redstone", "model": { "type": "model", "model": "custom/custom_gear/shadow_gear/shadow_leggings_redstone_trim", "tints": [ { "type": "dye", "default": -6265536 } ] } },
            { "when": "copper", "model": { "type": "model", "model": "custom/custom_gear/shadow_gear/shadow_leggings_copper_trim", "tints": [ { "type": "dye", "default": -6265536 } ] } },
            { "when": "gold", "model": { "type": "model", "model": "custom/custom_gear/shadow_gear/shadow_leggings_gold_trim", "tints": [ { "type": "dye", "default": -6265536 } ] } },
            { "when": "emerald", "model": { "type": "model", "model": "custom/custom_gear/shadow_gear/shadow_leggings_emerald_trim", "tints": [ { "type": "dye", "default": -6265536 } ] } },
            { "when": "diamond", "model": { "type": "model", "model": "custom/custom_gear/shadow_gear/shadow_leggings_diamond_trim", "tints": [ { "type": "dye", "default": -6265536 } ] } },
            { "when": "lapis", "model": { "type": "model", "model": "custom/custom_gear/shadow_gear/shadow_leggings_lapis_trim", "tints": [ { "type": "dye", "default": -6265536 } ] } },
            { "when": "amethyst", "model": { "type": "model", "model": "custom/custom_gear/shadow_gear/shadow_leggings_amethyst_trim", "tints": [ { "type": "dye", "default": -6265536 } ] } }
          ],
          "fallback": { "type": "model", "model": "custom/custom_gear/shadow_gear/shadow_leggings", "tints": [ { "type": "dye", "default": -6265536 } ] }
        }
      },
      {
        "threshold": 4,
        "model": {
          "type": "select",
          "property": "trim_material",
          "cases": [
            { "when": "quartz", "model": { "type": "model", "model": "custom/custom_gear/toxic_gear/toxic_leggings_quartz_trim", "tints": [ { "type": "dye", "default": -6265536 } ] } },
            { "when": "iron", "model": { "type": "model", "model": "custom/custom_gear/toxic_gear/toxic_leggings_iron_trim", "tints": [ { "type": "dye", "default": -6265536 } ] } },
            { "when": "netherite", "model": { "type": "model", "model": "custom/custom_gear/toxic_gear/toxic_leggings_netherite_trim", "tints": [ { "type": "dye", "default": -6265536 } ] } },
            { "when": "redstone", "model": { "type": "model", "model": "custom/custom_gear/toxic_gear/toxic_leggings_redstone_trim", "tints": [ { "type": "dye", "default": -6265536 } ] } },
            { "when": "copper", "model": { "type": "model", "model": "custom/custom_gear/toxic_gear/toxic_leggings_copper_trim", "tints": [ { "type": "dye", "default": -6265536 } ] } },
            { "when": "gold", "model": { "type": "model", "model": "custom/custom_gear/toxic_gear/toxic_leggings_gold_trim", "tints": [ { "type": "dye", "default": -6265536 } ] } },
            { "when": "emerald", "model": { "type": "model", "model": "custom/custom_gear/toxic_gear/toxic_leggings_emerald_trim", "tints": [ { "type": "dye", "default": -6265536 } ] } },
            { "when": "diamond", "model": { "type": "model", "model": "custom/custom_gear/toxic_gear/toxic_leggings_diamond_trim", "tints": [ { "type": "dye", "default": -6265536 } ] } },
            { "when": "lapis", "model": { "type": "model", "model": "custom/custom_gear/toxic_gear/toxic_leggings_lapis_trim", "tints": [ { "type": "dye", "default": -6265536 } ] } },
            { "when": "amethyst", "model": { "type": "model", "model": "custom/custom_gear/toxic_gear/toxic_leggings_amethyst_trim", "tints": [ { "type": "dye", "default": -6265536 } ] } }
          ],
          "fallback": { "type": "model", "model": "custom/custom_gear/toxic_gear/toxic_leggings", "tints": [ { "type": "dye", "default": -6265536 } ] }
        }
      },
      {
        "threshold": 6,
        "model": {
          "type": "select",
          "property": "trim_material",
          "cases": [
            { "when": "quartz", "model": { "type": "model", "model": "custom/custom_gear/toxic_gear/toxic_leggings_quartz_trim", "tints": [ { "type": "dye", "default": -6265536 } ] } },
            { "when": "iron", "model": { "type": "model", "model": "custom/custom_gear/toxic_gear/toxic_leggings_iron_trim", "tints": [ { "type": "dye", "default": -6265536 } ] } },
            { "when": "netherite", "model": { "type": "model", "model": "custom/custom_gear/toxic_gear/toxic_leggings_netherite_trim", "tints": [ { "type": "dye", "default": -6265536 } ] } },
            { "when": "redstone", "model": { "type": "model", "model": "custom/custom_gear/toxic_gear/toxic_leggings_redstone_trim", "tints": [ { "type": "dye", "default": -6265536 } ] } },
            { "when": "copper", "model": { "type": "model", "model": "custom/custom_gear/toxic_gear/toxic_leggings_copper_trim", "tints": [ { "type": "dye", "default": -6265536 } ] } },
            { "when": "gold", "model": { "type": "model", "model": "custom/custom_gear/toxic_gear/toxic_leggings_gold_trim", "tints": [ { "type": "dye", "default": -6265536 } ] } },
            { "when": "emerald", "model": { "type": "model", "model": "custom/custom_gear/toxic_gear/toxic_leggings_emerald_trim", "tints": [ { "type": "dye", "default": -6265536 } ] } },
            { "when": "diamond", "model": { "type": "model", "model": "custom/custom_gear/toxic_gear/toxic_leggings_diamond_trim", "tints": [ { "type": "dye", "default": -6265536 } ] } },
            { "when": "lapis", "model": { "type": "model", "model": "custom/custom_gear/toxic_gear/toxic_leggings_lapis_trim", "tints": [ { "type": "dye", "default": -6265536 } ] } },
            { "when": "amethyst", "model": { "type": "model", "model": "custom/custom_gear/toxic_gear/toxic_leggings_amethyst_trim", "tints": [ { "type": "dye", "default": -6265536 } ] } }
          ],
          "fallback": { "type": "model", "model": "custom/custom_gear/toxic_gear/toxic_leggings", "tints": [ { "type": "dye", "default": -6265536 } ] }
        }
      },
      {
        "threshold": 7,
        "model": {
          "type": "select",
          "property": "trim_material",
          "cases": [
            { "when": "quartz", "model": { "type": "model", "model": "custom/custom_gear/spirit_gear/spirit_leggings_quartz_trim", "tints": [ { "type": "dye", "default": -6265536 } ] } },
            { "when": "iron", "model": { "type": "model", "model": "custom/custom_gear/spirit_gear/spirit_leggings_iron_trim", "tints": [ { "type": "dye", "default": -6265536 } ] } },
            { "when": "netherite", "model": { "type": "model", "model": "custom/custom_gear/spirit_gear/spirit_leggings_netherite_trim", "tints": [ { "type": "dye", "default": -6265536 } ] } },
            { "when": "redstone", "model": { "type": "model", "model": "custom/custom_gear/spirit_gear/spirit_leggings_redstone_trim", "tints": [ { "type": "dye", "default": -6265536 } ] } },
            { "when": "copper", "model": { "type": "model", "model": "custom/custom_gear/spirit_gear/spirit_leggings_copper_trim", "tints": [ { "type": "dye", "default": -6265536 } ] } },
            { "when": "gold", "model": { "type": "model", "model": "custom/custom_gear/spirit_gear/spirit_leggings_gold_trim", "tints": [ { "type": "dye", "default": -6265536 } ] } },
            { "when": "emerald", "model": { "type": "model", "model": "custom/custom_gear/spirit_gear/spirit_leggings_emerald_trim", "tints": [ { "type": "dye", "default": -6265536 } ] } },
            { "when": "diamond", "model": { "type": "model", "model": "custom/custom_gear/spirit_gear/spirit_leggings_diamond_trim", "tints": [ { "type": "dye", "default": -6265536 } ] } },
            { "when": "lapis", "model": { "type": "model", "model": "custom/custom_gear/spirit_gear/spirit_leggings_lapis_trim", "tints": [ { "type": "dye", "default": -6265536 } ] } },
            { "when": "amethyst", "model": { "type": "model", "model": "custom/custom_gear/spirit_gear/spirit_leggings_amethyst_trim", "tints": [ { "type": "dye", "default": -6265536 } ] } }
          ],
          "fallback": { "type": "model", "model": "custom/custom_gear/spirit_gear/spirit_leggings", "tints": [ { "type": "dye", "default": -6265536 } ] }
        }
      },
      {
        "threshold": 8,
        "model": {
          "type": "select",
          "property": "trim_material",
          "cases": [
            { "when": "quartz", "model": { "type": "model", "model": "custom/aether/gear/gravitite/gravitite_leggings_quartz_trim", "tints": [ { "type": "dye", "default": -6265536 } ] } },
            { "when": "iron", "model": { "type": "model", "model": "custom/aether/gear/gravitite/gravitite_leggings_iron_trim", "tints": [ { "type": "dye", "default": -6265536 } ] } },
            { "when": "netherite", "model": { "type": "model", "model": "custom/aether/gear/gravitite/gravitite_leggings_netherite_trim", "tints": [ { "type": "dye", "default": -6265536 } ] } },
            { "when": "redstone", "model": { "type": "model", "model": "custom/aether/gear/gravitite/gravitite_leggings_redstone_trim", "tints": [ { "type": "dye", "default": -6265536 } ] } },
            { "when": "copper", "model": { "type": "model", "model": "custom/aether/gear/gravitite/gravitite_leggings_copper_trim", "tints": [ { "type": "dye", "default": -6265536 } ] } },
            { "when": "gold", "model": { "type": "model", "model": "custom/aether/gear/gravitite/gravitite_leggings_gold_trim", "tints": [ { "type": "dye", "default": -6265536 } ] } },
            { "when": "emerald", "model": { "type": "model", "model": "custom/aether/gear/gravitite/gravitite_leggings_emerald_trim", "tints": [ { "type": "dye", "default": -6265536 } ] } },
            { "when": "diamond", "model": { "type": "model", "model": "custom/aether/gear/gravitite/gravitite_leggings_diamond_trim", "tints": [ { "type": "dye", "default": -6265536 } ] } },
            { "when": "lapis", "model": { "type": "model", "model": "custom/aether/gear/gravitite/gravitite_leggings_lapis_trim", "tints": [ { "type": "dye", "default": -6265536 } ] } },
            { "when": "amethyst", "model": { "type": "model", "model": "custom/aether/gear/gravitite/gravitite_leggings_amethyst_trim", "tints": [ { "type": "dye", "default": -6265536 } ] } }
          ],
          "fallback": { "type": "model", "model": "custom/aether/gear/gravitite/gravitite_leggings", "tints": [ { "type": "dye", "default": -6265536 } ] }
        }
      }
    ],
    "fallback": {
      "type": "select",
      "property": "trim_material",
      "cases": [
        { "when": "quartz", "model": { "type": "model", "model": "item/leather_leggings_quartz_trim", "tints": [ { "type": "dye", "default": -6265536 } ] } },
        { "when": "iron", "model": { "type": "model", "model": "item/leather_leggings_iron_trim", "tints": [ { "type": "dye", "default": -6265536 } ] } },
        { "when": "netherite", "model": { "type": "model", "model": "item/leather_leggings_netherite_trim", "tints": [ { "type": "dye", "default": -6265536 } ] } },
        { "when": "redstone", "model": { "type": "model", "model": "item/leather_leggings_redstone_trim", "tints": [ { "type": "dye", "default": -6265536 } ] } },
        { "when": "copper", "model": { "type": "model", "model": "item/leather_leggings_copper_trim", "tints": [ { "type": "dye", "default": -6265536 } ] } },
        { "when": "gold", "model": { "type": "model", "model": "item/leather_leggings_gold_trim", "tints": [ { "type": "dye", "default": -6265536 } ] } },
        { "when": "emerald", "model": { "type": "model", "model": "item/leather_leggings_emerald_trim", "tints": [ { "type": "dye", "default": -6265536 } ] } },
        { "when": "diamond", "model": { "type": "model", "model": "item/leather_leggings_diamond_trim", "tints": [ { "type": "dye", "default": -6265536 } ] } },
        { "when": "lapis", "model": { "type": "model", "model": "item/leather_leggings_lapis_trim", "tints": [ { "type": "dye", "default": -6265536 } ] } },
        { "when": "amethyst", "model": { "type": "model", "model": "item/leather_leggings_amethyst_trim", "tints": [ { "type": "dye", "default": -6265536 } ] } }
      ],
      "fallback": { "type": "model", "model": "item/leather_leggings", "tints": [ { "type": "dye", "default": -6265536 } ] }
    }
  }
}