{
  "model": {
    "type": "range_dispatch",
    "property": "custom_model_data",
    "entries": [
      { "threshold": 1, "model": { "type": "special", "base": "custom/decorations/grave/head", "model": { "type": "head", "kind": "player" } } },
      { "threshold": 2, "model": { "type": "special", "base": "custom/decorations/grave/degenerate", "model": { "type": "head", "kind": "player" } } },
      { "threshold": 3, "model": { "type": "special", "base": "item/player_head", "model": { "type": "head", "kind": "player" } } },
      { "threshold": 4, "model": { "type": "special", "base": "custom/entities/player/player_leg", "model": { "type": "head", "kind": "player" } } },
      { "threshold": 5, "model": { "type": "special", "base": "custom/entities/player/player_leg", "model": { "type": "head", "kind": "player" } } },
      { "threshold": 6, "model": { "type": "special", "base": "custom/entities/player/player_arm", "model": { "type": "head", "kind": "player" } } },
      { "threshold": 7, "model": { "type": "special", "base": "custom/entities/player/player_arm", "model": { "type": "head", "kind": "player" } } },
      { "threshold": 8, "model": { "type": "special", "base": "custom/entities/player/player_slimb", "model": { "type": "head", "kind": "player" } } },
      { "threshold": 9, "model": { "type": "special", "base": "custom/entities/player/player_slimb", "model": { "type": "head", "kind": "player" } } },
      { "threshold": 10, "model": { "type": "special", "base": "custom/ui/large_player_head", "model": { "type": "head", "kind": "player" } } },
      { "threshold": 11, "model": { "type": "special", "base": "item/player_head", "model": { "type": "head", "kind": "player" } } },
      { "threshold": 12, "model": { "type": "special", "base": "custom/entities/player/player_body", "model": { "type": "head", "kind": "player" } } },
      { "threshold": 13, "model": { "type": "special", "base": "custom/entities/player/player_head", "model": { "type": "head", "kind": "player" } } },
      { "threshold": 14, "model": { "type": "special", "base": "custom/ui/avatar", "model": { "type": "head", "kind": "player" } } },
      { "threshold": 15, "model": { "type": "special", "base": "custom/ui/avatar_disabled", "model": { "type": "head", "kind": "player" } } }
    ],
    "fallback": {
      "type": "special", "base": "item/template_skull", "model": { "type": "head", "kind": "player" }
    }
  }
}