{
  "model": {
    "type": "range_dispatch",
    "property": "custom_model_data",
    "entries": [
      {
        "threshold": 1,
        "model": {
          "type": "condition",
          "property": "using_item",
          "on_true": { "type": "model", "model": "custom/custom_gear/shield/first_shield_blocking" },
          "on_false": { "type": "model", "model": "custom/custom_gear/shield/first_shield" }
        }
      },
      {
        "threshold": 2,
        "model": {
          "type": "condition",
          "property": "using_item",
          "on_true": { "type": "model", "model": "custom/custom_gear/shield/tiki_shield_blocking" },
          "on_false": { "type": "model", "model": "custom/custom_gear/shield/tiki_shield" }
        }
      },
      {
        "threshold": 3,
        "model": {
          "type": "condition",
          "property": "using_item",
          "on_true": { "type": "model", "model": "custom/custom_gear/shield/pumpkin_shield_blocking" },
          "on_false": { "type": "model", "model": "custom/custom_gear/shield/pumpkin_shield" }
        }
      },
      {
        "threshold": 4,
        "model": {
          "type": "condition",
          "property": "using_item",
          "on_true": { "type": "model", "model": "custom/custom_gear/shield/gingerbread_shield_blocking" },
          "on_false": { "type": "model", "model": "custom/custom_gear/shield/gingerbread_shield" }
        }
      },
      {
        "threshold": 5,
        "model": {
          "type": "condition",
          "property": "using_item",
          "on_true": { "type": "model", "model": "custom/custom_gear/shield/lunar_shield_blocking" },
          "on_false": { "type": "model", "model": "custom/custom_gear/shield/lunar_shield" }
        }
      },
      {
        "threshold": 6,
        "model": {
          "type": "condition",
          "property": "using_item",
          "on_true": { "type": "model", "model": "custom/custom_gear/shield/flower_shield_blocking" },
          "on_false": { "type": "model", "model": "custom/custom_gear/shield/flower_shield" }
        }
      },
      {
        "threshold": 12,
        "model": {
          "type": "condition",
          "property": "using_item",
          "on_true": { "type": "model", "model": "custom/custom_gear/shield/lunar_shield_blocking" },
          "on_false": { "type": "model", "model": "custom/custom_gear/shield/lunar_shield" }
        }
      },
      {
        "threshold": 21,
        "model": {
          "type": "condition",
          "property": "using_item",
          "on_true": { "type": "model", "model": "custom/custom_gear/shield/pirate_shield_blocking" },
          "on_false": { "type": "model", "model": "custom/custom_gear/shield/pirate_shield" }
        }
      },
      {
        "threshold": 24,
        "model": {
          "type": "condition",
          "property": "using_item",
          "on_true": { "type": "model", "model": "custom/custom_gear/shield/gothic_shield_blocking" },
          "on_false": { "type": "model", "model": "custom/custom_gear/shield/gothic_shield" }
        }
      },
      {
        "threshold": 25,
        "model": {
          "type": "condition",
          "property": "using_item",
          "on_true": { "type": "model", "model": "custom/custom_gear/artifact/illager/illager_shield_blocking" },
          "on_false": { "type": "model", "model": "custom/custom_gear/artifact/illager/illager_shield" }
        }
      },
      {
        "threshold": 26,
        "model": {
          "type": "condition",
          "property": "using_item",
          "on_true": { "type": "model", "model": "custom/custom_gear/artifact/arctic/nomad_shield_blocking" },
          "on_false": { "type": "model", "model": "custom/custom_gear/artifact/arctic/nomad_shield" }
        }
      },
      {
        "threshold": 27,
        "model": {
          "type": "condition",
          "property": "using_item",
          "on_true": { "type": "model", "model": "custom/custom_gear/shield/maple_shield_blocking" },
          "on_false": { "type": "model", "model": "custom/custom_gear/shield/maple_shield" }
        }
      },
      {
        "threshold": 29,
        "model": {
          "type": "condition",
          "property": "using_item",
          "on_true": { "type": "model", "model": "custom/custom_gear/shield/glacial_shield_blocking" },
          "on_false": { "type": "model", "model": "custom/custom_gear/shield/glacial_shield" }
        }
      },
      {
        "threshold": 31,
        "model": {
          "type": "condition",
          "property": "using_item",
          "on_true": { "type": "model", "model": "custom/custom_gear/shield/jade_shield_blocking" },
          "on_false": { "type": "model", "model": "custom/custom_gear/shield/jade_shield" }
        }
      },
      {
        "threshold": 32,
        "model": {
          "type": "condition",
          "property": "using_item",
          "on_true": { "type": "model", "model": "custom/custom_gear/shield/ivy_shield_blocking" },
          "on_false": { "type": "model", "model": "custom/custom_gear/shield/ivy_shield" }
        }
      },
      {
        "threshold": 34,
        "model": {
          "type": "condition",
          "property": "using_item",
          "on_true": { "type": "model", "model": "custom/custom_gear/shield/atlantean_shield_blocking" },
          "on_false": { "type": "model", "model": "custom/custom_gear/shield/atlantean_shield" }
        }
      },
      {
        "threshold": 35,
        "model": {
          "type": "condition",
          "property": "using_item",
          "on_true": { "type": "model", "model": "custom/custom_gear/shield/knight_shield_blocking" },
          "on_false": { "type": "model", "model": "custom/custom_gear/shield/knight_shield" }
        }
      },
      {
        "threshold": 36,
        "model": {
          "type": "condition",
          "property": "using_item",
          "on_true": { "type": "model", "model": "custom/custom_gear/shield/energy_shield_blocking" },
          "on_false": { "type": "model", "model": "custom/custom_gear/shield/energy_shield" }
        }
      },
      {
        "threshold": 37,
        "model": {
          "type": "condition",
          "property": "using_item",
          "on_true": { "type": "model", "model": "custom/custom_gear/shield/muerte_shield_blocking" },
          "on_false": { "type": "model", "model": "custom/custom_gear/shield/muerte_shield" }
        }
      },
      {
        "threshold": 38,
        "model": {
          "type": "condition",
          "property": "using_item",
          "on_true": { "type": "model", "model": "custom/custom_gear/shield/toy_shield_blocking" },
          "on_false": { "type": "model", "model": "custom/custom_gear/shield/toy_shield" }
        }
      },
      {
        "threshold": 40,
        "model": {
          "type": "condition",
          "property": "using_item",
          "on_true": { "type": "model", "model": "custom/custom_gear/shield/blossom_shield_blocking" },
          "on_false": { "type": "model", "model": "custom/custom_gear/shield/blossom_shield" }
        }
      },
      {
        "threshold": 41,
        "model": {
          "type": "condition",
          "property": "using_item",
          "on_true": { "type": "model", "model": "custom/custom_gear/shield/rose_gold_shield_blocking" },
          "on_false": { "type": "model", "model": "custom/custom_gear/shield/rose_gold_shield" }
        }
      },
      {
        "threshold": 42,
        "model": {
          "type": "condition",
          "property": "using_item",
          "on_true": { "type": "model", "model": "custom/aether/gear/gravitite/gravitite_shield_blocking" },
          "on_false": { "type": "model", "model": "custom/aether/gear/gravitite/gravitite_shield" }
        }
      },
      {
        "threshold": 43,
        "model": {
          "type": "condition",
          "property": "using_item",
          "on_true": { "type": "model", "model": "custom/aether/gear/gravitite/gravitite_shield_blocking_active" },
          "on_false": { "type": "model", "model": "custom/aether/gear/gravitite/gravitite_shield_active" }
        }
      },
      {
        "threshold": 44,
        "model": {
          "type": "condition",
          "property": "using_item",
          "on_true": { "type": "model", "model": "custom/aether/gear/gravitite/gravitite_shield_blocking_inactive" },
          "on_false": { "type": "model", "model": "custom/aether/gear/gravitite/gravitite_shield_inactive" }
        }
      },
      {
        "threshold": 47,
        "model": {
          "type": "condition",
          "property": "using_item",
          "on_true": { "type": "model", "model": "custom/custom_gear/shield/shamrock_shield_blocking" },
          "on_false": { "type": "model", "model": "custom/custom_gear/shield/shamrock_shield" }
        }
      },
      {
        "threshold": 49,
        "model": {
          "type": "condition",
          "property": "using_item",
          "on_true": { "type": "model", "model": "custom/aether/gear/blitz_gear/blitz_shield_blocking" },
          "on_false": { "type": "model", "model": "custom/aether/gear/blitz_gear/blitz_shield" }
        }
      }
    ],
    "fallback": {
      "type": "condition",
      "property": "using_item",
      "on_true": { "type": "special", "base": "item/shield_blocking", "model": { "type": "shield" } },
      "on_false": { "type": "special", "base": "item/shield", "model": { "type": "shield" } }
    }
  }
}