{
  "model": {
    "type": "range_dispatch",
    "property": "custom_model_data",
    "entries": [
      { "threshold": 1, "model": { "type": "model", "model": "custom/misc_items/saplings/fir_sapling" } },
      { "threshold": 2, "model": { "type": "model", "model": "custom/misc_items/saplings/maple_sapling" } },
      { "threshold": 3, "model": { "type": "model", "model": "custom/misc_items/saplings/baobab_sapling" } },
      { "threshold": 4, "model": { "type": "model", "model": "custom/misc_items/saplings/palm_sapling" } },
      { "threshold": 5, "model": { "type": "model", "model": "custom/misc_items/saplings/bayou_sapling" } },
      { "threshold": 6, "model": { "type": "model", "model": "custom/misc_items/saplings/wisteria_sapling" } },
      { "threshold": 7, "model": { "type": "model", "model": "custom/misc_items/ancient_fern_seed" } },
      { "threshold": 8, "model": { "type": "model", "model": "custom/misc_items/ancient_flower_seed" } },
      { "threshold": 5004, "model": { "type": "model", "model": "custom/misc_blocks/crates/crate_1" } },
      { "threshold": 5005, "model": { "type": "model", "model": "custom/misc_blocks/crates/crate_2" } },
      { "threshold": 5006, "model": { "type": "model", "model": "custom/misc_blocks/crates/crate_3" } },
      { "threshold": 5007, "model": { "type": "model", "model": "custom/misc_blocks/crates/crate_4" } },
      { "threshold": 5010, "model": { "type": "model", "model": "custom/misc_blocks/wood/spruce/spruce_planks_carved" } },
      { "threshold": 5011, "model": { "type": "model", "model": "custom/misc_blocks/wood/jungle/jungle_planks_carved" } },
      { "threshold": 5012, "model": { "type": "model", "model": "custom/misc_blocks/wood/oak/oak_planks_carved" } },
      { "threshold": 5013, "model": { "type": "model", "model": "custom/misc_blocks/wood/birch/birch_planks_carved" } },
      { "threshold": 5014, "model": { "type": "model", "model": "custom/misc_blocks/wood/acacia/acacia_planks_carved" } },
      { "threshold": 5015, "model": { "type": "model", "model": "custom/misc_blocks/wood/dark_oak/dark_oak_planks_carved" } },
      { "threshold": 5016, "model": { "type": "model", "model": "custom/misc_blocks/wood/spruce/vertical_spruce_planks" } },
      { "threshold": 5017, "model": { "type": "model", "model": "custom/misc_blocks/wood/jungle/vertical_jungle_planks" } },
      { "threshold": 5018, "model": { "type": "model", "model": "custom/misc_blocks/wood/oak/vertical_oak_planks" } },
      { "threshold": 5019, "model": { "type": "model", "model": "custom/misc_blocks/wood/birch/vertical_birch_planks" } },
      { "threshold": 5020, "model": { "type": "model", "model": "custom/misc_blocks/wood/acacia/vertical_acacia_planks" } },
      { "threshold": 5021, "model": { "type": "model", "model": "custom/misc_blocks/wood/dark_oak/vertical_dark_oak_planks" } },
      { "threshold": 5032, "model": { "type": "model", "model": "custom/misc_blocks/mushroom/fungal_planks" } },
      { "threshold": 5033, "model": { "type": "model", "model": "custom/misc_blocks/mushroom/fungal_planks_black" } },
      { "threshold": 5034, "model": { "type": "model", "model": "custom/misc_blocks/mushroom/fungal_planks_blue" } },
      { "threshold": 5035, "model": { "type": "model", "model": "custom/misc_blocks/mushroom/fungal_planks_brown" } },
      { "threshold": 5036, "model": { "type": "model", "model": "custom/misc_blocks/mushroom/fungal_planks_cyan" } },
      { "threshold": 5037, "model": { "type": "model", "model": "custom/misc_blocks/mushroom/fungal_planks_gray" } },
      { "threshold": 5038, "model": { "type": "model", "model": "custom/misc_blocks/mushroom/fungal_planks_green" } },
      { "threshold": 5039, "model": { "type": "model", "model": "custom/misc_blocks/mushroom/fungal_planks_light_blue" } },
      { "threshold": 5040, "model": { "type": "model", "model": "custom/misc_blocks/mushroom/fungal_planks_light_gray" } },
      { "threshold": 5041, "model": { "type": "model", "model": "custom/misc_blocks/mushroom/fungal_planks_lime" } },
      { "threshold": 5042, "model": { "type": "model", "model": "custom/misc_blocks/mushroom/fungal_planks_magenta" } },
      { "threshold": 5043, "model": { "type": "model", "model": "custom/misc_blocks/mushroom/fungal_planks_orange" } },
      { "threshold": 5044, "model": { "type": "model", "model": "custom/misc_blocks/mushroom/fungal_planks_pink" } },
      { "threshold": 5045, "model": { "type": "model", "model": "custom/misc_blocks/mushroom/fungal_planks_purple" } },
      { "threshold": 5046, "model": { "type": "model", "model": "custom/misc_blocks/mushroom/fungal_planks_red" } },
      { "threshold": 5047, "model": { "type": "model", "model": "custom/misc_blocks/mushroom/fungal_planks_white" } },
      { "threshold": 5048, "model": { "type": "model", "model": "custom/misc_blocks/mushroom/fungal_planks_yellow" } },
      { "threshold": 5049, "model": { "type": "model", "model": "custom/misc_blocks/mushroom/mushroom_stem" } },
      { "threshold": 5052, "model": { "type": "model", "model": "custom/misc_blocks/mushroom/mushroom_block_red" } },
      { "threshold": 5053, "model": { "type": "model", "model": "custom/misc_blocks/mushroom/mushroom_block_brown" } },
      { "threshold": 5054, "model": { "type": "model", "model": "custom/misc_blocks/mushroom/toxic_mushroom_block" } },
      { "threshold": 5055, "model": { "type": "model", "model": "custom/misc_blocks/mushroom/stripped_mushroom_stem" } },
      { "threshold": 5106, "model": { "type": "model", "model": "custom/misc_blocks/lanterns/acacia_paper_lantern" } },
      { "threshold": 5107, "model": { "type": "model", "model": "custom/misc_blocks/lanterns/oak_paper_lantern" } },
      { "threshold": 5108, "model": { "type": "model", "model": "custom/misc_blocks/lanterns/dark_oak_paper_lantern" } },
      { "threshold": 5109, "model": { "type": "model", "model": "custom/misc_blocks/lanterns/fungal_paper_lantern" } },
      { "threshold": 5110, "model": { "type": "model", "model": "custom/misc_blocks/lanterns/spruce_paper_lantern" } },
      { "threshold": 5111, "model": { "type": "model", "model": "custom/misc_blocks/lanterns/birch_paper_lantern" } },
      { "threshold": 5112, "model": { "type": "model", "model": "custom/misc_blocks/lanterns/jungle_paper_lantern" } },
      { "threshold": 5132, "model": { "type": "model", "model": "custom/misc_blocks/wood/bayou/bayou_log" } },
      { "threshold": 5168, "model": { "type": "model", "model": "custom/misc_blocks/mushroom/toxic_mushroom_stem" } },
      { "threshold": 5175, "model": { "type": "model", "model": "custom/misc_blocks/mushroom/fungal_planks_carved" } },
      { "threshold": 5176, "model": { "type": "model", "model": "custom/misc_blocks/mushroom/vertical_fungal_planks" } },
      { "threshold": 5178, "model": { "type": "model", "model": "custom/misc_blocks/wood/bayou/bayou_planks" } },
      { "threshold": 5179, "model": { "type": "model", "model": "custom/misc_blocks/wood/bayou/bayou_planks_carved" } },
      { "threshold": 5180, "model": { "type": "model", "model": "custom/misc_blocks/wood/bayou/vertical_bayou_planks" } },
      { "threshold": 5181, "model": { "type": "model", "model": "custom/misc_blocks/wood/bayou/stripped_bayou_log" } },
      { "threshold": 5182, "model": { "type": "model", "model": "custom/misc_blocks/lanterns/bayou_paper_lantern" } },
      { "threshold": 5188, "model": { "type": "model", "model": "custom/misc_blocks/wood/baobab/baobab_log" } },
      { "threshold": 5189, "model": { "type": "model", "model": "custom/misc_blocks/wood/baobab/baobab_planks" } },
      { "threshold": 5190, "model": { "type": "model", "model": "custom/misc_blocks/wood/baobab/baobab_planks_carved" } },
      { "threshold": 5191, "model": { "type": "model", "model": "custom/misc_blocks/wood/baobab/vertical_baobab_planks" } },
      { "threshold": 5192, "model": { "type": "model", "model": "custom/misc_blocks/wood/baobab/stripped_baobab_log" } },
      { "threshold": 5193, "model": { "type": "model", "model": "custom/misc_blocks/lanterns/baobab_paper_lantern" } },
      { "threshold": 5204, "model": { "type": "model", "model": "custom/misc_blocks/wood/crimson/crimson_planks_carved" } },
      { "threshold": 5205, "model": { "type": "model", "model": "custom/misc_blocks/wood/crimson/vertical_crimson_planks" } },
      { "threshold": 5206, "model": { "type": "model", "model": "custom/misc_blocks/wood/warped/warped_planks_carved" } },
      { "threshold": 5207, "model": { "type": "model", "model": "custom/misc_blocks/wood/warped/vertical_warped_planks" } },
      { "threshold": 5229, "model": { "type": "model", "model": "custom/misc_blocks/wood/palm/palm_log" } },
      { "threshold": 5230, "model": { "type": "model", "model": "custom/misc_blocks/wood/palm/palm_planks" } },
      { "threshold": 5231, "model": { "type": "model", "model": "custom/misc_blocks/wood/palm/palm_planks_carved" } },
      { "threshold": 5232, "model": { "type": "model", "model": "custom/misc_blocks/wood/palm/vertical_palm_planks" } },
      { "threshold": 5233, "model": { "type": "model", "model": "custom/misc_blocks/wood/palm/stripped_palm_log" } },
      { "threshold": 5234, "model": { "type": "model", "model": "custom/misc_blocks/lanterns/palm_paper_lantern" } },
      { "threshold": 5242, "model": { "type": "model", "model": "custom/misc_blocks/mushroom/mycena_mushroom_block" } },
      { "threshold": 5243, "model": { "type": "model", "model": "custom/misc_blocks/mushroom/mycena_mushroom_stem" } },
      { "threshold": 5258, "model": { "type": "model", "model": "custom/misc_blocks/wood/fir/fir_log" } },
      { "threshold": 5259, "model": { "type": "model", "model": "custom/misc_blocks/wood/fir/fir_planks" } },
      { "threshold": 5260, "model": { "type": "model", "model": "custom/misc_blocks/wood/fir/fir_planks_carved" } },
      { "threshold": 5261, "model": { "type": "model", "model": "custom/misc_blocks/wood/fir/vertical_fir_planks" } },
      { "threshold": 5262, "model": { "type": "model", "model": "custom/misc_blocks/wood/fir/stripped_fir_log" } },
      { "threshold": 5263, "model": { "type": "model", "model": "custom/misc_blocks/lanterns/fir_paper_lantern" } },
      { "threshold": 5266, "model": { "type": "model", "model": "custom/misc_blocks/wood/maple/maple_log" } },
      { "threshold": 5267, "model": { "type": "model", "model": "custom/misc_blocks/wood/maple/maple_planks" } },
      { "threshold": 5268, "model": { "type": "model", "model": "custom/misc_blocks/wood/maple/maple_planks_carved" } },
      { "threshold": 5269, "model": { "type": "model", "model": "custom/misc_blocks/wood/maple/vertical_maple_planks" } },
      { "threshold": 5270, "model": { "type": "model", "model": "custom/misc_blocks/wood/maple/stripped_maple_log" } },
      { "threshold": 5271, "model": { "type": "model", "model": "custom/misc_blocks/lanterns/maple_paper_lantern" } },
      { "threshold": 5280, "model": { "type": "model", "model": "custom/misc_blocks/wood/wisteria/wisteria_log" } },
      { "threshold": 5281, "model": { "type": "model", "model": "custom/misc_blocks/wood/wisteria/wisteria_planks" } },
      { "threshold": 5282, "model": { "type": "model", "model": "custom/misc_blocks/wood/wisteria/wisteria_planks_carved" } },
      { "threshold": 5283, "model": { "type": "model", "model": "custom/misc_blocks/wood/wisteria/vertical_wisteria_planks" } },
      { "threshold": 5284, "model": { "type": "model", "model": "custom/misc_blocks/wood/wisteria/stripped_wisteria_log" } },
      { "threshold": 5285, "model": { "type": "model", "model": "custom/misc_blocks/lanterns/wisteria_paper_lantern" } },
      { "threshold": 5293, "model": { "type": "model", "model": "custom/misc_blocks/wood/bayou/vertical_bayou_planks" } },
      { "threshold": 5294, "model": { "type": "model", "model": "custom/misc_blocks/wood/bayou/bayou_planks_carved" } },
      { "threshold": 5295, "model": { "type": "model", "model": "custom/misc_blocks/lanterns/bayou_paper_lantern" } },
      { "threshold": 5296, "model": { "type": "model", "model": "custom/misc_blocks/lanterns/bayou_paper_lantern_1" } },
      { "threshold": 5297, "model": { "type": "model", "model": "custom/misc_blocks/lanterns/bayou_paper_lantern_1" } },
      { "threshold": 5298, "model": { "type": "model", "model": "custom/misc_blocks/earth/chiseled_mud_bricks" } },
      { "threshold": 5299, "model": { "type": "model", "model": "custom/misc_blocks/earth/polished_mud" } },
      { "threshold": 5300, "model": { "type": "model", "model": "custom/misc_blocks/lanterns/mangrove_paper_lantern" } },
      { "threshold": 5301, "model": { "type": "model", "model": "custom/misc_blocks/wood/mangrove/vertical_mangrove_planks" } },
      { "threshold": 5302, "model": { "type": "model", "model": "custom/misc_blocks/wood/mangrove/mangrove_planks_carved" } },
      { "threshold": 5303, "model": { "type": "model", "model": "custom/misc_blocks/earth/polished_silt" } },
      { "threshold": 5333, "model": { "type": "model", "model": "custom/misc_blocks/lanterns/bleak_paper_lantern" } },
      { "threshold": 5335, "model": { "type": "model", "model": "custom/misc_blocks/wood/bleak/bleak_log" } },
      { "threshold": 5336, "model": { "type": "model", "model": "custom/misc_blocks/wood/bleak/bleak_planks" } },
      { "threshold": 5337, "model": { "type": "model", "model": "custom/misc_blocks/wood/bleak/bleak_planks_carved" } },
      { "threshold": 5338, "model": { "type": "model", "model": "custom/misc_blocks/wood/bleak/vertical_bleak_planks" } },
      { "threshold": 5339, "model": { "type": "model", "model": "custom/misc_blocks/wood/bleak/stripped_bleak_log" } },
      { "threshold": 5355, "model": { "type": "model", "model": "custom/misc_blocks/wood/cherry/cherry_planks_carved" } },
      { "threshold": 5356, "model": { "type": "model", "model": "custom/misc_blocks/wood/cherry/vertical_cherry_planks" } },
      { "threshold": 5357, "model": { "type": "model", "model": "custom/misc_blocks/lanterns/cherry_paper_lantern" } },
      { "threshold": 5358, "model": { "type": "model", "model": "custom/misc_blocks/lanterns/bamboo_paper_lantern" } },
      { "threshold": 5376, "model": { "type": "model", "model": "custom/misc_blocks/lanterns/crimson_blighted_shroom_lantern" } },
      { "threshold": 5378, "model": { "type": "model", "model": "custom/misc_blocks/lanterns/warped_blighted_shroom_lantern" } },
      { "threshold": 5405, "model": { "type": "model", "model": "custom/aether/natural/skyroot/skyroot_log" } },
      { "threshold": 5406, "model": { "type": "model", "model": "custom/aether/natural/golden_skyroot/golden_skyroot_log" } },
      { "threshold": 5407, "model": { "type": "model", "model": "custom/aether/natural/skyroot/skyroot_planks" } },
      { "threshold": 5408, "model": { "type": "model", "model": "custom/aether/natural/skyroot/vertical_skyroot_planks" } },
      { "threshold": 5409, "model": { "type": "model", "model": "custom/aether/natural/skyroot/skyroot_planks_carved" } },
      { "threshold": 5410, "model": { "type": "model", "model": "custom/aether/natural/skyroot/stripped_skyroot_log" } },
      { "threshold": 5411, "model": { "type": "model", "model": "custom/aether/natural/skyroot/skyroot_paper_lantern" } },
      { "threshold": 5412, "model": { "type": "model", "model": "custom/aether/natural/golden_skyroot/stripped_golden_skyroot_log" } },
      { "threshold": 6686, "model": { "type": "model", "model": "custom/misc_items/twig" } },
      { "threshold": 6687, "model": { "type": "model", "model": "custom/misc_items/twig_1" } },
      { "threshold": 6688, "model": { "type": "model", "model": "custom/misc_items/twig_2" } },
      { "threshold": 6689, "model": { "type": "model", "model": "custom/misc_items/twig_3" } }
    ],
    "fallback": { "type": "model", "model": "item/stick" }
  }
}