{
  "model": {
    "type": "range_dispatch",
    "property": "custom_model_data",
    "entries": [
      { "threshold": 1, "model": { "type": "model", "model": "custom/minerals/platinum/platinum_shovel" } },
      { "threshold": 2, "model": { "type": "model", "model": "custom/custom_gear/shadow_gear/shadow_shovel" } },
      { "threshold": 3, "model": { "type": "model", "model": "custom/custom_gear/broken_gear/broken_shovel" } },
      { "threshold": 4, "model": { "type": "model", "model": "custom/custom_gear/toxic_gear/toxic_shovel" } },
      { "threshold": 5, "model": { "type": "model", "model": "custom/custom_gear/heart_gear/heart_shovel" } },
      { "threshold": 6, "model": { "type": "model", "model": "custom/custom_gear/clover_gear/clover_shovel" } },
      { "threshold": 7, "model": { "type": "model", "model": "custom/custom_gear/easter_gear/easter_shovel" } },
      { "threshold": 8, "model": { "type": "model", "model": "custom/custom_gear/summer_gear/shell_shovel" } },
      { "threshold": 9, "model": { "type": "model", "model": "custom/custom_gear/legendary_gear/legendary_shovel" } },
      { "threshold": 10, "model": { "type": "model", "model": "custom/custom_gear/spooky_gear/spooky_shovel" } },
      { "threshold": 11, "model": { "type": "model", "model": "custom/custom_gear/festive_gear/festive_shovel" } },
      { "threshold": 12, "model": { "type": "model", "model": "custom/custom_gear/lunar_gear/lunar_shovel" } },
      { "threshold": 13, "model": { "type": "model", "model": "custom/custom_gear/floral_gear/floral_shovel" } },
      { "threshold": 21, "model": { "type": "model", "model": "custom/custom_gear/pirate_gear/pirate_shovel" } },
      { "threshold": 24, "model": { "type": "model", "model": "custom/custom_gear/gothic_gear/gothic_shovel" } },
      { "threshold": 27, "model": { "type": "model", "model": "custom/custom_gear/maple_gear/maple_shovel" } },
      { "threshold": 29, "model": { "type": "model", "model": "custom/custom_gear/glacial_gear/glacial_shovel" } },
      { "threshold": 31, "model": { "type": "model", "model": "custom/custom_gear/jade_gear/jade_shovel" } },
      { "threshold": 32, "model": { "type": "model", "model": "custom/custom_gear/ivy_gear/ivy_shovel" } },
      { "threshold": 37, "model": { "type": "model", "model": "custom/custom_gear/muerte_gear/muerte_shovel" } },
      { "threshold": 38, "model": { "type": "model", "model": "custom/custom_gear/toy_gear/toy_shovel" } },
      { "threshold": 40, "model": { "type": "model", "model": "custom/custom_gear/blossom_gear/blossom_shovel" } },
      { "threshold": 41, "model": { "type": "model", "model": "custom/custom_gear/rose_gold_gear/rose_gold_shovel" } },
      { "threshold": 47, "model": { "type": "model", "model": "custom/custom_gear/shamrock_gear/shamrock_shovel" } },
      { "threshold": 49, "model": { "type": "model", "model": "custom/aether/gear/blitz_gear/blitz_shovel" } }
    ],
    "fallback": { "type": "model", "model": "item/stone_shovel" }
  }
}