{
  "model": {
    "type": "range_dispatch",
    "property": "custom_model_data",
    "entries": [
      { "threshold": 6084, "model": { "type": "model", "model": "custom/misc_items/totem_of_keeping" } },
      { "threshold": 11001, "model": { "type": "model", "model": "custom/custom_gear/shadow_gear/shadow_relic" } },
      { "threshold": 11002, "model": { "type": "model", "model": "custom/custom_gear/shadow_gear/shadow_cap" } },
      { "threshold": 11003, "model": { "type": "model", "model": "custom/custom_gear/broken_gear/broken_sword" } },
      { "threshold": 11004, "model": { "type": "model", "model": "custom/custom_gear/broken_gear/broken_pickaxe" } },
      { "threshold": 11005, "model": { "type": "model", "model": "custom/custom_gear/broken_gear/broken_shovel" } },
      { "threshold": 11006, "model": { "type": "model", "model": "custom/custom_gear/broken_gear/broken_axe" } },
      { "threshold": 11007, "model": { "type": "model", "model": "custom/custom_gear/broken_gear/broken_hoe" } },
      { "threshold": 11008, "model": { "type": "model", "model": "custom/custom_gear/broken_gear/broken_bow" } },
      { "threshold": 11009, "model": { "type": "model", "model": "custom/custom_gear/broken_gear/broken_fishing_rod" } },
      { "threshold": 11010, "model": { "type": "model", "model": "custom/custom_gear/broken_gear/broken_helmet" } },
      { "threshold": 11011, "model": { "type": "model", "model": "custom/custom_gear/broken_gear/broken_chestplate" } },
      { "threshold": 11012, "model": { "type": "model", "model": "custom/custom_gear/broken_gear/broken_leggings" } },
      { "threshold": 11013, "model": { "type": "model", "model": "custom/custom_gear/broken_gear/broken_boots" } },
      { "threshold": 11014, "model": { "type": "model", "model": "custom/custom_gear/broken_gear/broken_trident" } },
      { "threshold": 11015, "model": { "type": "model", "model": "custom/custom_gear/broken_gear/broken_shears" } },
      { "threshold": 11016, "model": { "type": "model", "model": "custom/custom_gear/broken_gear/broken_crossbow" } },
      { "threshold": 11017, "model": { "type": "model", "model": "custom/entities/life_light/life_heart" } },
      { "threshold": 11018, "model": { "type": "model", "model": "custom/dungeon/life_wisp/life_wisp_body_whole" } },
      { "threshold": 11019, "model": { "type": "model", "model": "custom/custom_gear/broken_gear/broken_spear" } },
      { "threshold": 11020, "model": { "type": "model", "model": "custom/custom_gear/broken_gear/broken_brush" } },
      { "threshold": 20000, "model": { "type": "model", "model": "item/paper" } }
    ],
    "fallback": { "type": "model", "model": "item/totem_of_undying" }
  }
}