{
  "model": {
    "type": "minecraft:select",
    "property": "minecraft:display_context",
    "cases": [
      {
        "model": {
          "type": "minecraft:model",
          "model": "minecraft:item/trident"
        },
        "when": [
          "gui",
          "ground",
          "fixed"
        ]
      }
    ],
    "fallback": {
      "type": "minecraft:condition",
      "property": "minecraft:using_item",
      "on_true": {
        "type": "minecraft:special",
        "base": "minecraft:item/trident_throwing",
        "model": {
          "type": "minecraft:trident"
        }
      },
      "on_false": {
        "type": "range_dispatch",
        "property": "custom_model_data",
        "entries": [
          { "threshold": 1, "model": { "type": "model", "model": "custom/misc_items/degenerate_trident" } }
        ],
        "fallback": {
          "type": "minecraft:special",
          "base": "minecraft:item/trident_in_hand",
          "model": {
            "type": "minecraft:trident"
          }
        }
      }
    }
  }
}