{
  "model": {
    "type": "range_dispatch",
    "property": "custom_model_data",
    "entries": [
      { "threshold": 1, "model": { "type": "model", "model": "custom/minerals/platinum/platinum_hoe" } },
      { "threshold": 2, "model": { "type": "model", "model": "custom/custom_gear/shadow_gear/shadow_hoe" } },
      { "threshold": 3, "model": { "type": "model", "model": "custom/custom_gear/broken_gear/broken_hoe" } },
      { "threshold": 4, "model": { "type": "model", "model": "custom/custom_gear/toxic_gear/toxic_hoe" } },
      { "threshold": 5, "model": { "type": "model", "model": "custom/custom_gear/heart_gear/heart_hoe" } },
      { "threshold": 6, "model": { "type": "model", "model": "custom/custom_gear/clover_gear/clover_hoe" } },
      { "threshold": 7, "model": { "type": "model", "model": "custom/custom_gear/easter_gear/easter_hoe" } },
      { "threshold": 8, "model": { "type": "model", "model": "custom/custom_gear/summer_gear/shell_hoe" } },
      { "threshold": 9, "model": { "type": "model", "model": "custom/custom_gear/legendary_gear/legendary_hoe" } },
      { "threshold": 10, "model": { "type": "model", "model": "custom/custom_gear/spooky_gear/spooky_hoe" } },
      { "threshold": 11, "model": { "type": "model", "model": "custom/custom_gear/festive_gear/festive_hoe" } },
      { "threshold": 12, "model": { "type": "model", "model": "custom/custom_gear/lunar_gear/lunar_hoe" } },
      { "threshold": 13, "model": { "type": "model", "model": "custom/custom_gear/floral_gear/floral_hoe" } },
      { "threshold": 21, "model": { "type": "model", "model": "custom/custom_gear/pirate_gear/pirate_hoe" } },
      { "threshold": 24, "model": { "type": "model", "model": "custom/custom_gear/gothic_gear/gothic_hoe" } },
      { "threshold": 27, "model": { "type": "model", "model": "custom/custom_gear/maple_gear/maple_hoe" } },
      { "threshold": 29, "model": { "type": "model", "model": "custom/custom_gear/glacial_gear/glacial_hoe" } },
      { "threshold": 30, "model": { "type": "model", "model": "custom/custom_gear/artifact/desert/sickle" } },
      { "threshold": 31, "model": { "type": "model", "model": "custom/custom_gear/jade_gear/jade_hoe" } },
      { "threshold": 32, "model": { "type": "model", "model": "custom/custom_gear/ivy_gear/ivy_hoe" } },
      { "threshold": 37, "model": { "type": "model", "model": "custom/custom_gear/muerte_gear/muerte_hoe" } },
      { "threshold": 38, "model": { "type": "model", "model": "custom/custom_gear/toy_gear/toy_hoe" } },
      { "threshold": 40, "model": { "type": "model", "model": "custom/custom_gear/blossom_gear/blossom_hoe" } },
      { "threshold": 41, "model": { "type": "model", "model": "custom/custom_gear/rose_gold_gear/rose_gold_hoe" } },
      { "threshold": 47, "model": { "type": "model", "model": "custom/custom_gear/shamrock_gear/shamrock_hoe" } },
      { "threshold": 49, "model": { "type": "model", "model": "custom/aether/gear/blitz_gear/blitz_hoe" } }
    ],
    "fallback": { "type": "model", "model": "item/wooden_hoe" }
  }
}