{
  "model": {
    "type": "range_dispatch",
    "property": "custom_model_data",
    "entries": [
      { "threshold": 1, "model": { "type": "model", "model": "custom/minerals/platinum/platinum_pickaxe" } },
      { "threshold": 2, "model": { "type": "model", "model": "custom/custom_gear/shadow_gear/shadow_pickaxe" } },
      { "threshold": 3, "model": { "type": "model", "model": "custom/custom_gear/broken_gear/broken_pickaxe" } },
      { "threshold": 4, "model": { "type": "model", "model": "custom/custom_gear/toxic_gear/toxic_pickaxe" } },
      { "threshold": 5, "model": { "type": "model", "model": "custom/custom_gear/heart_gear/heart_pickaxe" } },
      { "threshold": 6, "model": { "type": "model", "model": "custom/custom_gear/clover_gear/clover_pickaxe" } },
      { "threshold": 7, "model": { "type": "model", "model": "custom/custom_gear/easter_gear/easter_pickaxe" } },
      { "threshold": 8, "model": { "type": "model", "model": "custom/custom_gear/summer_gear/shell_pickaxe" } },
      { "threshold": 9, "model": { "type": "model", "model": "custom/custom_gear/legendary_gear/legendary_pickaxe" } },
      { "threshold": 10, "model": { "type": "model", "model": "custom/custom_gear/spooky_gear/spooky_pickaxe" } },
      { "threshold": 11, "model": { "type": "model", "model": "custom/custom_gear/festive_gear/festive_pickaxe" } },
      { "threshold": 12, "model": { "type": "model", "model": "custom/custom_gear/lunar_gear/lunar_pickaxe" } },
      { "threshold": 13, "model": { "type": "model", "model": "custom/custom_gear/floral_gear/floral_pickaxe" } },
      { "threshold": 14, "model": { "type": "model", "model": "custom/custom_gear/ancient_pickaxe" } },
      { "threshold": 21, "model": { "type": "model", "model": "custom/custom_gear/pirate_gear/pirate_pickaxe" } },
      { "threshold": 22, "model": { "type": "model", "model": "custom/custom_gear/artifact/silent/silent_pickaxe" } },
      { "threshold": 23, "model": { "type": "model", "model": "custom/custom_gear/space_drill" } },
      { "threshold": 24, "model": { "type": "model", "model": "custom/custom_gear/gothic_gear/gothic_pickaxe" } },
      { "threshold": 27, "model": { "type": "model", "model": "custom/custom_gear/maple_gear/maple_pickaxe" } },
      { "threshold": 29, "model": { "type": "model", "model": "custom/custom_gear/glacial_gear/glacial_pickaxe" } },
      { "threshold": 31, "model": { "type": "model", "model": "custom/custom_gear/jade_gear/jade_pickaxe" } },
      { "threshold": 32, "model": { "type": "model", "model": "custom/custom_gear/ivy_gear/ivy_pickaxe" } },
      { "threshold": 34, "model": { "type": "model", "model": "custom/custom_gear/atlantean_gear/atlantean_pickaxe" } },
      { "threshold": 37, "model": { "type": "model", "model": "custom/custom_gear/muerte_gear/muerte_pickaxe" } },
      { "threshold": 38, "model": { "type": "model", "model": "custom/custom_gear/toy_gear/toy_pickaxe" } },
      { "threshold": 40, "model": { "type": "model", "model": "custom/custom_gear/blossom_gear/blossom_pickaxe" } },
      { "threshold": 41, "model": { "type": "model", "model": "custom/custom_gear/rose_gold_gear/rose_gold_pickaxe" } },
      { "threshold": 47, "model": { "type": "model", "model": "custom/custom_gear/shamrock_gear/shamrock_pickaxe" } },
      { "threshold": 49, "model": { "type": "model", "model": "custom/aether/gear/blitz_gear/blitz_pickaxe" } }
    ],
    "fallback": { "type": "model", "model": "item/wooden_pickaxe" }
  }
}